id_producto,nombre,ingrediente,categoria,subcategoria,estructura,tipo,promocion,tag,descripcion,img_normal,img_wide,img_promo,primer_complejo_visto
22231,Mordisko® Oreo®,,Helados,,simple,sellable,normal,,Sándwich de helado Mordisko® sabor Oreo®.,https://cinepolis.com/redesign/MX/menus/tradicional/mordisko_oreo_small.png,https://cinepolis.com/redesign/MX/menus/tradicional/modrisko_oreo_wide.png,https://cinepolis.com/redesign/MX/menus/tradicional/mordisko_oreo_promotional.png,cinepolis-acaya-coatzacoalcos
28359,Maxicombo Personalizado P/Llevar,,Para Compartir,,combo,sellable,normal,,Maxicombo personalizado p/llevar,https://cinepolis.com/redesign/MX/menus/tradicional/generic.png,https://cinepolis.com/redesign/MX/menus/tradicional/arma-tu-combo-para-llevar-wide.png,https://cinepolis.com/redesign/MX/menus/tradicional/arma-tu-combo-para-llevar-promotional.png,cinepolis-acaya-coatzacoalcos
14511,Combo Ciel®,,Combos,,combo,sellable,normal,,1 palomitas para llevar (285 gr) y 2 aguas Ciel® de 1 L.,https://cinepolis.com/redesign/MX/menus/tradicional/combo_ciel_small.png,https://cinepolis.com/redesign/MX/menus/tradicional/combo_ciel_wide.png,https://cinepolis.com/redesign/MX/menus/tradicional/combo_ciel_promotional.jpg,cinepolis-acaya-coatzacoalcos
25485,Aritos Enchilados Cinépolis,,Dulces y Chocolates,,simple,sellable,normal,Nuevo,"Deliciosas gomitas en forma de aritos sabor durazno, manzana y sandía enchiladas, 150 g.",https://cinepolis.com/redesign/MX/menus/tradicional/aritos_enchilados_small.png,https://cinepolis.com/redesign/MX/menus/tradicional/aritos_enchilados_wide.png,https://cinepolis.com/redesign/MX/menus/tradicional/aritos_enchilados_promotional.png,cinepolis-acaya-coatzacoalcos
28247,Vaso Promocional 2D Goat Con Bebida,,Promocionales,,compound,sellable,normal,,Vaso promocional 2d goat con bebida,https://cinepolis.com/redesign/MX/menus/tradicional/generic.png,https://cinepolis.com/redesign/MX/menus/tradicional/Goat_wide.png,https://cinepolis.com/redesign/MX/menus/tradicional/Goat_promo.png,cinepolis-acaya-coatzacoalcos
17340,Lifesavers®,,Dulces y Chocolates,,simple,sellable,normal,,"Gomitas sabor moras salvajes, 198 g.",https://cinepolis.com/redesign/MX/menus/tradicional/lifesavers_small.png,https://cinepolis.com/redesign/MX/menus/tradicional/lifesavers_wide.png,https://cinepolis.com/redesign/MX/menus/tradicional/lifesavers_promotional.png,cinepolis-acaya-coatzacoalcos
27419,Hot Dog Takis,Hot Dog,Snacks,,compound,sellable,normal,Nuevo,"La combinación perfecta! Hot dog con salchicha Óscar Mayer, cubierto con queso cheddar y Takis Fuego troceados.",https://cinepolis.com/redesign/MX/menus/tradicional/hot_dog_takis_small.png,https://cinepolis.com/redesign/MX/menus/tradicional/hot_dog_takis_wide.png,https://cinepolis.com/redesign/MX/menus/tradicional/hot_dog_takis_promotional.png,cinepolis-acaya-coatzacoalcos
6241,Skittles®,,Dulces y Chocolates,,simple,sellable,normal,,"Dulces suaves confitados de diferentes sabores frutales como: fresa, limón, uva, naranja y manzana verde, 54.4 g.",https://cinepolis.com/redesign/MX/menus/tradicional/skittles_chicos_small.png,https://cinepolis.com/redesign/MX/menus/tradicional/skittles_chicos_wide.png,https://cinepolis.com/redesign/MX/menus/tradicional/skittles_chicos_promotional.png,cinepolis-acaya-coatzacoalcos
19654,Milky Way®,,Dulces y Chocolates,,simple,sellable,normal,,"Disfruta de un chocolate relleno de caramelo y nougat, 48 g.",https://cinepolis.com/redesign/MX/menus/tradicional/milkyway_small.png,https://cinepolis.com/redesign/MX/menus/tradicional/milkyway_wide.png,https://cinepolis.com/redesign/MX/menus/tradicional/milkyway_promotional.png,cinepolis-acaya-coatzacoalcos
14394,Combo Cornetto®,,Combos,,combo,sellable,normal,,"1 palomitas para llevar (285 gr), 1 refresco jumbo (1.2 ltr) y 1 helado Cornetto®.",https://cinepolis.com/redesign/MX/menus/tradicional/combo_cornetto_small.png,https://cinepolis.com/redesign/MX/menus/tradicional/combo_cornetto_wide.png,https://cinepolis.com/redesign/MX/menus/tradicional/combo_cornetto_promotional.png,cinepolis-acaya-coatzacoalcos
27323,Skwinkles® Chunks sandia,,Dulces y Chocolates,,simple,sellable,normal,Nuevo,"Dulce enchilado en tiras sabor sandia con relleno sabor chamoy, 130 g.",https://cinepolis.com/redesign/MX/menus/tradicional/skwinkles_chunks_sandia_small.png,https://cinepolis.com/redesign/MX/menus/tradicional/skwinkles_chunks_sandia_wide.png,https://cinepolis.com/redesign/MX/menus/tradicional/skwinkles_chunks_sandia_promotional.png,cinepolis-acaya-coatzacoalcos
1783,Magnum®.,Classic,Helados,,compound,sellable,normal,,"Paleta helada con relleno cremoso sabor vainilla y cobertura de chocolate que puede incluir almendras, 72.1 g.",https://cinepolis.com/redesign/MX/menus/tradicional/magnum_clasica_small.png,https://cinepolis.com/redesign/MX/menus/tradicional/magnum_clasica_wide.png,https://cinepolis.com/redesign/MX/menus/tradicional/magnum_clasica_promotional.png,cinepolis-acaya-coatzacoalcos
28356,Combo Personalizado,,Combos,,combo,sellable,normal,,Combo personalizado palomitas jumbo,https://cinepolis.com/redesign/MX/menus/tradicional/generic.png,https://cinepolis.com/redesign/MX/menus/tradicional/combo-personalizado-trad-wide.jpg,https://cinepolis.com/redesign/MX/menus/tradicional/combo-personalizado-trad-promotional.jpg,cinepolis-acaya-coatzacoalcos
14244,Combo Nachos,,Combos,,combo,sellable,normal,,"1 palomitas para llevar (285 gr), 1 refresco jumbo (1.2 ltr), y 1 nachos clásicos chicos (120 gr).",https://cinepolis.com/redesign/MX/menus/tradicional/combo_nachos_small.png,https://cinepolis.com/redesign/MX/menus/tradicional/combo_nachos_wide.png,https://cinepolis.com/redesign/MX/menus/tradicional/combo_nachos_promotional.png,cinepolis-acaya-coatzacoalcos
25486,Ositos Enchilados Cinépolis,,Dulces y Chocolates,,simple,sellable,normal,Nuevo,"Deliciosas gomitas en forma de ositos y gotita enchiladas, 150 g.",https://cinepolis.com/redesign/MX/menus/tradicional/ositos_enchilados_small.png,https://cinepolis.com/redesign/MX/menus/tradicional/ositos_enchilados_wide.png,https://cinepolis.com/redesign/MX/menus/tradicional/ositos_enchilados_promotional.png,cinepolis-acaya-coatzacoalcos
28823,Maxicombo 3x3,,Promociones,,combo,sellable,normal,EmocionEs 2026,3 palomitas medianas sabor mantequilla y 3 refrescos medianos (591 ml). Válido del 4 de junio al 2 de septiembre de 2026. Sujeto a disponibilidad. No aplica en Cinépolis VIP® ni en conjuntos no participantes. No acumulable con otras promociones. Cambios o extras tienen costo adicional.,https://cinepolis.com/redesign/MX/menus/tradicional/maxi_combo_m&m_small.png,https://cinepolis.com/redesign/MX/menus/tradicional/maxicombo-emociones-2026-wide.png,https://cinepolis.com/redesign/MX/menus/tradicional/maxicombo-emociones-2026-promotional.png,cinepolis-acaya-coatzacoalcos
25160,Maxicombo Familiar Para LLevar,,Para Compartir,,combo,sellable,normal,,"3 refrescos tamaño jumbo (1.2 L), 2 palomitas sabor mantequilla tamaño para llevar y 1 chocolates M&M’S® sabor cacahuate.",https://cinepolis.com/redesign/MX/menus/tradicional/maxi_combo_familiar_jm_small.png,https://cinepolis.com/redesign/MX/menus/tradicional/MAXICOMBO FAMILIAR_LLEVAR_WIDE.png,https://cinepolis.com/redesign/MX/menus/tradicional/MAXICOMBO FAMILIAR_LLEVAR_PROMO.png,cinepolis-acaya-coatzacoalcos
28186,Cubeta Promocional Bob Esponja,Vaso,Promocionales,,simple,sellable,normal,,Cubeta Promocional Bob Esponja,https://cinepolis.com/redesign/MX/menus/tradicional/small_Wicked.png,https://cinepolis.com/redesign/MX/menus/tradicional/Cubeta_Promocional_Bob Esponja_wide.png,https://cinepolis.com/redesign/MX/menus/tradicional/Cubeta_Promocional_Bob Esponja_promo.png,cinepolis-acaya-coatzacoalcos
17504,Combo ICEE® con Skwinkles®,,Combos,,combo,sellable,normal,,"Dos ICEE® del sabor de tu preferencia, unas palomitas sabor mantequilla y unos Skwinkles Salsaghetti®.",https://cinepolis.com/redesign/MX/menus/tradicional/combo_icee_small.png,https://cinepolis.com/redesign/MX/menus/tradicional/combo_icee_wide.png,https://cinepolis.com/redesign/MX/menus/tradicional/combo_icee_promotional.png,cinepolis-acaya-coatzacoalcos
15766,Maxicombo Nachos,,Para Compartir,,combo,sellable,normal,,"1 palomitas para llevar (285 gr), 2 refrescos jumbo (1.2 ltr) y 2 nachos clásicos chicos (120 gr).",https://cinepolis.com/redesign/MX/menus/tradicional/maxi_combo_nachos_small.png,https://cinepolis.com/redesign/MX/menus/tradicional/maxi_combo_nachos_wide.png,https://cinepolis.com/redesign/MX/menus/tradicional/maxi_combo_nachos_promotional.png,cinepolis-acaya-coatzacoalcos
17685,Maxicombo M&M's® Jumbo,,Para Compartir,,combo,sellable,normal,,"2 refrescos jumbo (1.2 ltr), 2 palomitas jumbo y 1 M&M's® Pouch.",https://cinepolis.com/redesign/MX/menus/tradicional/maxi_combo_m&m_small.png,https://cinepolis.com/redesign/MX/menus/tradicional/Maxicombo_m&m_jumbo_wide.png,https://cinepolis.com/redesign/MX/menus/tradicional/Maxicombo_m&m_jumbo_promotional.png,cinepolis-acaya-coatzacoalcos
15767,Maxicombo Nachos Grandes,,Para Compartir,,combo,sellable,normal,,"1 palomitas para llevar (285 gr), 2 refrescos jumbo (1.2 ltr) y 2 nachos clásicos grandes.",https://cinepolis.com/redesign/MX/menus/tradicional/maxi_combo_nachos_small.png,https://cinepolis.com/redesign/MX/menus/tradicional/maxi_combo_nachos_wide.png,https://cinepolis.com/redesign/MX/menus/tradicional/maxi_combo_nachos_promotional.png,cinepolis-acaya-coatzacoalcos
14575,Agua Embotellada,1 L,Clásicos,,compound,sellable,normal,,Agua Embotellada,https://cinepolis.com/redesign/MX/menus/tradicional/agua_small.png,https://cinepolis.com/redesign/MX/menus/tradicional/agua_wide.png,https://cinepolis.com/redesign/MX/menus/tradicional/agua_promotional.png,cinepolis-acaya-coatzacoalcos
28358,Maxicombo Personalizado Jumbo,,Para Compartir,,combo,sellable,normal,,Maxicombo personalizado palomitas jumbo,https://cinepolis.com/redesign/MX/menus/tradicional/generic.png,https://cinepolis.com/redesign/MX/menus/tradicional/armatu-maxicombo-wide.png,https://cinepolis.com/redesign/MX/menus/tradicional/armatu-maxicombo-promotional.png,cinepolis-acaya-coatzacoalcos
17507,Maxicombo M&M's® Para Lllevar,,Para Compartir,,combo,sellable,normal,,"2 refrescos jumbo (1.2 ltr), 2 palomitas para llevar (285 gr) y 1 M&M's® Pouch.",https://cinepolis.com/redesign/MX/menus/tradicional/maxi_combo_m&m_small.png,https://cinepolis.com/redesign/MX/menus/tradicional/maxi_combo_m&m_wide.png,https://cinepolis.com/redesign/MX/menus/tradicional/maxi_combo_m&m_promotional.png,cinepolis-acaya-coatzacoalcos
16496,M&M's®,M&M's®,Dulces y Chocolates,,compound,sellable,normal,,"Chocolate con leche confitados, 44.3 g.",https://cinepolis.com/redesign/MX/menus/tradicional/m&m_chicos_small.png,https://cinepolis.com/redesign/MX/menus/tradicional/m&m_chicos_wide.png,https://cinepolis.com/redesign/MX/menus/tradicional/m&m_chicos_promotional.png,cinepolis-acaya-coatzacoalcos
18446,Palomitas,Jumbo,Clásicos,,compound,sellable,normal,,Deliciosas palomitas recién hechas en canasta.,https://cinepolis.com/redesign/MX/menus/tradicional/palomitas_jumbo_small.png,https://cinepolis.com/redesign/MX/menus/tradicional/palomitas_jumbo_wide.png,https://cinepolis.com/redesign/MX/menus/tradicional/palomitas_jumbo_promotional.png,cinepolis-acaya-coatzacoalcos
224,Pon Pons®,,Dulces y Chocolates,,simple,sellable,normal,,Chicloso cubierto con chocolate amargo.,https://cinepolis.com/redesign/MX/menus/tradicional/ponpons_small.png,https://cinepolis.com/redesign/MX/menus/tradicional/ponpons_wide.png,https://cinepolis.com/redesign/MX/menus/tradicional/ponpons_promotional.png,cinepolis-acaya-coatzacoalcos
15773,Maxicombo Mix,,Para Compartir,,combo,sellable,normal,,"1 palomitas para llevar (285 gr), 2 refrescos jumbo (1.2 ltr), 1 nachos clásicos chicos (120 grs) y 1 hot dog tradicional.",https://cinepolis.com/redesign/MX/menus/tradicional/maxi_combo_mix_small.png,https://cinepolis.com/redesign/MX/menus/tradicional/maxi_combo_mix_wide.png,https://cinepolis.com/redesign/MX/menus/tradicional/maxi_combo_mix_promotional.png,cinepolis-acaya-coatzacoalcos
17497,Combo Lifesavers®,,Combos,,combo,sellable,normal,,"2 refrescos jumbo (1.2 ltr), 1 palomitas para llevar (285 gr) y 1 Lifesavers®.",https://cinepolis.com/redesign/MX/menus/tradicional/combo_lifesavers_small.png,https://cinepolis.com/redesign/MX/menus/tradicional/combo_lifesavers_wide.png,https://cinepolis.com/redesign/MX/menus/tradicional/combo_lifesavers_promotional.png,cinepolis-acaya-coatzacoalcos
14212,Hot Dog Individual,Chico,Clásicos,,compound,sellable,normal,Favorito,"Delicioso Hot Dog Cinépolis, elaborado con salchicha Oscar Mayer®.",https://cinepolis.com/redesign/MX/menus/tradicional/hot_dog_small.png,https://cinepolis.com/redesign/MX/menus/tradicional/hot_dog_wide.png,https://cinepolis.com/redesign/MX/menus/tradicional/hot_dog_promotional.png,cinepolis-acaya-coatzacoalcos
28667,Palomera 3D Mortal Kombat 2 Con Palomitas,,Promocionales,,compound,sellable,normal,,Palomera 3d mortal kombat 2 con palomitas,https://cinepolis.com/redesign/MX/menus/tradicional/generic.png,https://cinepolis.com/redesign/MX/menus/tradicional/palomera_mortal_kombat_wide.png,https://cinepolis.com/redesign/MX/menus/tradicional/palomera_mortal_kombat_promotional.png,cinepolis-acaya-coatzacoalcos
28729,Combo Pareja Emociones,,Promociones,,combo,sellable,normal,EmocionEs 2026,Combo pareja emociones 2026,https://cinepolis.com/redesign/MX/menus/tradicional/generic.png,https://cinepolis.com/redesign/MX/menus/tradicional/combo-emociones-2026-wide.png,https://cinepolis.com/redesign/MX/menus/tradicional/combo-emociones-2026-promotional.png,cinepolis-acaya-coatzacoalcos
16454,Combo Micha,,Combos,,combo,sellable,normal,,"1 palomitas para llevar (285 gr), 2 refrescos jumbo (1.2 ltr) y 1 Helado Micha.",https://cinepolis.com/redesign/MX/menus/tradicional/combo_micha_small.png,https://cinepolis.com/redesign/MX/menus/tradicional/combo_micha_wide.png,https://cinepolis.com/redesign/MX/menus/tradicional/combo_micha_promotional.png,cinepolis-acaya-coatzacoalcos
27968,Vaso Tron con bebida,Vaso,Promocionales,,compound,sellable,normal,,Vaso Promocional 4 Tron con bebida.,https://cinepolis.com/redesign/MX/menus/tradicional/small_Wicked.png,https://cinepolis.com/redesign/MX/menus/tradicional/Promocional_Tron_2_wide.png,https://cinepolis.com/redesign/MX/menus/tradicional/Promocional_Tron_2_promotional.png,cinepolis-acaya-coatzacoalcos
16893,Combo M&M's® con Nachos,,Combos,,combo,sellable,normal,,"1 palomitas para llevar (285 gr), 1 refresco jumbo (1.2 ltr), 1 nachos clásicos chicos (120 gr) y 1 chocolate M&M's®.",https://cinepolis.com/redesign/MX/menus/tradicional/combo_mms_nachos_small.png,https://cinepolis.com/redesign/MX/menus/tradicional/combo_mms_nachos_wide.png,https://cinepolis.com/redesign/MX/menus/tradicional/combo_mms_nachos_promotional.png,cinepolis-acaya-coatzacoalcos
15757,Maxicombo Hot Dog,,Para Compartir,,combo,sellable,normal,,"1 palomitas para llevar (285 gr), 2 refrescos jumbo (1.2 ltr) y 2 hot dogs tradicionales.",https://cinepolis.com/redesign/MX/menus/tradicional/maxi_combo_hotdog_promotional.png,https://cinepolis.com/redesign/MX/menus/tradicional/maxi_combo_hotdog_wide.png,https://cinepolis.com/redesign/MX/menus/tradicional/maxi_combo_hotdog_small.png,cinepolis-acaya-coatzacoalcos
16468,Maxicombo Micha Mix,,Para Compartir,,combo,sellable,normal,,"1 palomitas para llevar (285 gr), 2 refrescos jumbo (1.2 ltr), 1 helado micha, 1 nachos clásicos chicos (120 gr) y 1 hot dog.",https://cinepolis.com/redesign/MX/menus/tradicional/maxi_combo_micha_mix_small.png,https://cinepolis.com/redesign/MX/menus/tradicional/maxi_combo_micha_mix_wide.png,https://cinepolis.com/redesign/MX/menus/tradicional/maxi_combo_micha_mix_promotional.png,cinepolis-acaya-coatzacoalcos
202,Hershey's® Cookies And Cream,,Dulces y Chocolates,,simple,sellable,normal,,Chocolate Hershey's®,https://cinepolis.com/redesign/MX/menus/atmosfera/hershey_small.png,https://cinepolis.com/redesign/MX/menus/atmosfera/hershey_wide.png,https://cinepolis.com/redesign/MX/menus/atmosfera/hershey_promotional.png,cinepolis-acaya-coatzacoalcos
28070,Vaso Promocional Wicked 3D,Vaso,Promocionales,,compound,sellable,normal,,Vaso Promocional Wicked 3D.,https://cinepolis.com/redesign/MX/menus/tradicional/small_Wicked.png,https://cinepolis.com/redesign/MX/menus/tradicional/wicked_vaso_ wide.png,https://cinepolis.com/redesign/MX/menus/tradicional/wicked_vaso_promotional.png,cinepolis-acaya-coatzacoalcos
14301,Combo Nachos en Pareja,,Combos,,combo,sellable,normal,,"1 palomitas para llevar (285 gr), 2 refrescos jumbo (1.2 ltr) y 1 nachos clásicos chicos (120 gr).",https://cinepolis.com/redesign/MX/menus/tradicional/combo_nachos_pareja_small.png,https://cinepolis.com/redesign/MX/menus/tradicional/combo_nachos_pareja_wide.png,https://cinepolis.com/redesign/MX/menus/tradicional/combo_nachos_pareja_promotional.png,cinepolis-acaya-coatzacoalcos
15746,Combo Clásico,,Combos,,combo,sellable,normal,,"1 palomitas para llevar (285 gr), 1 refresco jumbo (1.2 ltr) y 1 hot dog.",https://cinepolis.com/redesign/MX/menus/tradicional/combo_clasico_small.png,https://cinepolis.com/redesign/MX/menus/tradicional/combo_clasico_wide.png,https://cinepolis.com/redesign/MX/menus/tradicional/combo_clasico_promotional.png,cinepolis-acaya-coatzacoalcos
234,Snickers®,,Dulces y Chocolates,,simple,sellable,normal,,"Disfruta del exquisito sabor del chocolate con leche relleno de caramelo, cacahuate y nougat.",https://cinepolis.com/redesign/MX/menus/tradicional/snickers_small.png,https://cinepolis.com/redesign/MX/menus/tradicional/snickers_wide.png,https://cinepolis.com/redesign/MX/menus/tradicional/snickers_promotional.png,cinepolis-acaya-coatzacoalcos
23399,M&M's® Mega,M&M's®,Dulces y Chocolates,,compound,sellable,normal,,"Chocolate con leche confitados, 120 g.",https://cinepolis.com/redesign/MX/menus/tradicional/m&m_grandes_small.png,https://cinepolis.com/redesign/MX/menus/tradicional/m&m_grandes_wide.png,https://cinepolis.com/redesign/MX/menus/tradicional/m&m_grandes_promotional.png,cinepolis-acaya-coatzacoalcos
14175,Nachos,,Clásicos,,compound,sellable,normal,,Exquisitos nachos Clásicos/Doritos® acompañados de queso.,https://cinepolis.com/redesign/MX/menus/tradicional/nachos_small.png,https://cinepolis.com/redesign/MX/menus/tradicional/nachos-d-trad-wide.png,https://cinepolis.com/redesign/MX/menus/tradicional/nachos-d-trad-promotional.png,cinepolis-acaya-coatzacoalcos
23035,Combo Magnum®,,Combos,,combo,sellable,normal,,"1 refresco jumbo (1.2 ltr), 1 palomitas para llevar (285 gr) y 1 Magnum®.",https://cinepolis.com/redesign/MX/menus/tradicional/combo_magnum_small.png,https://cinepolis.com/redesign/MX/menus/tradicional/combo_magnum_wide.png,https://cinepolis.com/redesign/MX/menus/tradicional/combo_magnum_promotional.png,cinepolis-acaya-coatzacoalcos
25484,Aritos Ácidos Cinépolis,,Dulces y Chocolates,,simple,sellable,normal,Nuevo,"Deliciosas gomitas en forma de aritos sabor durazno, manzana y sandía aciditas, 150 g.",https://cinepolis.com/redesign/MX/menus/tradicional/aritos_acidos_small.png,https://cinepolis.com/redesign/MX/menus/tradicional/aritos_acidos_wide.png,https://cinepolis.com/redesign/MX/menus/tradicional/aritos_acidos_promotional.png,cinepolis-acaya-coatzacoalcos
13125,Skwinkles® Rellenos,,Dulces y Chocolates,,simple,sellable,normal,,"Dulce enchilado relleno sabor piña con tamarindo, 26 g.",https://cinepolis.com/redesign/MX/menus/tradicional/skwinkles_rellenos_small.png,https://cinepolis.com/redesign/MX/menus/tradicional/skwinkles_rellenos_wide.png,https://cinepolis.com/redesign/MX/menus/tradicional/skwinkles_rellenos_promotional.png,cinepolis-acaya-coatzacoalcos
18972,ICEE®,Grande,Clásicos,,compound,sellable,normal,,"Experimenta la explosión de sabor con ICEE®, la bebida refrescante que te llevará a un mundo de dulzura y frescura.",https://cinepolis.com/redesign/MX/menus/tradicional/icee_small.png,https://cinepolis.com/redesign/MX/menus/tradicional/icee-tajin-trad-wide.png,https://cinepolis.com/redesign/MX/menus/tradicional/icee-tajin-trad-promotional.png,cinepolis-acaya-coatzacoalcos
14089,Refresco,Jumbo,Clásicos,,compound,sellable,normal,Valle Frut,Descubre la refrescante colección de sabores en nuestra sección de Refrescos. Desde clásicos irresistibles hasta opciones bajas en calorías y personalización a tu medida.,https://cinepolis.com/redesign/MX/menus/tradicional/refrescos_small.png,https://cinepolis.com/redesign/MX/menus/tradicional/refrescos_wide.png,https://cinepolis.com/redesign/MX/menus/tradicional/refrescos_promotional.png,cinepolis-acaya-coatzacoalcos
14179,Combo Cuates,,Combos,,combo,sellable,normal,,1 palomitas para llevar (285 gr) y 2 refrescos jumbo (1.2 ltr).,https://cinepolis.com/redesign/MX/menus/tradicional/combo_cuates_small.png,https://cinepolis.com/redesign/MX/menus/tradicional/combo_cuates_wide.png,https://cinepolis.com/redesign/MX/menus/tradicional/combo_cuates_promotional.png,cinepolis-acaya-coatzacoalcos
21499,Skittles gomitas,,Dulces y Chocolates,,simple,sellable,normal,,Los Skittles que conoces ahora en gomitas.,https://cinepolis.com/redesign/MX/menus/tradicional/small_Skittles_gomitas.png,https://cinepolis.com/redesign/MX/menus/tradicional/wide_Skittles_gomitas.png,https://cinepolis.com/redesign/MX/menus/tradicional/promotional_Skittles_gomitas.png,cinepolis-acaya-coatzacoalcos
28605,Vaso Futbolero Apilable,Vaso,Promocionales,,simple,sellable,normal,,Existen 4 diseños disponibles para este artículo. El modelo entregado dependerá de la disponibilidad existente.,https://cinepolis.com/redesign/MX/menus/tradicional/small_Wicked.png,https://cinepolis.com/redesign/MX/menus/tradicional/vaso-mundial-coca-cola-wide.png,https://cinepolis.com/redesign/MX/menus/tradicional/vaso-mundial-coca-cola-promotional.png,cinepolis-acaya-coatzacoalcos
28690,Vaso 3D Masters Of The Universe,Vaso,Promocionales,,simple,sellable,normal,,Vaso 3D Masters Of The Universe,https://cinepolis.com/redesign/MX/menus/tradicional/generic.png,https://cinepolis.com/redesign/MX/menus/tradicional/Vaso-masteroftheuniverse-wide.png,https://cinepolis.com/redesign/MX/menus/tradicional/Vaso-masteroftheuniverse-promotional.png,cinepolis-acaya-coatzacoalcos
15972,Cornetto®,Chocollage,Helados,,compound,sellable,normal,,"Cono de helado hecho con galleta, helado de chocolate y chocolate blanco, 120 ml.",https://cinepolis.com/redesign/MX/menus/tradicional/cornetto_small.png,https://cinepolis.com/redesign/MX/menus/tradicional/cornetto_wide.png,https://cinepolis.com/redesign/MX/menus/tradicional/cornetto_promotional.png,cinepolis-acaya-coatzacoalcos
13126,Skwinkles® Salsagheti,,Dulces y Chocolates,,simple,sellable,normal,,"Dulce enchilado en tiras de sabor sandía con textura suave, 70 g.",https://cinepolis.com/redesign/MX/menus/tradicional/skwinkles_salsagheti_small.png,https://cinepolis.com/redesign/MX/menus/tradicional/skwinkles_salsagheti_wide.png,https://cinepolis.com/redesign/MX/menus/tradicional/skwinkles_salsagheti_promotional.png,cinepolis-acaya-coatzacoalcos
25237,Extra Guacamole,,Snacks,,simple,sellable,normal,,85 gr. de guacamole fresco: el complemento ideal para tus snacks favoritos.,https://cinepolis.com/redesign/MX/menus/tradicional/guacamole_small.png,https://cinepolis.com/redesign/MX/menus/tradicional/guacamole_wide.png,https://cinepolis.com/redesign/MX/menus/tradicional/guacamole_promotional.png,cinepolis-acaya-coatzacoalcos
15743,Vaso Granel,Grande 440 g.,Dulces y Chocolates,,compound,sellable,normal,,Cantidad aproximada de dulces.,https://cinepolis.com/redesign/MX/menus/tradicional/vaso_granel_grande_small.png,https://cinepolis.com/redesign/MX/menus/tradicional/vaso_granel_grande_wide.png,https://cinepolis.com/redesign/MX/menus/tradicional/vaso_granel_grande_promotional.png,cinepolis-acaya-coatzacoalcos
14160,Extra Queso,,Snacks,,simple,sellable,normal,,Extra Queso para Nachos.,https://cinepolis.com/redesign/MX/menus/tradicional/extra_queso_small.png,https://cinepolis.com/redesign/MX/menus/tradicional/extra_queso_wide.png,https://cinepolis.com/redesign/MX/menus/tradicional/extra_queso_promotional.png,cinepolis-acaya-coatzacoalcos
25186,Skwinkles® Chunks,,Dulces y Chocolates,,simple,sellable,normal,Nuevo,"Dulce enchilado en tiras sabor mango con relleno sabor tamarindo, 130 g.",https://cinepolis.com/redesign/MX/menus/tradicional/skwinkles_chunks_small.png,https://cinepolis.com/redesign/MX/menus/tradicional/skwinkles_chunks_wide.png,https://cinepolis.com/redesign/MX/menus/tradicional/skwinkles_chunks_promotional.png,cinepolis-acaya-coatzacoalcos
15670,Helado Micha,M&M®,Helados,,compound,sellable,normal,,"Delicioso helado Holanda® de distintos sabores como: Mordisko®, M&M's® y Oreo®, 473 ml.",https://cinepolis.com/redesign/MX/menus/tradicional/micha_small.png,https://cinepolis.com/redesign/MX/menus/tradicional/micha_wide.png,https://cinepolis.com/redesign/MX/menus/tradicional/micha_promotional.png,cinepolis-acaya-coatzacoalcos
14572,Papas Fritas,,Snacks,,compound,sellable,normal,,Deliciosas papas fritas en bolsa de 115 g.,https://cinepolis.com/redesign/MX/menus/tradicional/papas_fritas_small.png,https://cinepolis.com/redesign/MX/menus/tradicional/papas_fritas_wide.png,https://cinepolis.com/redesign/MX/menus/tradicional/papas_fritas_promotional.png,cinepolis-acaya-coatzacoalcos
17509,Combo Junior,,Combos,,combo,sellable,normal,,"2 refrescos medianos (591 ml), 1 lonchera palomitas mantequilla o mix y 1 skwinkles® salsagheti para compartir.",https://cinepolis.com/redesign/MX/menus/tradicional/combo_junior_small.png,https://cinepolis.com/redesign/MX/menus/tradicional/combo_junior_wide.png,https://cinepolis.com/redesign/MX/menus/tradicional/combo_junior_promotional.png,cinepolis-acaya-coatzacoalcos
28682,Palomera 2D Masters Of The Universe Con Palomitas,,Promocionales,,compound,sellable,normal,,Palomera 2d masters of the universe con palomitas,https://cinepolis.com/redesign/MX/menus/tradicional/generic.png,https://cinepolis.com/redesign/MX/menus/tradicional/Palomera-masteroftheuniverse-wide.png,https://cinepolis.com/redesign/MX/menus/tradicional/Palomera-masteroftheuniverse-promotional.png,cinepolis-acaya-coatzacoalcos
25159,Maxicombo Familiar Jumbo,,Para Compartir,,combo,sellable,normal,,"3 refrescos tamaño jumbo (1.2 L), 2 palomitas sabor mantequilla tamaño Jumbo y 1 chocolates M&M’S® sabor cacahuate.",https://cinepolis.com/redesign/MX/menus/tradicional/maxi_combo_familiar_jm_small.png,https://cinepolis.com/redesign/MX/menus/tradicional/MC_familiar_jumbo_wide.png,https://cinepolis.com/redesign/MX/menus/tradicional/MC_familiar_jumbo_promotional.png,cinepolis-acaya-coatzacoalcos
16896,Combo Snickers® con Hot Dog,,Combos,,combo,sellable,normal,,"1 palomitas para llevar (285 gr), 1 refresco jumbo (1.2 ltr), 1 hot dog y 1 Snickers®.",https://cinepolis.com/redesign/MX/menus/tradicional/combo_snickers_hotdog_small.png,https://cinepolis.com/redesign/MX/menus/tradicional/combo_snickers_hotdog_wide.png,https://cinepolis.com/redesign/MX/menus/tradicional/combo_snickers_hotdog_promotional.png,cinepolis-acaya-coatzacoalcos
13122,Skittles® Pouch,,Dulces y Chocolates,,simple,sellable,normal,Nuevo,"Dulces suaves confitados de diferentes sabores frutales como: fresa, limón, uva, naranja y manzana verde, 204.1 g.",https://cinepolis.com/redesign/MX/menus/tradicional/skkitles_pouch_small.png,https://cinepolis.com/redesign/MX/menus/tradicional/skkitles_pouch_wide.png,https://cinepolis.com/redesign/MX/menus/tradicional/skkitles_pouch_promotional.png,cinepolis-el-dorado-coatzacoalcos
17500,Combo Skittles®,,Combos,,combo,sellable,normal,,"1 palomitas para llevar (285 gr), 2 refrescos jumbo (1.2 ltr) y 1 Skittles®.",https://cinepolis.com/redesign/MX/menus/tradicional/combo_skittles_small.png,https://cinepolis.com/redesign/MX/menus/tradicional/combo_skittles_wide.png,https://cinepolis.com/redesign/MX/menus/tradicional/combo_skittles_promotional.png,cinepolis-el-dorado-coatzacoalcos
28504,Solero Paradise®,,Nuevos Lanzamientos,,simple,sellable,normal,,Paleta Helada sabor Vainilla con cobertura y veta de frutos rojos.,https://cinepolis.com/redesign/MX/menus/vip/brownie_oreo_small.png,https://cinepolis.com/redesign/MX/menus/tradicional/solero-trad-wide.jpg,https://cinepolis.com/redesign/MX/menus/tradicional/solero-trad-promotional.jpg,cinepolis-el-dorado-coatzacoalcos
15973,Helado Micha,M&M®,Helados,,compound,sellable,normal,,"Delicioso helado Holanda® de distintos sabores como: Mordisko®, M&M's® y Oreo®, 473 ml.",https://cinepolis.com/redesign/MX/menus/tradicional/micha_small.png,https://cinepolis.com/redesign/MX/menus/tradicional/micha_wide.png,https://cinepolis.com/redesign/MX/menus/tradicional/micha_promotional.png,cinepolis-el-dorado-coatzacoalcos
241,Pelón Pelonazo®,,Dulces y Chocolates,,simple,sellable,normal,,Pelón Pelonazo®.,https://cinepolis.com/redesign/MX/menus/tradicional/pelon_small.png,https://cinepolis.com/redesign/MX/menus/tradicional/pelon_wide.png,https://cinepolis.com/redesign/MX/menus/tradicional/pelon_promotional.png,cinepolis-el-dorado-coatzacoalcos
17818,Combo Nachos Refresco Jumbo Pal Jumbo,,Combos,,combo,sellable,normal,,Combo nachos refresco jumbo pal jumbo,https://cinepolis.com/redesign/MX/menus/tradicional/combo_nachos_small.png,https://cinepolis.com/redesign/MX/menus/tradicional/combo_nachos_wide.png,https://cinepolis.com/redesign/MX/menus/tradicional/combo_nachos_promotional.png,cinepolis-el-dorado-coatzacoalcos
17209,Kushiage Queso Manchego,,Sushi,,simple,sellable,normal,,4 piezas de brocheta empanizada estilo oriental.,https://cinepolis.com/redesign/MX/menus/vip/kushiages_macheho_small.png,https://cinepolis.com/redesign/MX/menus/vip/kushiages_macheho_wide.png,https://cinepolis.com/redesign/MX/menus/vip/kushiages_macheho_promotional.png,cinepolis-vip-el-dorado-veracruz
25679,Pink Lemonade,Grande,Bebidas frías,,compound,sellable,normal,,Bebida fría preparada con esencias Monin® sabor Fresa y Limón amarillo.,https://cinepolis.com/redesign/MX/menus/vip/pink_lemonade_small.png,https://cinepolis.com/redesign/MX/menus/vip/pink_lemonade_wide.png,https://cinepolis.com/redesign/MX/menus/vip/pink_lemonade_promotional.png,cinepolis-vip-el-dorado-veracruz
18585,Combo Bagui Individual  Promo,,Promociones,,combo,sellable,normal,Sólo en App y Web,"1 bagui a elegir, 1 refresco jumbo (1.2 ltr) y 1 palomitas grandes de mantequilla (155 gr). Promoción exclusiva en compras por app o web.",https://cinepolis.com/redesign/MX/menus/vip/combo_bagui_individual_small.png,https://cinepolis.com/redesign/MX/menus/vip/combo_bagui_individual_wide.png,https://cinepolis.com/redesign/MX/menus/vip/combo_bagui_individual_promotional.png,cinepolis-vip-el-dorado-veracruz
28768,Cocktail Mundialista,,Nuevos Lanzamientos,,simple,sellable,normal,,Crema de mezcal Especias Oaxaqueñas con un toque de crema de coco y canela.,https://cinepolis.com/redesign/MX/menus/vip/la_bru_iztaccihuatl_small.png,https://cinepolis.com/redesign/MX/menus/vip/cocktail-mundialista-wide.png,https://cinepolis.com/redesign/MX/menus/vip/cocktail-mundialista-promotional.png,cinepolis-vip-el-dorado-veracruz
27346,Bagui Pastor,Grandes,Baguis,,compound,sellable,normal,,"Bagui con carne pastor y queso a elegir, acompañado con papas twister.",https://cinepolis.com/redesign/MX/menus/vip/VIP_bagui_pastor_small.jpg,https://cinepolis.com/redesign/MX/menus/vip/VIP_bagui_pastor_wide.jpg,https://cinepolis.com/redesign/MX/menus/vip/VIP_bagui_pastor_promotional.jpg,cinepolis-vip-el-dorado-veracruz
14622,Espresso,Grande,Bebidas calientes,,compound,sellable,normal,,Café espresso sencillo marca Nespresso®.,https://cinepolis.com/redesign/MX/menus/vip/nespresso_small.png,https://cinepolis.com/redesign/MX/menus/vip/nespresso_wide.png,https://cinepolis.com/redesign/MX/menus/vip/nespresso_promotional.png,cinepolis-vip-el-dorado-veracruz
14424,Hennessy® VSOP,,Bar,,simple,sellable,normal,,Hennessy® VSOP.,https://cinepolis.com/redesign/MX/menus/vip/hennessy_small.png,https://cinepolis.com/redesign/MX/menus/vip/hennessy_wide.png,https://cinepolis.com/redesign/MX/menus/vip/hennessy_promotional.png,cinepolis-vip-el-dorado-veracruz
14473,Limonada,,Bebidas frías,,simple,sellable,normal,,Deliciosa limonada.,https://cinepolis.com/redesign/MX/menus/vip/limonada_small.png,https://cinepolis.com/redesign/MX/menus/vip/limonada_wide.png,https://cinepolis.com/redesign/MX/menus/vip/limonada_promotional.png,cinepolis-vip-el-dorado-veracruz
14414,Absolut®,,Bar,,simple,sellable,normal,,45 ml de licor.,https://cinepolis.com/redesign/MX/menus/vip/absolute_small.png,https://cinepolis.com/redesign/MX/menus/vip/absolute_wide.png,https://cinepolis.com/redesign/MX/menus/vip/absolute_promotional.png,cinepolis-vip-el-dorado-veracruz
15374,Café Capuccino Bailey's®,Grande,Bebidas calientes,,compound,sellable,normal,,Café capuccino Bailey's® Nespresso®.,https://cinepolis.com/redesign/MX/menus/vip/cafe_capuccino_bailey_small.png,https://cinepolis.com/redesign/MX/menus/vip/cafe_capuccino_bailey_wide.png,https://cinepolis.com/redesign/MX/menus/vip/cafe_capuccino_bailey_promotional.png,cinepolis-vip-el-dorado-veracruz
15207,Crepas Dulces 1 Ingrediente,Grandes,Crepas,,compound,sellable,normal,,Crepas dulces 1 ingrediente.,https://cinepolis.com/redesign/MX/menus/vip/crepa_dulce_1_small.png,https://cinepolis.com/redesign/MX/menus/vip/crepa_dulce_1_wide.png,https://cinepolis.com/redesign/MX/menus/vip/crepa_dulce_1_promotional.png,cinepolis-vip-el-dorado-veracruz
25298,Combo Crepa en Pareja,,Combos,,combo,sellable,normal,,"2 crepas, 2 frappés grande y unas palomitas grandes de mantequilla.",https://cinepolis.com/redesign/MX/menus/vip/combo_crepa_pareja_small.png,https://cinepolis.com/redesign/MX/menus/vip/combo_crepa_pareja_wide.png,https://cinepolis.com/redesign/MX/menus/vip/combo_crepa_pareja_promotional.png,cinepolis-vip-el-dorado-veracruz
14494,Naranjada,,Bebidas frías,,simple,sellable,normal,,Deliciosa naranjada clásica.,https://cinepolis.com/redesign/MX/menus/vip/naranjada_small.png,https://cinepolis.com/redesign/MX/menus/vip/naranjada_wide.png,https://cinepolis.com/redesign/MX/menus/vip/naranjada_promotional.png,cinepolis-vip-el-dorado-veracruz
21743,M&M'S® Mega Chocolate,,Dulces y Chocolates,,simple,sellable,normal,,M&M's® Mega Chocolate.,https://cinepolis.com/redesign/MX/menus/vip/m&m_mega_chocolate_small.png,https://cinepolis.com/redesign/MX/menus/vip/m&m_mega_chocolate_wide.png,https://cinepolis.com/redesign/MX/menus/vip/m&m_mega_chocolate_promotional.png,cinepolis-vip-el-dorado-veracruz
17104,Bagui de Res,Grandes,Baguis,,compound,sellable,normal,,"Bagui de brisket de res, frijoles refritos, queso a elegir, acompañado de guacamole y papas twister.",https://cinepolis.com/redesign/MX/menus/vip/bagui_brisket_small.png,https://cinepolis.com/redesign/MX/menus/vip/bagui_brisket_wide.png,https://cinepolis.com/redesign/MX/menus/vip/bagui_brisket_promorional.png,cinepolis-vip-el-dorado-veracruz
18579,Combo Cuates Promo,,Promociones,,combo,sellable,normal,Sólo en App y Web,1 palomitas Jumbo y 2 refrescos jumbo (1.2 ltr). Promoción exclusiva en compras por app o web.,https://cinepolis.com/redesign/MX/menus/vip/combo_cuates_promo_small_vip.png,https://cinepolis.com/redesign/MX/menus/vip/combo_cuates_promo_wide_vip.png,https://cinepolis.com/redesign/MX/menus/vip/combo_cuates_promo_promotional_vip.png,cinepolis-vip-el-dorado-veracruz
27830,Churros Oreo®,Oreo®,Postres y Helados,,compound,sellable,normal,Nuevo,Churros sabor Oreo®.,https://cinepolis.com/redesign/MX/menus/vip/tequesitos_small.png,https://cinepolis.com/redesign/MX/menus/vip/oreo_churros_wide.png,https://cinepolis.com/redesign/MX/menus/vip/oreo_churros_promotional.png,cinepolis-vip-el-dorado-veracruz
14420,Hendricks®,,Bar,,simple,sellable,normal,,45 ml de licor.,https://cinepolis.com/redesign/MX/menus/vip/hendricks_small.png,https://cinepolis.com/redesign/MX/menus/vip/hendricks_wide.png,https://cinepolis.com/redesign/MX/menus/vip/hendricks_promotional.png,cinepolis-vip-el-dorado-veracruz
14994,Sliders BQQ Bacon,,Snacks,,simple,sellable,normal,,"3 mini burgers de carne calidad de la marca Certified Angus Beef®, tocino y salsa BBQ, acompañadas de papas twister.",https://cinepolis.com/redesign/MX/menus/vip/sliders_bbq_small.png,https://cinepolis.com/redesign/MX/menus/vip/sliders_bbq_wide.png,https://cinepolis.com/redesign/MX/menus/vip/sliders_bbq_promotional.png,cinepolis-vip-el-dorado-veracruz
17208,Kushiage Camarón con Queso,,Sushi,,simple,sellable,normal,,4 piezas de brocheta empanizada estilo oriental de camarón con queso.,https://cinepolis.com/redesign/MX/menus/vip/kushiage_camaron_small.png,https://cinepolis.com/redesign/MX/menus/vip/kushiage_camaron_wide.png,https://cinepolis.com/redesign/MX/menus/vip/kushiage_camaron_promotional.png,cinepolis-vip-el-dorado-veracruz
15004,Quesadilla,Grandes,Snacks,,compound,sellable,normal,,"1 quesadilla de pechuga de pollo con queso manchego y nuestro delicioso guacamole, acompañada de chiles toreados.",https://cinepolis.com/redesign/MX/menus/vip/quesadilla_small.png,https://cinepolis.com/redesign/MX/menus/vip/quesadilla_wide.png,https://cinepolis.com/redesign/MX/menus/vip/quesadilla_promotional.png,cinepolis-vip-el-dorado-veracruz
24222,Captain Morgan®,,Bar,,simple,sellable,normal,,Captain Morgan®.,https://cinepolis.com/redesign/MX/menus/vip/capitan_morgan_small.jpg,https://cinepolis.com/redesign/MX/menus/vip/capitan_morgan_wide.jpg,https://cinepolis.com/redesign/MX/menus/vip/capitan_morgan_promotional.jpg,cinepolis-vip-el-dorado-veracruz
15535,Waffles,Waffle,Postres y Helados,,compound,sellable,normal,Nuevo,Waffle belga con una base de crema batida y un topping a elegir (20 g).,https://cinepolis.com/redesign/MX/menus/vip/VIP-Waffles_360X400.jpg,https://cinepolis.com/redesign/MX/menus/vip/VIP-Waffles_1440X476.jpg,https://cinepolis.com/redesign/MX/menus/vip/VIP-Waffles_414X268.jpg,cinepolis-vip-el-dorado-veracruz
28457,Poke Bowl,Grandes,Sushi,,compound,sellable,normal,,Poke bowl.,https://cinepolis.com/redesign/MX/menus/vip/sushi_small.png,https://cinepolis.com/redesign/MX/menus/vip/poke_wide.jpg,https://cinepolis.com/redesign/MX/menus/vip/poke_promotion.jpg,cinepolis-vip-el-dorado-veracruz
17103,Bagui Italiano,Grandes,Baguis,,compound,sellable,normal,,"Bagui de jamón de pierna, salami, pepperoni y queso a elegir, acompañado con papas twister.",https://cinepolis.com/redesign/MX/menus/vip/bagui_italiano_small.png,https://cinepolis.com/redesign/MX/menus/vip/bagui_italiano_wide.png,https://cinepolis.com/redesign/MX/menus/vip/bagui_italiano_promotional.png,cinepolis-vip-el-dorado-veracruz
21742,M&M'S® Mega Cacahuate,,Dulces y Chocolates,,simple,sellable,normal,,M&M's® Mega Cacahuate.,https://cinepolis.com/redesign/MX/menus/vip/m&m_mega_cacahuate_small.png,https://cinepolis.com/redesign/MX/menus/vip/m&m_mega_cacahuate_wide.png,https://cinepolis.com/redesign/MX/menus/vip/m&m_mega_cacahuate_promotional.png,cinepolis-vip-el-dorado-veracruz
15382,Carajillo,,Bar,,simple,sellable,normal,,Carajillo.,https://cinepolis.com/redesign/MX/menus/vip/carajillo_small.png,https://cinepolis.com/redesign/MX/menus/vip/carajillo_wide.png,https://cinepolis.com/redesign/MX/menus/vip/carajillo_promotional.png,cinepolis-vip-el-dorado-veracruz
26604,Bagui Chipotle Chicken Avocado,Grandes,Baguis,,compound,sellable,normal,,"Baguette elaborado con tiras de pollo (90gr), tocino (2pz), guacamole (90gr), Aderezo chipotle (56 gr), Queso a elegir,",https://cinepolis.com/redesign/MX/menus/vip/VIP-Bagui-Chicken-Avocado_360X400.jpg,https://cinepolis.com/redesign/MX/menus/vip/VIP-Bagui-Chicken-Avocado_1440X476.jpg,https://cinepolis.com/redesign/MX/menus/vip/VIP-Bagui-Chicken-Avocado_414X268.jpg,cinepolis-vip-el-dorado-veracruz
18115,Combo Magnum®,,Combos,,combo,sellable,normal,,"1 paleta Magnum® , 2 refrescos jumbo y 1 palomitas jumbo de mantequilla.",https://cinepolis.com/redesign/MX/menus/vip/combo_magnum_small.png,https://cinepolis.com/redesign/MX/menus/vip/combo_magnum_wide.png,https://cinepolis.com/redesign/MX/menus/vip/combo_magnum_promotional.png,cinepolis-vip-el-dorado-veracruz
18279,Café Irlandés,Grande,Bebidas calientes,,compound,sellable,normal,,Café irlandés marca Nespresso®.,https://cinepolis.com/redesign/MX/menus/vip/cafe_irlandes_small.png,https://cinepolis.com/redesign/MX/menus/vip/cafe_irlandes_wide.png,https://cinepolis.com/redesign/MX/menus/vip/cafe_irlandes_promotional.png,cinepolis-vip-el-dorado-veracruz
17102,Bagui Chicken Crunch,Grandes,Baguis,,compound,sellable,normal,,"Bagui con trozos de boneless wings, tocino y queso a elegir, acompañado con papas twister.",https://cinepolis.com/redesign/MX/menus/vip/bagui_chicken_crunch_small.png,https://cinepolis.com/redesign/MX/menus/vip/bagui_chicken_crunch_wide.png,https://cinepolis.com/redesign/MX/menus/vip/bagui_chicken_crunch_promotional.png,cinepolis-vip-el-dorado-veracruz
26447,Combo Mundial para Compartir,,Combos,,combo,sellable,promotional,,"palomitas grandes de mantequilla, 4 mini burgers, 250 g Boneless wings y 2 bebidas a elegir (refresco o cerveza).",https://cinepolis.com/redesign/MX/menus/tradicional/generic.png,https://cinepolis.com/redesign/MX/menus/vip/combo-mundial-para-compartir-wide.png,https://cinepolis.com/redesign/MX/menus/vip/combo-mundial-para-compartir-promotional.png,cinepolis-vip-el-dorado-veracruz
24226,Grey Goose®,,Bar,,simple,sellable,normal,,45 ml de licor.,https://cinepolis.com/redesign/MX/menus/vip/grey_goose_small.png,https://cinepolis.com/redesign/MX/menus/vip/grey_goose_wide.png,https://cinepolis.com/redesign/MX/menus/vip/grey_goose_promotional.png,cinepolis-vip-el-dorado-veracruz
24220,400 Conejos® Espadín,,Bar,,simple,sellable,normal,,Mezcal 45 ml de licor.,https://cinepolis.com/redesign/MX/menus/vip/mezcal_400_conejos_small.png,https://cinepolis.com/redesign/MX/menus/vip/mezcal_400_conejos_wide.png,https://cinepolis.com/redesign/MX/menus/vip/mezcal_400_conejos_promotional.png,cinepolis-vip-el-dorado-veracruz
23284,Combo ICEE®,,Combos,,combo,sellable,normal,,"Dos ICEE® del sabor de tu preferencia, unas palomitas sabor mantequilla y unos Skwinkles Salsaghetti®.",https://cinepolis.com/redesign/MX/menus/vip/combo_icee_small.png,https://cinepolis.com/redesign/MX/menus/vip/combo_icee_wide.png,https://cinepolis.com/redesign/MX/menus/vip/combo_icee_promotional.png,cinepolis-vip-el-dorado-veracruz
17095,Bagui de Pavo,Grandes,Baguis,,compound,sellable,normal,,"Bagui de jamón de pavo y queso a elegir, acompañado con papas twister.",https://cinepolis.com/redesign/MX/menus/vip/bagui_pavo_small.png,https://cinepolis.com/redesign/MX/menus/vip/bagui_pavo_wide.png,https://cinepolis.com/redesign/MX/menus/vip/bagui_pavo_promotional.png,cinepolis-vip-el-dorado-veracruz
14416,Smirnoff®,,Bar,,simple,sellable,normal,,45 ml de licor.,https://cinepolis.com/redesign/MX/menus/vip/smirnoff_small.png,https://cinepolis.com/redesign/MX/menus/vip/smirnoff_wide.png,https://cinepolis.com/redesign/MX/menus/vip/smirnoff_promotional.png,cinepolis-vip-el-dorado-veracruz
14790,Cerveza Clásica,Cerveza Clasica,Bar,,compound,sellable,normal,,Cerveza clásica a elegir.,https://cinepolis.com/redesign/MX/menus/vip/cerveza_clasica_small.png,https://cinepolis.com/redesign/MX/menus/vip/cerveza_clasica_wide.png,https://cinepolis.com/redesign/MX/menus/vip/cerveza_clasica_promotional.png,cinepolis-vip-el-dorado-veracruz
28583,Boba Pink Lemonade,Grande,Bebidas frías,,compound,sellable,normal,,"Bebida fría preparada con esencias Monin® sabor Fresa, Pitahaya y Limón amarillo, y con perlas explosivas sabor Blueberry.",https://cinepolis.com/redesign/MX/menus/atmosfera/small_dragon_ice.png,https://cinepolis.com/redesign/MX/menus/vip/pink-lemonade-vip-wide.png,https://cinepolis.com/redesign/MX/menus/vip/pink-lemonade-vip-promotional.png,cinepolis-vip-el-dorado-veracruz
25178,La Bru® Dark Lager Calakmul,,Bar,,simple,sellable,normal,Nuevo,"Su color, oscuro como el bosque que resguarda dos pirámides, contrasta con su cuerpo suave y equilibrado. Con un amargor amigable y tonos tostados con notas a caramelo 355 ml.",https://cinepolis.com/redesign/MX/menus/vip/la_bru_calakmul_small.png,https://cinepolis.com/redesign/MX/menus/vip/la_bru_calakmul_wide.png,https://cinepolis.com/redesign/MX/menus/vip/la_bru_calakmul_promotional.png,cinepolis-vip-el-dorado-veracruz
927,Negra Modelo,,Bar,,simple,sellable,normal,,Cerveza Negra Modelo,https://cinepolis.com/redesign/MX/menus/vip/cerveza_small.png,https://cinepolis.com/redesign/MX/menus/vip/cerveza_wide.png,https://cinepolis.com/redesign/MX/menus/vip/cerveza_promotional.png,cinepolis-vip-el-dorado-veracruz
18778,Frappé Agua Promo,Grande,Promociones,,compound,sellable,normal,Sólo en App y Web,Descubre la refrescante colección de sabores en nuestra sección de agua. Promoción exclusiva en compras por app o web.,https://cinepolis.com/redesign/MX/menus/vip/frappe_agua_small.png,https://cinepolis.com/redesign/MX/menus/vip/frappe_agua_wide.png,https://cinepolis.com/redesign/MX/menus/vip/frappe_agua_promotional.png,cinepolis-vip-el-dorado-veracruz
26055,Frappé Leche,Jumbo,Bebidas frías,,compound,sellable,normal,,Descubre la refrescante colección de sabores en nuestra sección de frappés.,https://cinepolis.com/redesign/MX/menus/vip/frappe_favorito_small.png,https://cinepolis.com/redesign/MX/menus/vip/frappe_favorito_wide.png,https://cinepolis.com/redesign/MX/menus/vip/frappe_favorito_promotional.png,cinepolis-vip-el-dorado-veracruz
15211,Combo Mundial Boneless,,Combos,,combo,sellable,promotional,,"250 g de boneless wings con 1 palomitas grandes de mantequilla y refresco jumbo o cerveza clásica, a elegir.",https://cinepolis.com/redesign/MX/menus/vip/combo_boneless_small.png,https://cinepolis.com/redesign/MX/menus/vip/combo-mundialista-boneless-wide.png,https://cinepolis.com/redesign/MX/menus/vip/combo-mundialista-boneless-promotional.png,cinepolis-vip-el-dorado-veracruz
14468,Michelada,Grande,Bar,,compound,sellable,normal,,Michelada.,https://cinepolis.com/redesign/MX/menus/vip/michelada_clamato_small.png,https://cinepolis.com/redesign/MX/menus/vip/michelada_clamato_wide.png,https://cinepolis.com/redesign/MX/menus/vip/michelada_clamato_promotional.png,cinepolis-vip-el-dorado-veracruz
28218,Nachos Al Pastor,Grandes,Snacks,,compound,sellable,normal,,Exquisitos nachos Clásicos/Doritos® acompañados de queso y carne al pastor.,https://cinepolis.com/redesign/MX/menus/vip/nachos_premium_small.png,https://cinepolis.com/redesign/MX/menus/vip/nachos_pastor_wide.png,https://cinepolis.com/redesign/MX/menus/vip/nachos_pastor_promotional.png,cinepolis-vip-el-dorado-veracruz
25297,Combo Crepa Individual,,Combos,,combo,sellable,normal,,"1 crepa, 1 frappé grande y unas palomitas grandes de mantequilla.",https://cinepolis.com/redesign/MX/menus/vip/combo_crepa_individual_small.png,https://cinepolis.com/redesign/MX/menus/vip/combo_crepa_individual_wide.png,https://cinepolis.com/redesign/MX/menus/vip/combo_crepa_individual_promotional.png,cinepolis-vip-el-dorado-veracruz
17996,Combo Lifesavers®,,Combos,,combo,sellable,normal,,"1 refrescos jumbo (1.2 ltr), 1 palomitas para llevar (285 gr) y 1 Lifesavers®.",https://cinepolis.com/redesign/MX/menus/vip/combo_lifesavers_VIP_small.png,https://cinepolis.com/redesign/MX/menus/vip/combo_lifesavers_VIP_wide.png,https://cinepolis.com/redesign/MX/menus/vip/combo_lifesavers_VIP_promotional.png,cinepolis-vip-el-dorado-veracruz
14979,Ensalada Mango y Aguacate,,Ensaladas,,simple,sellable,normal,,"La mejor selección de lechuga acompañada con pollo, tocino, aguacate, queso crema Philadelphia®, mango y salsa buffalo wings.",https://cinepolis.com/redesign/MX/menus/vip/ensalada_mango_small.png,https://cinepolis.com/redesign/MX/menus/vip/ensalada_mango_wide.png,https://cinepolis.com/redesign/MX/menus/vip/ensalada_mango_promotional.png,cinepolis-vip-el-dorado-veracruz
14700,Té caliente,Grande Caliente,Bebidas calientes,,compound,sellable,normal,,Té caliente.,https://cinepolis.com/redesign/MX/menus/vip/te_monin_small.png,https://cinepolis.com/redesign/MX/menus/vip/te_monin_wide.png,https://cinepolis.com/redesign/MX/menus/vip/te_monin_promotional.png,cinepolis-vip-el-dorado-veracruz
25983,Orden De Empanadas,Grande,Nuevos Lanzamientos,,compound,sellable,promotional,,Orden de 3 empanadas de cualquier sabor (rajas con queso o carne de res).,https://cinepolis.com/redesign/MX/menus/vip/empanadas_small.png,https://cinepolis.com/redesign/MX/menus/vip/empanadas-carne-molida-wide.png,https://cinepolis.com/redesign/MX/menus/vip/empanadas-carne-molida-promotional.png,cinepolis-vip-el-dorado-veracruz
18290,Latte,Grande,Bebidas calientes,,compound,sellable,normal,,Café latte marca Nespresso®.,https://cinepolis.com/redesign/MX/menus/vip/cafe_late_small.png,https://cinepolis.com/redesign/MX/menus/vip/cafe_late_wide.png,https://cinepolis.com/redesign/MX/menus/vip/cafe_late_promotional.png,cinepolis-vip-el-dorado-veracruz
14389,Don Julio® 70,,Bar,,simple,sellable,normal,,Don Julio® 70.,https://cinepolis.com/redesign/MX/menus/vip/don_julio_small.png,https://cinepolis.com/redesign/MX/menus/vip/don_julio_small_wide.png,https://cinepolis.com/redesign/MX/menus/vip/don_julio_small_promotional.png,cinepolis-vip-el-dorado-veracruz
17536,Pastel de Chocolate Hecho con Hershey's®,,Postres y Helados,,simple,sellable,normal,,Exquisita rebanada de pastel de chocolate elaborada con chispas de chocolate Hershey's®.,https://cinepolis.com/redesign/MX/menus/vip/pastel_hersheys_small.png,https://cinepolis.com/redesign/MX/menus/vip/pastel_hersheys_wide.png,https://cinepolis.com/redesign/MX/menus/vip/pastel_hersheys_promotional.png,cinepolis-vip-el-dorado-veracruz
26602,Alitas Picositas,,Snacks,,simple,sellable,normal,,Deliciosas alitas picositas.,https://cinepolis.com/redesign/MX/menus/vip/VIP-Alitas-picantes_360X400.jpg,https://cinepolis.com/redesign/MX/menus/vip/VIP-Alitas-picantes_1440X476.jpg,https://cinepolis.com/redesign/MX/menus/vip/VIP-Alitas-picantes_414X268.jpg,cinepolis-vip-el-dorado-veracruz
15342,Hot Dog,Chico,Snacks,,compound,sellable,normal,,"Delicioso Hot Dog Cinépolis, acompañado de papas twister y aderezo chipotle o salsa Buffalo.",https://cinepolis.com/redesign/MX/menus/vip/hotdog_con_papas_small.png,https://cinepolis.com/redesign/MX/menus/vip/hotdog_con_papas_wide.png,https://cinepolis.com/redesign/MX/menus/vip/hotdog_con_papas_promotional.png,cinepolis-vip-el-dorado-veracruz
24227,Maestro Dobel® Diamante,,Bar,,simple,sellable,normal,,Maestro Dobel® Diamante.,https://cinepolis.com/redesign/MX/menus/vip/maestro_doble_small.png,https://cinepolis.com/redesign/MX/menus/vip/maestro_doble_wide.png,https://cinepolis.com/redesign/MX/menus/vip/maestro_doble_promotional.png,cinepolis-vip-el-dorado-veracruz
18790,Frappé Premium Promo,Grande,Promociones,,compound,sellable,normal,Sólo en App y Web,Descubre la refrescante colección de sabores en nuestra sección de frappés de leche. Promoción exclusiva en compras por app o web.,https://cinepolis.com/redesign/MX/menus/vip/frappe_premium_small.png,https://cinepolis.com/redesign/MX/menus/vip/frappe_premium_wide.png,https://cinepolis.com/redesign/MX/menus/vip/frappe_premium_promotional.png,cinepolis-vip-el-dorado-veracruz
27782,Dippin dots,Vainilla con galleta,Postres y Helados,,compound,sellable,normal,,Dippin Dots,https://cinepolis.com/redesign/MX/menus/tradicional/skwinkles_salsagheti_small.png,https://cinepolis.com/redesign/MX/menus/vip/DIPPIN DOTS_APP_NUEVA_1440x476.jpg,https://cinepolis.com/redesign/MX/menus/vip/DIPPIN DOTS_BOTON PRINCIPAL_400 x 268.jpg,cinepolis-vip-el-dorado-veracruz
16792,Crepas Saladas Premium,,Crepas,,compound,sellable,normal,,Crepas saladas premium.,https://cinepolis.com/redesign/MX/menus/vip/crepa_chicken_crunch_small.png,https://cinepolis.com/redesign/MX/menus/vip/crepa_chicken_crunch_wide.png,https://cinepolis.com/redesign/MX/menus/vip/crepa_chicken_crunch_promotional.png,cinepolis-vip-el-dorado-veracruz
15069,Jalapeño Pop,,Snacks,,simple,sellable,normal,,"200 g de exquisitas bolitas de papa empanizadas, rellenas de queso cheddar, jalapeño y condimentos seleccionados.",https://cinepolis.com/redesign/MX/menus/vip/jalapeño_pop_small.png,https://cinepolis.com/redesign/MX/menus/vip/jalapeño_pop_wide.png,https://cinepolis.com/redesign/MX/menus/vip/jalapeño_pop_promotional.png,cinepolis-vip-el-dorado-veracruz
28223,Cheese Boneless Fries,,Snacks,,simple,sellable,normal,,250 grs de Papas Twister bañados en 5oz de queso para Nachos.,https://cinepolis.com/redesign/MX/menus/vip/Mac_Cheese_Boneless_small.png,https://cinepolis.com/redesign/MX/menus/vip/cheese_boneless_fries_wide.png,https://cinepolis.com/redesign/MX/menus/vip/cheese_boneless_fries_promotional.png,cinepolis-vip-el-dorado-veracruz
24975,Jack&Coke®,,Bar,,simple,sellable,normal,Nuevo,Bebida alcohólica preparada de Tennessee Whiskey 350 ml.,https://cinepolis.com/redesign/MX/menus/vip/jackcoke_small.png,https://cinepolis.com/redesign/MX/menus/vip/jackcoke_wide.png,https://cinepolis.com/redesign/MX/menus/vip/jackcoke_promotional.png,cinepolis-vip-el-dorado-veracruz
17099,Bagui Español,Grandes,Baguis,,compound,sellable,normal,,"Bagui de jamón serrano y queso a elegir, acompañado con papas twister.",https://cinepolis.com/redesign/MX/menus/vip/bagui_español_small.png,https://cinepolis.com/redesign/MX/menus/vip/bagui_español_wide.png,https://cinepolis.com/redesign/MX/menus/vip/bagui_español_promotional.png,cinepolis-vip-el-dorado-veracruz
24940,Bagui Milanesa de Pollo,Grandes,Baguis,,compound,sellable,normal,,"Baguette preparado con milanesa de pollo, tocino, guacamole y queso.",https://cinepolis.com/redesign/MX/menus/vip/bagui_milanesa_small.png,https://cinepolis.com/redesign/MX/menus/vip/bagui_milanesa_wide.png,https://cinepolis.com/redesign/MX/menus/vip/bagui_milanesa_promotional.png,cinepolis-vip-el-dorado-veracruz
28588,Boba Dragon Ice Milk,Grande,Bebidas frías,,compound,sellable,normal,,"Bebida fría con leche, preparada con esencia Monin® sabor Pitahaya y con perlas explosivas sabor Blueberry.",https://cinepolis.com/redesign/MX/menus/atmosfera/small_dragon_ice.png,https://cinepolis.com/redesign/MX/menus/vip/dragon-ice-milk-vip-wide.png,https://cinepolis.com/redesign/MX/menus/vip/dragon-ice-milk-vip-promotional.png,cinepolis-vip-el-dorado-veracruz
14402,Jack Daniels®,,Bar,,simple,sellable,normal,,Jack Daniels® 7 años.,https://cinepolis.com/redesign/MX/menus/vip/jack_daniels_small.png,https://cinepolis.com/redesign/MX/menus/vip/jack_daniels_wide.png,https://cinepolis.com/redesign/MX/menus/vip/jack_daniels_promotional.png,cinepolis-vip-el-dorado-veracruz
28513,Tequesitos Hechos Con Biscoff® 5 Piezas,,Snacks,,simple,sellable,normal,,"Tequesitos hechos con biscoff, 5 piezas",https://cinepolis.com/redesign/MX/menus/tradicional/Mac_Cheese_Boneless_small.png,https://cinepolis.com/redesign/MX/menus/tradicional/biscoff-wide.jpg,https://cinepolis.com/redesign/MX/menus/tradicional/biscoff-promotional.jpg,cinepolis-vip-el-dorado-veracruz
17223,Kushiage Queso Philadelphia®,,Sushi,,simple,sellable,normal,,4 piezas de brocheta empanizada estilo oriental: Queso Philadelphia®.,https://cinepolis.com/redesign/MX/menus/vip/kushiage_philadelphia_small.png,https://cinepolis.com/redesign/MX/menus/vip/kushiage_philadelphia_wide.png,https://cinepolis.com/redesign/MX/menus/vip/kushiage_philadelphia_promotional.png,cinepolis-vip-el-dorado-veracruz
15340,Moka,Grande,Bebidas calientes,,compound,sellable,normal,,Café moka Nespresso®.,https://cinepolis.com/redesign/MX/menus/vip/cafe_moka_small.png,https://cinepolis.com/redesign/MX/menus/vip/cafe_moka_wide.png,https://cinepolis.com/redesign/MX/menus/vip/cafe_moka_promotional.png,cinepolis-vip-el-dorado-veracruz
18588,Combo Boneless Promo,,Promociones,,combo,sellable,normal,Sólo en App y Web,"250 g de boneless wings, acompañados de 1 palomitas grandes de mantequilla y 1 refresco jumbo. Promoción exclusiva en compras por app o web.",https://cinepolis.com/redesign/MX/menus/vip/combo_boneless_small.png,https://cinepolis.com/redesign/MX/menus/vip/combo_boneless_wide.png,https://cinepolis.com/redesign/MX/menus/vip/combo_boneless_promotional.png,cinepolis-vip-el-dorado-veracruz
15045,Big Dipper Boneless,Grandes,Snacks,,combo,sellable,normal,,"150 g Papas Crisscut, 3 kushiages de Manchego, 200 g Jalapeño Pop, 250 g Boneless Wings, Acompañado con salsa BBQ y salsa Buffalo Wings.",https://cinepolis.com/redesign/MX/menus/vip/big_dipper_small.png,https://cinepolis.com/redesign/MX/menus/vip/big_dipper_wide.png,https://cinepolis.com/redesign/MX/menus/vip/big_dipper_promotional.png,cinepolis-vip-el-dorado-veracruz
25148,Texas Dog,Texas Dog,Snacks,,compound,sellable,normal,,"Delicioso Hot Dog con brisket de res, tocino y salsa BBQ, acompañado de papas twister y cebolla caramelizada.",https://cinepolis.com/redesign/MX/menus/vip/hotdog_texas_small.png,https://cinepolis.com/redesign/MX/menus/vip/hotdog_texas_wide.png,https://cinepolis.com/redesign/MX/menus/vip/hotdog_texas_promotional.png,cinepolis-vip-el-dorado-veracruz
14733,Té Chai Latte,Grande,Bebidas calientes,,compound,sellable,normal,,Descubre la refrescante colección de sabores en nuestra sección de agua.,https://cinepolis.com/redesign/MX/menus/vip/te_chai_late_small.png,https://cinepolis.com/redesign/MX/menus/vip/te_chai_late_wide.png,https://cinepolis.com/redesign/MX/menus/vip/te_chai_late_promotional.png,cinepolis-vip-el-dorado-veracruz
15976,Crepas Dulces 2 Ingredientes,Grandes,Crepas,,compound,sellable,normal,,Crepas dulces 2 ingredientes.,https://cinepolis.com/redesign/MX/menus/vip/crepa_dulce_2_small.png,https://cinepolis.com/redesign/MX/menus/vip/crepa_dulce_2_wide.png,https://cinepolis.com/redesign/MX/menus/vip/crepa_dulce_2_promotional.png,cinepolis-vip-el-dorado-veracruz
17691,Topo Chico®,,Bebidas frías,,simple,sellable,normal,,Topo Chico® 355ml.,https://cinepolis.com/redesign/MX/menus/vip/agua_topo_chico_small.png,https://cinepolis.com/redesign/MX/menus/vip/agua_topo_chico_wide.png,https://cinepolis.com/redesign/MX/menus/vip/agua_topo_chico_promotional.png,cinepolis-vip-el-dorado-veracruz
24228,Jose Cuervo® Tradicional,,Bar,,simple,sellable,normal,,45 ml de licor.,https://cinepolis.com/redesign/MX/menus/vip/jose_cuervo_small.png,https://cinepolis.com/redesign/MX/menus/vip/jose_cuervo_wide.png,https://cinepolis.com/redesign/MX/menus/vip/jose_cuervo_promotional.png,cinepolis-vip-el-dorado-veracruz
17114,Nachos Premium,Grandes,Snacks,,compound,sellable,normal,,Exquisitos nachos Clásicos/Doritos® acompañados de queso.,https://cinepolis.com/redesign/MX/menus/vip/nachos_premium_small.png,https://cinepolis.com/redesign/MX/menus/vip/nachos_premium_wide.png,https://cinepolis.com/redesign/MX/menus/vip/nachos_premium_promotional.png,cinepolis-vip-el-dorado-veracruz
15228,Combo Big Dipper,,Combos,,combo,sellable,promotional,,"1 plato big dipper boneless (150 gr papas crisscut, 3 kushiages de manchego, 200 gr jalapeño pop, 250 gr de boneless wings) y 2 cervezas (clásicas, especiales o importadas).",https://cinepolis.com/redesign/MX/menus/vip/combo_big_dipper_small.png,https://cinepolis.com/redesign/MX/menus/vip/combo-mundialista-big-dipper-wide.png,https://cinepolis.com/redesign/MX/menus/vip/combo-mundialista-big-dipper-promotional.png,cinepolis-vip-el-dorado-veracruz
27808,Quesadilla Pastor,,Snacks,,simple,sellable,normal,,"Deliciosa quesadilla, con carne estilo al pastor, y nuestro delicioso guacamole.",https://cinepolis.com/redesign/MX/menus/vip/baconburger_vip_small.jpg,https://cinepolis.com/redesign/MX/menus/vip/Quesadilla_pastor_vip_wide.png,https://cinepolis.com/redesign/MX/menus/vip/Quesadilla_pastor_vip_promotional.png,cinepolis-vip-el-dorado-veracruz
14426,Martell® VSOP,,Bar,,simple,sellable,normal,,Martell® VSOP.,https://cinepolis.com/redesign/MX/menus/vip/hennessy_small.png,https://cinepolis.com/redesign/MX/menus/vip/hennessy_wide.png,https://cinepolis.com/redesign/MX/menus/vip/hennessy_promotional.png,cinepolis-vip-el-dorado-veracruz
15388,Capuccino,Grande,Bebidas calientes,,compound,sellable,normal,,Café capuccino marca Nespresso®.,https://cinepolis.com/redesign/MX/menus/vip/frappe_capuccino_small.png,https://cinepolis.com/redesign/MX/menus/vip/frappe_capuccino_wide.png,https://cinepolis.com/redesign/MX/menus/vip/frappe_capuccino_promotional.png,cinepolis-vip-el-dorado-veracruz
18538,Baileys®,,Bar,,simple,sellable,normal,,Baileys®.,https://cinepolis.com/redesign/MX/menus/vip/baileys_small.png,https://cinepolis.com/redesign/MX/menus/vip/baileys_wide.png,https://cinepolis.com/redesign/MX/menus/vip/baileys_promotional.png,cinepolis-vip-el-dorado-veracruz
18285,Latte Bailey's®,Grande,Bebidas calientes,,compound,sellable,normal,,Café latte Bailey's® marca Nespresso®.,https://cinepolis.com/redesign/MX/menus/vip/latte_baileys_small.png,https://cinepolis.com/redesign/MX/menus/vip/latte_baileys_wide.png,https://cinepolis.com/redesign/MX/menus/vip/latte_baileys_promotional.png,cinepolis-vip-el-dorado-veracruz
17234,Papas Twister,,Snacks,,simple,sellable,normal,,150g de papas estilo twister (No incluye dip de queso).,https://cinepolis.com/redesign/MX/menus/vip/papas_twister_small.png,https://cinepolis.com/redesign/MX/menus/vip/papas_twister_wide.png,https://cinepolis.com/redesign/MX/menus/vip/papas_twister_promotional.png,cinepolis-vip-el-dorado-veracruz
14393,Buchanans®,,Bar,,simple,sellable,normal,,Buchanans®.,https://cinepolis.com/redesign/MX/menus/vip/buchanans_small.png,https://cinepolis.com/redesign/MX/menus/vip/buchanans_wide.png,https://cinepolis.com/redesign/MX/menus/vip/buchanans_promotional.png,cinepolis-vip-el-dorado-veracruz
28211,Mezcalada,Grande,Bar,,compound,sellable,normal,Nuevo,Mezcalada variedad de sabores.,https://cinepolis.com/redesign/MX/menus/vip/mojito_small.png,https://cinepolis.com/redesign/MX/menus/vip/mezcaladas_wide.png,https://cinepolis.com/redesign/MX/menus/vip/mezcaladas_promotional.png,cinepolis-vip-el-dorado-veracruz
18616,Combo Nachos en Pareja,,Combos,,combo,sellable,normal,,"1 palomitas para llevar (285 gr), 2 refrescos jumbo (1.2 ltr) y 1 nachos clásicos chicos (120 gr).",https://cinepolis.com/redesign/MX/menus/vip/combo_nachos_pareja_small.png,https://cinepolis.com/redesign/MX/menus/vip/combo_nachos_pareja_wide.png,https://cinepolis.com/redesign/MX/menus/vip/combo_nachos_pareja_promotional.png,cinepolis-vip-el-dorado-veracruz
18078,Pretzel con Helado,,Postres y Helados,,simple,sellable,normal,,Pretzel con helado.,https://cinepolis.com/redesign/MX/menus/vip/pretzel_helado_small_.png,https://cinepolis.com/redesign/MX/menus/vip/pretzel_helado_wide.png,https://cinepolis.com/redesign/MX/menus/vip/pretzel_helado_promotional_.png,cinepolis-vip-el-dorado-veracruz
18163,Maxicombo Mix,,Para Compartir,,combo,sellable,normal,,"1 nachos clásicos chicos, 1 hot dog con papas Twister, 2 refrescos jumbo, 1 palomitas para llevar de mantequilla.",https://cinepolis.com/redesign/MX/menus/vip/maxi_combo_nachos_small.jpg,https://cinepolis.com/redesign/MX/menus/vip/maxi_combo_nachos_wide.jpg,https://cinepolis.com/redesign/MX/menus/vip/maxi_combo_nachos_promotional.jpg,cinepolis-vip-el-dorado-veracruz
14396,Johnnie Walker® e. Roja,,Bar,,simple,sellable,normal,,Johnnie Walker® e. Roja.,https://cinepolis.com/redesign/MX/menus/vip/johnnie_walker_negra_small.png,https://cinepolis.com/redesign/MX/menus/vip/johnnie_walker_roja_wide.png,https://cinepolis.com/redesign/MX/menus/vip/johnnie_walker_roja_promotional.png,cinepolis-vip-el-dorado-veracruz
27574,Combo Personalizado,,Combos,,combo,sellable,normal,,Combo personalizado VIP,https://cinepolis.com/redesign/MX/menus/tradicional/generic.png,https://cinepolis.com/redesign/MX/menus/vip/arma-tu-maxicomboVIP-wide.png,https://cinepolis.com/redesign/MX/menus/vip/arma-tu-maxicomboVIP-promotional.png,cinepolis-vip-el-dorado-veracruz
25647,Ron Havana Club 7,,Bar,,simple,sellable,normal,,Ron Havana Club 7.,https://cinepolis.com/redesign/MX/menus/vip/ron_small.png,https://cinepolis.com/redesign/MX/menus/vip/ron_wide.png,https://cinepolis.com/redesign/MX/menus/vip/ron_promotional.png,cinepolis-vip-el-dorado-veracruz
14423,Tanqueray®,,Bar,,simple,sellable,normal,,Tanqueray®.,https://cinepolis.com/redesign/MX/menus/vip/tanqueray_small.png,https://cinepolis.com/redesign/MX/menus/vip/tanqueray_wide.png,https://cinepolis.com/redesign/MX/menus/vip/tanqueray_promotional.png,cinepolis-vip-el-dorado-veracruz
4465,Hersheys® Cookies and Cream,,Dulces y Chocolates,,simple,sellable,normal,,Hersheys® Cookies and Cream.,https://cinepolis.com/redesign/MX/menus/vip/chocolate cookies_&_cream_small.png,https://cinepolis.com/redesign/MX/menus/vip/chocolate cookies_&_wide.png,https://cinepolis.com/redesign/MX/menus/vip/chocolate cookies_&_cream_promotional.png,cinepolis-vip-el-dorado-veracruz
28514,Tequesitos Hechos Con Biscoff® 8 Piezas,,Snacks,,simple,sellable,normal,,Tequesitos hechos con biscoff 8 piezas,https://cinepolis.com/redesign/MX/menus/tradicional/Mac_Cheese_Boneless_small.png,https://cinepolis.com/redesign/MX/menus/tradicional/biscoff-wide.jpg,https://cinepolis.com/redesign/MX/menus/tradicional/biscoff-promotional.jpg,cinepolis-vip-el-dorado-veracruz
14509,Sangre de Toro Cosecha,Copa 150 ml,Bar,,compound,sellable,normal,,"Vino tinto, 65% Garnacha, 35% Mazuelo.",https://cinepolis.com/redesign/MX/menus/vip/sangre_de_toro_small.png,https://cinepolis.com/redesign/MX/menus/vip/sangre_de_toro_wide.png,https://cinepolis.com/redesign/MX/menus/vip/sangre_de_toro_promotional.png,cinepolis-vip-el-dorado-veracruz
14846,Hot Dog Guacamole,Guacamole,Snacks,,compound,sellable,normal,,"Delicioso Hot Dog con guacamole, acompañado de papas twister y pico de gallo.",https://cinepolis.com/redesign/MX/menus/vip/hotdog_guacamole_small.png,https://cinepolis.com/redesign/MX/menus/vip/hotdog_guacamole_wide.png,https://cinepolis.com/redesign/MX/menus/vip/hotdog_guacamole_promotional.png,cinepolis-vip-el-dorado-veracruz
26261,Cheese Burger,,Snacks,,simple,sellable,normal,Nuevo,"Deliciosa hamburguesa con queso cheddar, carne de la marca Certified Angus Beef®, vegetales y aderezo, acompañada de una orden de papas twister y chile toreado.",https://cinepolis.com/redesign/MX/menus/vip/baconburger_vip_small.jpg,https://cinepolis.com/redesign/MX/menus/vip/baconburger_vip_wide.png,https://cinepolis.com/redesign/MX/menus/vip/baconburger_vip_promotional.jpg,cinepolis-vip-el-dorado-veracruz
14359,Ron Bacardi® Blanco,,Bar,,simple,sellable,normal,,Ron Bacardi® Blanco.,https://cinepolis.com/redesign/MX/menus/vip/bacardi_small.png,https://cinepolis.com/redesign/MX/menus/vip/bacardi_wide.png,https://cinepolis.com/redesign/MX/menus/vip/bacardi_promotional.png,cinepolis-vip-el-dorado-veracruz
27884,Bagui Pulled Pork,Grandes,Baguis,,compound,sellable,Promotional,Nuevo,"Bagui de  Pulled Pork, acompañado de guacamole y papas twister.",https://cinepolis.com/redesign/MX/menus/vip/bagui_brisket_small.png,https://cinepolis.com/redesign/MX/menus/vip/Bagui_Pulled_Pork_VIP__wide.jpg,https://cinepolis.com/redesign/MX/menus/vip/Bagui_Pulled_Pork_VIP_promotional.jpg,cinepolis-vip-el-dorado-veracruz
28485,Margarita Tajin,Grande,Bar,,compound,sellable,normal,,Margaritas variedad de sabores tajin.,https://cinepolis.com/redesign/MX/menus/vip/margarita_small.png,https://cinepolis.com/redesign/MX/menus/vip/margarita-tajin-wide.jpg,https://cinepolis.com/redesign/MX/menus/vip/margarita-tajin-promotional.jpg,cinepolis-vip-el-dorado-veracruz
18218,Combo Makis Especial Mix con Refrescos,,Combos,,combo,sellable,promotional,,"1 maki a elegir, 250 g de boneless wings, 1 palomitas grandes (155 gr) y 2 refrescos jumbo (1.2 ltr).",https://cinepolis.com/redesign/MX/menus/vip/combo_sushi_mix_small.jpg,https://cinepolis.com/redesign/MX/menus/vip/combo_sushi_mix_wide.jpg,https://cinepolis.com/redesign/MX/menus/vip/combo_sushi_mix_promotional.jpg,cinepolis-vip-el-dorado-veracruz
24221,Bombay Sapphire®,,Bar,,simple,sellable,normal,,45 ml de licor.,https://cinepolis.com/redesign/MX/menus/vip/bombay_small.png,https://cinepolis.com/redesign/MX/menus/vip/bombay_wide.png,https://cinepolis.com/redesign/MX/menus/vip/bombay_promotional.png,cinepolis-vip-el-dorado-veracruz
18595,Combo Clásico,,Combos,,combo,sellable,normal,,"1 hot dog tradicional con papas (150 gr), 1 refresco jumbo (1.2 ltr) y 1 palomitas para llevar de mantequilla (285 gr).",https://cinepolis.com/redesign/MX/menus/vip/combo_clasico_small.png,https://cinepolis.com/redesign/MX/menus/vip/combo_clasico_wide.png,https://cinepolis.com/redesign/MX/menus/vip/combo_clasico_promotional.png,cinepolis-vip-el-dorado-veracruz
27230,NIGIRIS,Grandes,Sushi,,compound,sellable,normal,Nuevo,NIGIRIS.,https://cinepolis.com/redesign/MX/menus/vip/VIP_Nigiris_360x400.jpg,https://cinepolis.com/redesign/MX/menus/vip/VIP_Nigiris_1440x476.jpg,https://cinepolis.com/redesign/MX/menus/vip/VIP_Nigiris_414x268.jpg,cinepolis-vip-el-dorado-veracruz
26051,Frappé de Pelón®  Pelonada,Jumbo,Bebidas frías,,compound,sellable,normal,,Frappé de Pelón®  Pelonada.,https://cinepolis.com/redesign/MX/menus/vip/frappe_pelon_small.png,https://cinepolis.com/redesign/MX/menus/vip/frappe_pelon_wide.png,https://cinepolis.com/redesign/MX/menus/vip/frappe_pelon_promotional.png,cinepolis-vip-el-dorado-veracruz
25677,Dragon Ice Milk,Grande,Bebidas frías,,compound,sellable,normal,,"Bebida fría con leche, preparada con esencias Monin® sabor Pitahaya y Fresa.",https://cinepolis.com/redesign/MX/menus/vip/dragon_ice_milk_small.png,https://cinepolis.com/redesign/MX/menus/vip/dragon_ice_milk_wide.png,https://cinepolis.com/redesign/MX/menus/vip/dragon_ice_milk_promotional.png,cinepolis-vip-el-dorado-veracruz
18145,Maxicombo Hot Dog BBQ,,Para Compartir,,combo,sellable,normal,,"1 palomitas para llevar (285 gr), 2 refrescos jumbo (1.2 ltr) y 2 hot dogs tradicionales.",https://cinepolis.com/redesign/MX/menus/vip/maxi_combo_hotdog_bbq_small.png,https://cinepolis.com/redesign/MX/menus/vip/maxi_combo_hotdog_bbq_wide.png,https://cinepolis.com/redesign/MX/menus/vip/maxi_combo_hotdog_bbq_promotional.png,cinepolis-vip-el-dorado-veracruz
28586,Boba Tropical Ice,Grande,Bebidas frías,,compound,sellable,normal,,"Bebida fría preparada con esencias Monin® sabor Durazno y Mango, y con perlas explosivas sabor Blueberry.",https://cinepolis.com/redesign/MX/menus/atmosfera/small_dragon_ice.png,https://cinepolis.com/redesign/MX/menus/vip/tropical-ice-vip-promotional.png,https://cinepolis.com/redesign/MX/menus/vip/tropical-ice-vip-promotional.png,cinepolis-vip-el-dorado-veracruz
17533,Cheesecake Con Mermelada,,Postres y Helados,,simple,sellable,normal,,Deliciosa rebanada de cheesecake elaborada con Queso Crema Philadelphia® y mermelada de fresa o zarzamora.,https://cinepolis.com/redesign/MX/menus/vip/cheesecake_white_small.png,https://cinepolis.com/redesign/MX/menus/vip/cheesecake_wide.png,https://cinepolis.com/redesign/MX/menus/vip/cheesecake_white_promotional.png,cinepolis-vip-el-dorado-veracruz
18329,Combo Bagui Individual,,Combos,,combo,sellable,normal,,"1 Bagui a elegir, refresco jumbo y palomitas grandes.",https://cinepolis.com/redesign/MX/menus/vip/combo_bagui_individual_small.png,https://cinepolis.com/redesign/MX/menus/vip/combo_bagui_individual_wide.png,https://cinepolis.com/redesign/MX/menus/vip/combo_bagui_individual_promotional.png,cinepolis-vip-el-dorado-veracruz
17097,Bagui de Tres Quesos,Grandes,Baguis,,compound,sellable,normal,,"Bagui de queso Philadelphia®, suizo y cheddar, acompañado con papas twister.",https://cinepolis.com/redesign/MX/menus/vip/bagui_3_quesos_small.png,https://cinepolis.com/redesign/MX/menus/vip/bagui_3_quesos_wide.png,https://cinepolis.com/redesign/MX/menus/vip/bagui_3_quesos_promotional.png,cinepolis-vip-el-dorado-veracruz
18341,Combo Bagui en Pareja,,Combos,,combo,sellable,normal,,"2 Baguis a elegir, 2 refrescos jumbo (1.2 ltr) y palomitas grandes de mantequilla (155 gr).",https://cinepolis.com/redesign/MX/menus/vip/combo_bagui_pareja_small.png,https://cinepolis.com/redesign/MX/menus/vip/combo_bagui_pareja_wide.png,https://cinepolis.com/redesign/MX/menus/vip/combo_bagui_pareja_promotional.png,cinepolis-vip-el-dorado-veracruz
25671,Dragon Ice,Grande,Bebidas frías,,compound,sellable,normal,,Bebida fría preparada con esencias Monin® sabor Pitahaya y Fresa.,https://cinepolis.com/redesign/MX/menus/vip/dragon_ice_small.png,https://cinepolis.com/redesign/MX/menus/vip/dragon_ice_wide.png,https://cinepolis.com/redesign/MX/menus/vip/dragon_ice_promotional.png,cinepolis-vip-el-dorado-veracruz
22472,Mix Granel Grande,Grande,Dulces y Chocolates,,compound,sellable,normal,,"3 productos de la dulcería a granel, a elegir.",https://cinepolis.com/redesign/MX/menus/vip/granel_grande_small.png,https://cinepolis.com/redesign/MX/menus/vip/granel_grande_wide.png,https://cinepolis.com/redesign/MX/menus/vip/granel_grande_promotional.png,cinepolis-vip-el-dorado-veracruz
15188,Combo Plato Snack Boneless,,Combos,,combo,sellable,normal,,"1 plato snacks boneless (1 papas twister, 4 tequesitos® y  200g de boneless) y 2 cervezas (clásicas, especiales o importadas).",https://cinepolis.com/redesign/MX/menus/vip/combo_plato_boneless_small.png,https://cinepolis.com/redesign/MX/menus/vip/combo_plato_boneless_wide.png,https://cinepolis.com/redesign/MX/menus/vip/combo_plato_boneless_promotional.png,cinepolis-vip-el-dorado-veracruz
27347,BBQ Chiken Burger,,Snacks,,simple,sellable,normal,Nuevo,Deliciosa hamburguesa BBQ Chiken Burguer.,https://cinepolis.com/redesign/MX/menus/vip/vip_burger_chicken_tenders_360x400.jpg,https://cinepolis.com/redesign/MX/menus/vip/vip_burger_chicken_tenders_1440x476.jpg,https://cinepolis.com/redesign/MX/menus/vip/vip_burger_chicken_tenders_414x268.jpg,cinepolis-vip-el-dorado-veracruz
14373,Torres 10®,,Bar,,simple,sellable,normal,,Brandy Torres 10®.,https://cinepolis.com/redesign/MX/menus/vip/torres_10_small.png,https://cinepolis.com/redesign/MX/menus/vip/torres_10_wide.png,https://cinepolis.com/redesign/MX/menus/vip/torres_10_promotional.png,cinepolis-vip-el-dorado-veracruz
28195,Pulled Pork Burger,,Snacks,,simple,sellable,promotional,,Pulled Pork Burger.,https://cinepolis.com/redesign/MX/menus/vip/Mac_Cheese_Boneless_small.png,https://cinepolis.com/redesign/MX/menus/vip/burger_pulled_pork_wide.png,https://cinepolis.com/redesign/MX/menus/vip/burger_pulled_pork_promotion.png,cinepolis-vip-el-dorado-veracruz
18608,Maxicombo Hot Dog,,Para Compartir,,combo,sellable,normal,,"2 Hot Dogs con Papas Twister (150 gr), 2 refrescos jumbo (1.2 ltr) y 1 palomitas para llevar de mantequilla (285 gr).",https://cinepolis.com/redesign/MX/menus/vip/maxi_combo_hotdog_small.png,https://cinepolis.com/redesign/MX/menus/vip/maxi_combo_hotdog_wide.png,https://cinepolis.com/redesign/MX/menus/vip/maxi_combo_hotdog_promotional.png,cinepolis-vip-el-dorado-veracruz
25681,Tropical Ice,Grande,Bebidas frías,,compound,sellable,normal,,Bebida fría preparada con esencias Monin® sabor Mango y Durazno.,https://cinepolis.com/redesign/MX/menus/vip/tropical_ice_small.png,https://cinepolis.com/redesign/MX/menus/vip/tropical_ice_wide.png,https://cinepolis.com/redesign/MX/menus/vip/tropical_ice_promotional.png,cinepolis-vip-el-dorado-veracruz
16799,Crepas Dulces Premium,Grandes,Crepas,,compound,sellable,normal,Sabor Canelitas,Crepas dulces premium.,https://cinepolis.com/redesign/MX/menus/vip/crepa_oreo_small.png,https://cinepolis.com/redesign/MX/menus/vip/1440x476_crepa_VIP_canelitas_wide.jpg,https://cinepolis.com/redesign/MX/menus/vip/414x268_crepa_VIP_canelitas_promotional.jpg,cinepolis-vip-el-dorado-veracruz
25610,Papas Trufadas,,Snacks,,simple,sellable,normal,,250g de exquisitas papas trufadas con queso parmesano y perejil.,https://cinepolis.com/redesign/MX/menus/vip/papas_trufadas_small.png,https://cinepolis.com/redesign/MX/menus/vip/papas_trufadas_wide.png,https://cinepolis.com/redesign/MX/menus/vip/papas_trufadas_promotional.png,cinepolis-vip-el-dorado-veracruz
14294,Margarita,Grande,Bar,,compound,sellable,normal,,Margaritas variedad de sabores.,https://cinepolis.com/redesign/MX/menus/vip/margarita_small.png,https://cinepolis.com/redesign/MX/menus/vip/margarita_wide.png,https://cinepolis.com/redesign/MX/menus/vip/margarita_promotional.png,cinepolis-vip-el-dorado-veracruz
26052,Frappé Aguas,Jumbo,Bebidas frías,,compound,sellable,normal,,Descubre la refrescante colección de sabores en nuestra sección de agua.,https://cinepolis.com/redesign/MX/menus/vip/frappe_agua_small.png,https://cinepolis.com/redesign/MX/menus/vip/frappe-skwinkles-chunks-sandia-vip-wide.png,https://cinepolis.com/redesign/MX/menus/vip/frappe-skwinkles-chunks-sandia-vip-promotional.png,cinepolis-vip-el-dorado-veracruz
15324,Americano,Grande,Bebidas calientes,,compound,sellable,normal,,Café americano Nespresso®.,https://cinepolis.com/redesign/MX/menus/vip/cafe_americano_small.png,https://cinepolis.com/redesign/MX/menus/vip/cafe_americano_wide.png,https://cinepolis.com/redesign/MX/menus/vip/cafe_americano_promotional.png,cinepolis-vip-el-dorado-veracruz
14434,Licor del 43®,,Bar,,simple,sellable,normal,,Licor del 43®.,https://cinepolis.com/redesign/MX/menus/vip/licor_43_small.png,https://cinepolis.com/redesign/MX/menus/vip/licor_43_wide.png,https://cinepolis.com/redesign/MX/menus/vip/licor_43_promotional.png,cinepolis-vip-el-dorado-veracruz
17212,Combo Makis en pareja,,Combos,,combo,sellable,normal,,Maki a elegir 1 Yakimeshi Philadelphia® especial 1 Kushiage de Queso Manchego 1 Kushiage de Queso Crema Philadelphia® y 2 refrescos jumbo (1.2 ltrs).,https://cinepolis.com/redesign/MX/menus/vip/combo_sushi_pareja_small.jpg,https://cinepolis.com/redesign/MX/menus/vip/combo_sushi_pareja_wide.jpg,https://cinepolis.com/redesign/MX/menus/vip/combo_sushi_pareja_promotional.jpg,cinepolis-vip-el-dorado-veracruz
26165,Combo Ciel®,,Combos,,combo,sellable,normal,,1 palomitas para llevar (285 gr) y 2 aguas Ciel® de 1 L.,https://cinepolis.com/redesign/MX/menus/vip/combo_ciel_small.png,https://cinepolis.com/redesign/MX/menus/vip/combo_ciel_wide.png,https://cinepolis.com/redesign/MX/menus/vip/combo_ciel_promotional.png,cinepolis-vip-el-dorado-veracruz
14518,Mojito,Grande,Bar,,compound,sellable,normal,,Mojito variedad de sabores.,https://cinepolis.com/redesign/MX/menus/vip/mojito_small.png,https://cinepolis.com/redesign/MX/menus/vip/mojito_wide.png,https://cinepolis.com/redesign/MX/menus/vip/mojito_promotional.png,cinepolis-vip-el-dorado-veracruz
14709,Té frío,Grande frío,Bebidas frías,,compound,sellable,normal,,Té frío.,https://cinepolis.com/redesign/MX/menus/vip/te_frio_small.png,https://cinepolis.com/redesign/MX/menus/vip/te_frio_wide.png,https://cinepolis.com/redesign/MX/menus/vip/te_frio_promo.png,cinepolis-vip-el-dorado-veracruz
18795,Agua Embotellada,1 L,Bebidas frías,,compound,sellable,normal,,Agua Embotellada,https://cinepolis.com/redesign/MX/menus/vip/agua_1000_small.png,https://cinepolis.com/redesign/MX/menus/vip/aguaciel_large.png,https://cinepolis.com/redesign/MX/menus/vip/aguaciel_medium.png,cinepolis-vip-el-dorado-veracruz
14430,Licor Amaretto Disaronno®,,Bar,,simple,sellable,normal,,Licor Amaretto Disaronno®.,https://cinepolis.com/redesign/MX/menus/vip/amaretto_disaronno_small.png,https://cinepolis.com/redesign/MX/menus/vip/amaretto_disaronno_wide.png,https://cinepolis.com/redesign/MX/menus/vip/amaretto_disaronno_promotional.png,cinepolis-vip-el-dorado-veracruz
25929,Cheesy Boneless Dog,Cheesy Boneless,Snacks,,compound,sellable,normal,,"Irresistible hot dog con salchicha Oscar Mayer®, boneless de pollo, queso Manchego gratinado y papas Twister crujientes. Una fusión perfecta de sabores que te cautivará.",https://cinepolis.com/redesign/MX/menus/vip/hotdog_boneless_small.png,https://cinepolis.com/redesign/MX/menus/vip/hotdog_boneless_wide.png,https://cinepolis.com/redesign/MX/menus/vip/hotdog_boneless_promotional.png,cinepolis-vip-el-dorado-veracruz
14938,Makis,Grandes,Sushi,,compound,sellable,normal,,Makis.,https://cinepolis.com/redesign/MX/menus/vip/sushi_small.png,https://cinepolis.com/redesign/MX/menus/vip/sushi_wide.png,https://cinepolis.com/redesign/MX/menus/vip/sushi_promotional.png,cinepolis-vip-el-dorado-veracruz
16794,Crepas Saladas Favoritas,,Crepas,,compound,sellable,normal,,Crepas saladas favoritas.,https://cinepolis.com/redesign/MX/menus/vip/crepa_salada_favorita_small.png,https://cinepolis.com/redesign/MX/menus/vip/crepa_salada_favorita_wide.png,https://cinepolis.com/redesign/MX/menus/vip/crepa_salada_favorita_promotional.png,cinepolis-vip-el-dorado-veracruz
15404,Boneless Wings,,Snacks,,simple,sellable,normal,,"250g de alitas de pollo sin hueso, acompañadas de aderezo blue cheese.",https://cinepolis.com/redesign/MX/menus/vip/boneless_small.png,https://cinepolis.com/redesign/MX/menus/vip/boneless_wide.png,https://cinepolis.com/redesign/MX/menus/vip/boneless_promotional.png,cinepolis-vip-el-dorado-veracruz
6167,Stella Artois®,,Bar,,simple,sellable,normal,,Cerveza Stella Artois®,https://cinepolis.com/redesign/MX/menus/vip/stella_small.png,https://cinepolis.com/redesign/MX/menus/vip/stella_wide.png,https://cinepolis.com/redesign/MX/menus/vip/stella_promotional.png,cinepolis-vip-el-dorado-veracruz
28578,Boba Dragon Ice,Grande,Bebidas frías,,compound,sellable,normal,,"Bebida fría preparada con esencias Monin® sabor Pitahaya y Mango, y con perlas explosivas sabor Blueberry.",https://cinepolis.com/redesign/MX/menus/atmosfera/small_dragon_ice.png,https://cinepolis.com/redesign/MX/menus/vip/dragon-ice-vip-wide.png,https://cinepolis.com/redesign/MX/menus/vip/dragon-ice-vip-promotional.png,cinepolis-vip-el-dorado-veracruz
925,Modelo Especial,,Bar,,simple,sellable,normal,,Cerveza Modelo Especial,https://cinepolis.com/redesign/MX/menus/vip/cerveza_small.png,https://cinepolis.com/redesign/MX/menus/vip/cerveza_wide.png,https://cinepolis.com/redesign/MX/menus/vip/cerveza_promotional.png,cinepolis-vip-el-dorado-veracruz
14977,Plato Snack Boneless,Grandes,Snacks,,compound,sellable,normal,,"4 Tequesitos®, 200g de boneless wings y 150g papas twister acompañados con aderezo chipotle y salsa buffalo wings.",https://cinepolis.com/redesign/MX/menus/vip/plato_snack_small.png,https://cinepolis.com/redesign/MX/menus/vip/plato_snack_wide.png,https://cinepolis.com/redesign/MX/menus/vip/plato_snack_promotional.png,cinepolis-vip-el-dorado-veracruz
21455,Tequesitos®,Grandes,Snacks,,compound,sellable,normal,,Deditos hechos con pasta de harina de trigo rellenos.,https://cinepolis.com/redesign/MX/menus/vip/tequesitos_small.png,https://cinepolis.com/redesign/MX/menus/vip/tequesitos_wide.png,https://cinepolis.com/redesign/MX/menus/vip/tequesitos_promotional.png,cinepolis-vip-el-dorado-veracruz
14965,Yakimeshi,Yakimeshi,Sushi,,compound,sellable,normal,,Yakimeshi.,https://cinepolis.com/redesign/MX/menus/vip/yakimeshi_small.png,https://cinepolis.com/redesign/MX/menus/vip/yakimeshi_wide.png,https://cinepolis.com/redesign/MX/menus/vip/yakimeshi_imperial_promotional.png,cinepolis-vip-el-dorado-veracruz
17535,Brownie Oreo®,,Postres y Helados,,simple,sellable,normal,,Brownie sabor Oreo® con una cama de cheesecake y trozos de galleta Oreo®.,https://cinepolis.com/redesign/MX/menus/vip/brownie_oreo_small.png,https://cinepolis.com/redesign/MX/menus/vip/brownie_oreo_small.png,https://cinepolis.com/redesign/MX/menus/vip/brownie_oreo_promotional.png,cinepolis-vip-el-dorado-veracruz
25866,Sashimi de Atún,,Sushi,,simple,sellable,normal,Nuevo,"Finas láminas de atún fresco bañadas en salsa de soya, jugo de limón y naranja, acompañadas de pepino, chile serrano y aguacate.",https://cinepolis.com/redesign/MX/menus/vip/sashimi_atun_small.jpg,https://cinepolis.com/redesign/MX/menus/vip/sashimi_atun_wide.jpg,https://cinepolis.com/redesign/MX/menus/vip/sashimi_atun_promotional.jpg,cinepolis-vip-el-dorado-veracruz
28741,Arma Tu Combo Individual,,Nuevos Lanzamientos,,combo,sellable,normal,Nuevo,"Disfruta tu combo eligiendo tu platillo y bebida, acompañado de palomitas, papas y postre.",https://cinepolis.com/redesign/MX/menus/tradicional/generic.png,https://cinepolis.com/redesign/MX/menus/vip/arma-tu-combo-vip-wide.png,https://cinepolis.com/redesign/MX/menus/vip/arma-tu-combo-vip-promotional.png,cinepolis-vip-el-dorado-veracruz
26058,Frappé Premium,Jumbo,Bebidas frías,,compound,sellable,normal,Sabor Canelitas,Descubre la refrescante colección de sabores en nuestra sección de frappés de leche.,https://cinepolis.com/redesign/MX/menus/vip/frappe_premium_small.png,https://cinepolis.com/redesign/MX/menus/vip/1440x476_frappe_VIP_canelitas_wide.jpg,https://cinepolis.com/redesign/MX/menus/vip/414x268_frappe_VIP_canelitas_promotional.jpg,cinepolis-vip-el-dorado-veracruz
18779,Frappé Leche Promo,Grande,Promociones,,compound,sellable,normal,Sólo en App y Web,Descubre la refrescante colección de sabores en nuestra sección de frappés. Promoción exclusiva en compras por app o web.,https://cinepolis.com/redesign/MX/menus/vip/frappe_favorito_small.png,https://cinepolis.com/redesign/MX/menus/vip/frappe_favorito_wide.png,https://cinepolis.com/redesign/MX/menus/vip/frappe_favorito_promotional.png,cinepolis-vip-el-dorado-veracruz
18234,Combo Makis individual,,Combos,,combo,sellable,promotional,,1 Maki a elegir 1 Kushiage de Queso Manchego 1 Kushiage de Queso Crema Philadelphia® y 1 refresco jumbo (1.2 ltr).,https://cinepolis.com/redesign/MX/menus/vip/combo_makis_individual_small.png,https://cinepolis.com/redesign/MX/menus/vip/combo_makis_wide.png,https://cinepolis.com/redesign/MX/menus/vip/combo_makis_promotional.png,cinepolis-vip-el-dorado-veracruz
22089,Papas Crisscut,Grandes,Snacks,,compound,sellable,normal,,300 g de crujientes papas fritas con corte Crisscut® (No incluye dip de queso).,https://cinepolis.com/redesign/MX/menus/vip/papas_crisscut_small.png,https://cinepolis.com/redesign/MX/menus/vip/papas_crisscut_wide.png,https://cinepolis.com/redesign/MX/menus/vip/papas_crisscut_promotional.png,cinepolis-vip-el-dorado-veracruz
26262,Bacon Cheese Burger,,Snacks,,simple,sellable,normal,Nuevo,"Deliciosa hamburguesa con queso cheddar, tocino, carne de la marca Certified Angus Beef®, cebolla caramelizada y aderezo, acompañada de una orden de papas twister y chile toreado.",https://cinepolis.com/redesign/MX/menus/vip/burger_vip_small.jpg,https://cinepolis.com/redesign/MX/menus/vip/burger_vip_wide.png,https://cinepolis.com/redesign/MX/menus/vip/burger_vip_promotional.jpg,cinepolis-vip-el-dorado-veracruz
14974,Ensalada César,,Ensaladas,,simple,sellable,normal,,"La mejor selección de lechuga acompañada con pollo a la parrilla, crotones sazonados, queso parmesano y aderezo César.",https://cinepolis.com/redesign/MX/menus/vip/ensalada_cesar_small.png,https://cinepolis.com/redesign/MX/menus/vip/ensalada_cesar_wide.png,https://cinepolis.com/redesign/MX/menus/vip/ensalada_cesar_promotional.png,cinepolis-vip-el-dorado-veracruz
16260,Crepas Saladas Premium,Grandes,Crepas,,compound,sellable,normal,,Crepas saladas premium.,https://cinepolis.com/redesign/MX/menus/atmosfera/crepa_salada_premium_small.png,https://cinepolis.com/redesign/MX/menus/atmosfera/crepa_salada_premium_wide.png,https://cinepolis.com/redesign/MX/menus/atmosfera/crepa_salada_premium_promorional.png,cinepolis-las-americas-veracruz
15060,Chocolate,Grande,Bebidas Calientes,,compound,sellable,normal,,Descubre la colección de sabores en nuestra sección de chocolates,https://cinepolis.com/redesign/MX/menus/atmosfera/small_Chocolate_obscuro.png,https://cinepolis.com/redesign/MX/menus/atmosfera/wide_Chocolate_obscuro.png,https://cinepolis.com/redesign/MX/menus/atmosfera/promotional_Chocolate_obscuro.png,cinepolis-las-americas-veracruz
14220,Hot Dog Jumbo,Jumbo,Clásicos,,simple,sellable,normal,,"Delicioso Hot Dog Cinépolis, elaborado con salchicha Oscar Mayer®.",https://cinepolis.com/redesign/MX/menus/tradicional/hot_dog_small.png,https://cinepolis.com/redesign/MX/menus/atmosfera/Hotdog_mx_wide.png,https://cinepolis.com/redesign/MX/menus/atmosfera/hotdog_mx_promotional.png,cinepolis-las-americas-veracruz
15117,Moka Obscuro,Grande,Bebidas Calientes,,compound,sellable,normal,,Descubre la refrescante colección de sabores en nuestra sección de Frappés.,https://cinepolis.com/redesign/MX/menus/atmosfera/moka_oscuro_small.png,https://cinepolis.com/redesign/MX/menus/atmosfera/moka_oscuro_wide.png,https://cinepolis.com/redesign/MX/menus/atmosfera/moka_oscuro_promotional.png,cinepolis-las-americas-veracruz
14662,Papas Twister,Papas Twister,Snacks,,compound,sellable,normal,,Papas con corte espiral crujientes y deliciosamente sazonadas (Jumbo: 250 gr - Tradicional: 170 gr).,https://cinepolis.com/redesign/MX/menus/atmosfera/papas_twister_small.png,https://cinepolis.com/redesign/MX/menus/atmosfera/papas_twister_wide.png,https://cinepolis.com/redesign/MX/menus/atmosfera/papas_twister_promotional.png,cinepolis-las-americas-veracruz
22528,Boneless,Grandes,Snacks,,compound,sellable,normal,,Alitas de pollo sin hueso (250 g contenido aproximado) acompañadas de una salsa de las disponibles.,https://cinepolis.com/redesign/MX/menus/atmosfera/boneless_small.png,https://cinepolis.com/redesign/MX/menus/atmosfera/boneless_wide.png,https://cinepolis.com/redesign/MX/menus/atmosfera/boneless_promotional.png,cinepolis-las-americas-veracruz
28715,Hamburguesa Tradicional,,Nuevos Lanzamientos,,simple,sellable,normal,,Hamburguesa tradicional,https://cinepolis.com/redesign/MX/menus/tradicional/generic.png,https://cinepolis.com/redesign/MX/menus/tradicional/hamburguesa-individual-trad-wide.png,https://cinepolis.com/redesign/MX/menus/tradicional/hamburguesa-individual-trad-promotional.png,cinepolis-las-americas-veracruz
27592,Malteadas Sencillas,Malteada,Bebidas Frías,,compound,sellable,normal,Nuevo,Malteadas sabor a elegir.,https://cinepolis.com/redesign/MX/menus/vip/malteada_vainilla_small.png,https://cinepolis.com/redesign/MX/menus/atmosfera/TRAD_Maletada_fresa_wide.jpg,https://cinepolis.com/redesign/MX/menus/atmosfera/TRAD_Maletada_fresa_promotional.jpg,cinepolis-las-americas-veracruz
14739,Americano Frío,Grande,Bebidas Frías,,compound,sellable,normal,,Cafe Americano Frío.,https://cinepolis.com/redesign/MX/menus/atmosfera/americano_frio_small.png,https://cinepolis.com/redesign/MX/menus/atmosfera/americano_frio_wide.png,https://cinepolis.com/redesign/MX/menus/atmosfera/americano_frio_promotional.png,cinepolis-las-americas-veracruz
15640,Crepa dulce + Frappé leche,,Combos,,combo,sellable,normal,,Crepa dulce 2 ingredientes + Frappé leche.,https://cinepolis.com/redesign/MX/menus/atmosfera/combo_crepa_frappe_small.png,https://cinepolis.com/redesign/MX/menus/atmosfera/combo_crepa_frappe_wide.png,https://cinepolis.com/redesign/MX/menus/atmosfera/combo_crepa_frappe_promotional.png,cinepolis-las-americas-veracruz
28748,Frappé Futbolista,Jumbo,Nuevos Lanzamientos,,compound,sellable,normal,Nuevo Sabor,"Frappé sabor chocolate blanco, con una base de mermelada de fresa y una cubierta de jarabe de manzana verde y topping de crema batida.",https://cinepolis.com/redesign/MX/menus/atmosfera/frappe_agua_small.png,https://cinepolis.com/redesign/MX/menus/tradicional/frappe-mundialista-wide.png,https://cinepolis.com/redesign/MX/menus/tradicional/frappe-mundialista-promotional.png,cinepolis-las-americas-veracruz
28603,Cubeta Futbolera Coca Cola,Palomera,Promocionales,,simple,sellable,normal,,Palomera metalica mundial coca cola,https://cinepolis.com/redesign/MX/menus/tradicional/small_Wicked.png,https://cinepolis.com/redesign/MX/menus/tradicional/palomera-mundial-coca-cola-wide.png,https://cinepolis.com/redesign/MX/menus/tradicional/palomera-mundial-coca-cola-promotional.png,cinepolis-las-americas-veracruz
15147,Latte Frío,Latte Frío,Bebidas Frías,,compound,sellable,normal,,Café latte Frío,https://cinepolis.com/redesign/MX/menus/atmosfera/latte_helado_small.png,https://cinepolis.com/redesign/MX/menus/atmosfera/latte_helado_wide.png,https://cinepolis.com/redesign/MX/menus/atmosfera/latte_helado_promotional.png,cinepolis-las-americas-veracruz
28782,Combo Crepa En Pareja Frappé Leche,,Combos,,combo,sellable,normal,,Combo crepa en pareja frappé leche,https://cinepolis.com/redesign/MX/menus/tradicional/generic.png,https://cinepolis.com/redesign/MX/menus/tradicional/combo-crepa-en-pareja1-wide.png,https://cinepolis.com/redesign/MX/menus/tradicional/combo-crepa-en-pareja1-promotional.png,cinepolis-las-americas-veracruz
28098,Crepa + Frappé agua,,Promociones,,combo,sellable,normal,Exclusivo digital,Crepa dulce 2 ingredientes + Frappé agua.,https://cinepolis.com/redesign/MX/menus/atmosfera/combo_crepa_frappe_small.png,https://cinepolis.com/redesign/MX/menus/atmosfera/combo_crepa_frappe_wide.png,https://cinepolis.com/redesign/MX/menus/atmosfera/combo_crepa_frappe_promotional.png,cinepolis-las-americas-veracruz
14734,Americano,Grande,Bebidas Calientes,,compound,sellable,normal,,Café americano.,https://cinepolis.com/redesign/MX/menus/atmosfera/cafe_americano_small.png,https://cinepolis.com/redesign/MX/menus/atmosfera/cafe_americano_wide.png,https://cinepolis.com/redesign/MX/menus/atmosfera/cafe_americano_promotional.png,cinepolis-las-americas-veracruz
15443,Pastel + Café,,Combos,,combo,sellable,normal,,Escoge cualquier pastel más un café grande (591 ml).,https://cinepolis.com/redesign/MX/menus/atmosfera/combo_pastel_americano_small.png,https://cinepolis.com/redesign/MX/menus/atmosfera/combo_pastel_americano_wide.png,https://cinepolis.com/redesign/MX/menus/atmosfera/combo_pastel_americano_promotional.png,cinepolis-las-americas-veracruz
15642,Crepa dulce + Frappé agua,,Combos,,combo,sellable,normal,,Crepa dulce 2 ingredientes + Frappé agua.,https://cinepolis.com/redesign/MX/menus/atmosfera/combo_crepa_frappe_small.png,https://cinepolis.com/redesign/MX/menus/atmosfera/combo_crepa_frappe_wide.png,https://cinepolis.com/redesign/MX/menus/atmosfera/combo_crepa_frappe_promotional.png,cinepolis-las-americas-veracruz
21408,Tequesitos,Grandes,Snacks,,compound,sellable,promotional,,Deditos hechos con pasta de harina de trigo rellenos.,https://cinepolis.com/redesign/MX/menus/atmosfera/tequesitos_small.png,https://cinepolis.com/redesign/MX/menus/tradicional/tequesitos-glorias-wide.jpg,https://cinepolis.com/redesign/MX/menus/tradicional/tequesitos-glorias-promotional.jpg,cinepolis-las-americas-veracruz
28781,Combo Crepa Mix Frappe Leche,,Combos,,combo,sellable,normal,,"Elige tu frappé favorito tamaño jumbo, acompañado de la crepa y el snack de tu elección.",https://cinepolis.com/redesign/MX/menus/tradicional/generic.png,https://cinepolis.com/redesign/MX/menus/atmosfera/combo-crepa-en-pareja-frappe-leche-wide.png,https://cinepolis.com/redesign/MX/menus/atmosfera/combo-crepa-en-pareja-frappe-leche-promotional.png,cinepolis-las-americas-veracruz
24195,Plato Snack Boneless,Grandes,Snacks,,compound,sellable,normal,,"4 Tequesitos manchego, 250 gr papas twister y 200 gr de boneless.",https://cinepolis.com/redesign/MX/menus/atmosfera/small_plato_snacks.png,https://cinepolis.com/redesign/MX/menus/atmosfera/wide_plato_snacks.png,https://cinepolis.com/redesign/MX/menus/atmosfera/promotional_plato_snacks.png,cinepolis-las-americas-veracruz
15143,Latte,Grande,Bebidas Calientes,,compound,sellable,normal,,Café Latte.,https://cinepolis.com/redesign/MX/menus/atmosfera/cafe_late_small.png,https://cinepolis.com/redesign/MX/menus/atmosfera/cafe_late_wide.png,https://cinepolis.com/redesign/MX/menus/atmosfera/cafe_late_promotional.png,cinepolis-las-americas-veracruz
15437,Pastel + Frappé,,Combos,,combo,sellable,normal,,Escoge cualquier pastel más un frappé grande (591 ml).,https://cinepolis.com/redesign/MX/menus/atmosfera/combo_frappe_pastel_small.png,https://cinepolis.com/redesign/MX/menus/atmosfera/combo_frappe_pastel_small.png,https://cinepolis.com/redesign/MX/menus/atmosfera/combo_frappe_pastel_promotional.png,cinepolis-las-americas-veracruz
15658,Crepa salada + Frappé leche,,Combos,,combo,sellable,normal,,Crepa salada 2 ingredientes + Frappé leche.,https://cinepolis.com/redesign/MX/menus/atmosfera/combo_crepa_salado_small.png,https://cinepolis.com/redesign/MX/menus/atmosfera/combo_crepa_salado_wide.png,https://cinepolis.com/redesign/MX/menus/atmosfera/combo_crepa_salado_promotional.png,cinepolis-las-americas-veracruz
24687,Crepa salada + Frappé agua,,Combos,,combo,sellable,normal,,Crepa salada 2 ingredientes + Frappé agua.,https://cinepolis.com/redesign/MX/menus/atmosfera/combo_crepa_salado_small.png,https://cinepolis.com/redesign/MX/menus/atmosfera/combo_crepa_salado_wide.png,https://cinepolis.com/redesign/MX/menus/atmosfera/combo_crepa_salado_promotional.png,cinepolis-las-americas-veracruz
28190,Boneless Mix,,Snacks,,simple,sellable,normal,,Boneless Mix.,https://cinepolis.com/redesign/MX/menus/tradicional/Mac_Cheese_Boneless_small.png,https://cinepolis.com/redesign/MX/menus/tradicional/boneless_mix_wide.png,https://cinepolis.com/redesign/MX/menus/tradicional/boneless_mix_promotional.png,cinepolis-las-americas-veracruz
24200,Combo Plato Snack,,Combos,,combo,sellable,normal,,Refresco Jumbo y Plato Snack.,https://cinepolis.com/redesign/MX/menus/atmosfera/combo_plato_snack_small.jpg,https://cinepolis.com/redesign/MX/menus/atmosfera/combo_plato_snack_wide.jpg,https://cinepolis.com/redesign/MX/menus/atmosfera/combo_plato_snack_promotional.jpg,cinepolis-las-americas-veracruz
28717,Combo Hamburguesa Tradicional,,Nuevos Lanzamientos,,combo,sellable,normal,,Combo hamburguesa tradicional,https://cinepolis.com/redesign/MX/menus/tradicional/generic.png,https://cinepolis.com/redesign/MX/menus/atmosfera/combo-hamburguesa-trad-wide.png,https://cinepolis.com/redesign/MX/menus/atmosfera/combo-hamburguesa-trad-promotional.png,cinepolis-las-americas-veracruz
14580,Espresso,Grande,Bebidas Calientes,,compound,sellable,normal,,Café Espresso,https://cinepolis.com/redesign/MX/menus/atmosfera/expresso_small.png,https://cinepolis.com/redesign/MX/menus/atmosfera/expresso_wide.png,https://cinepolis.com/redesign/MX/menus/atmosfera/expresso_promotional.png,cinepolis-las-americas-veracruz
17718,Combo Clásico Pal Jumbo,,Combos,,combo,sellable,normal,,"1 palomitas para llevar (285 gr), 1 refresco jumbo (1.2 ltr) y 1 hot dog.",https://cinepolis.com/redesign/MX/menus/tradicional/combo_clasico_small.png,https://cinepolis.com/redesign/MX/menus/tradicional/combo_clasico_wide.png,https://cinepolis.com/redesign/MX/menus/tradicional/combo_clasico_promotional.png,cinepolis-las-americas-veracruz
28780,Combo Crepa Duo Frappe Leche,,Combos,,combo,sellable,normal,,"Elige tu frappé favorito tamaño jumbo, acompañado de la crepa de tu elección.",https://cinepolis.com/redesign/MX/menus/tradicional/generic.png,https://cinepolis.com/redesign/MX/menus/atmosfera/combo-crepa-duo-frappe-leche-wide.png,https://cinepolis.com/redesign/MX/menus/atmosfera/combo-crepa-duo-frappe-leche-promotional.png,cinepolis-las-americas-veracruz
15118,Moka Obscuro Frío,Grande,Bebidas Frías,,compound,sellable,normal,,Café moka obscuro frío.,https://cinepolis.com/redesign/MX/menus/atmosfera/cafe_moka_frio_small.png,https://cinepolis.com/redesign/MX/menus/atmosfera/cafe_moka_frio_wide.png,https://cinepolis.com/redesign/MX/menus/atmosfera/cafe_moka_frio_promotional.png,cinepolis-las-americas-veracruz
15176,Capuccino,Grande,Bebidas Calientes,,compound,sellable,normal,,Café Capuccino,https://cinepolis.com/redesign/MX/menus/atmosfera/cafe_capuccino_wide.png,https://cinepolis.com/redesign/MX/menus/atmosfera/cafe_capuccino_wide.png,https://cinepolis.com/redesign/MX/menus/atmosfera/cafe_capuccino_promotional.png,cinepolis-las-americas-veracruz
15655,Crepas Saladas 2 ingredientes,,Crepas,,compound,sellable,normal,,Crepas saladas 2 ingredientes.,https://cinepolis.com/redesign/MX/menus/atmosfera/crepa_salada_2_small.png,https://cinepolis.com/redesign/MX/menus/atmosfera/crepa_salada_2_wide.png,https://cinepolis.com/redesign/MX/menus/atmosfera/crepa_salada_2_promotional.png,cinepolis-las-americas-veracruz
17773,Combo ICEE® Pal Jumbo,,Combos,,combo,sellable,normal,,"Dos ICEE® del sabor de tu preferencia, unas palomitas sabor mantequilla y unos Skwinkles Salsaghetti®.",https://cinepolis.com/redesign/MX/menus/tradicional/combo_icee_small.png,https://cinepolis.com/redesign/MX/menus/tradicional/combo_icee_wide.png,https://cinepolis.com/redesign/MX/menus/tradicional/combo_icee_promotional.png,cinepolis-las-americas-veracruz
5400,Pretzel,,Postres y Helados,,simple,sellable,normal,,Pretzel.,https://cinepolis.com/redesign/MX/menus/atmosfera/pretzel_small.png,https://cinepolis.com/redesign/MX/menus/atmosfera/pretzel_wide.png,https://cinepolis.com/redesign/MX/menus/atmosfera/pretzel_promotional.png,cinepolis-las-americas-veracruz
28120,Crepa + Frappé leche,,Promociones,,combo,sellable,normal,Exclusivo digital,Crepa dulce 2 ingredientes + Frappé leche.,https://cinepolis.com/redesign/MX/menus/atmosfera/combo_crepa_frappe_small.png,https://cinepolis.com/redesign/MX/menus/atmosfera/combo_crepa_frappe_wide.png,https://cinepolis.com/redesign/MX/menus/atmosfera/combo_crepa_frappe_promotional.png,cinepolis-las-americas-veracruz
23142,Combo Boneless,,Combos,,combo,sellable,normal,,Boneless (250 gr) acompañados de papas twister (250 gr) y un refresco jumbo (1.2 L).,https://cinepolis.com/redesign/MX/menus/atmosfera/combo_boneless_small.png,https://cinepolis.com/redesign/MX/menus/atmosfera/combo_boneless_wide.png,https://cinepolis.com/redesign/MX/menus/atmosfera/combo_boneless_promotional.png,cinepolis-las-americas-veracruz
15477,Crepas Saladas 1 Ingrediente,Grandes,Crepas,,compound,sellable,normal,,Crepas saladas 1 ingrediente.,https://cinepolis.com/redesign/MX/menus/atmosfera/crepa_salada_1_small.png,https://cinepolis.com/redesign/MX/menus/atmosfera/crepa_salada_1_wide.png,https://cinepolis.com/redesign/MX/menus/atmosfera/crepa_salada_1_promotional.png,cinepolis-las-americas-veracruz
15549,Pastel + Capuccino,,Combos,,combo,sellable,normal,,Escoge cualquier pastel más un capuccino grande (591 ml).,https://cinepolis.com/redesign/MX/menus/atmosfera/capuccino_pastel_small.png,https://cinepolis.com/redesign/MX/menus/atmosfera/capuccino_pastel_wide.png,https://cinepolis.com/redesign/MX/menus/atmosfera/capuccino_pastel_promotional.png,cinepolis-las-americas-veracruz
16272,Crepas Dulces Premium,Grandes,Crepas,,compound,sellable,normal,Sabor Canelitas,Crepas dulces premium.,https://cinepolis.com/redesign/MX/menus/atmosfera/crepa_dulce_premium_small.png,https://cinepolis.com/redesign/MX/menus/tradicional/1440x476_crepa_trad_canelitas_wide.jpg,https://cinepolis.com/redesign/MX/menus/tradicional/414x268_crepa_trad_canelitas_promotional.jpg,cinepolis-las-americas-veracruz
17121,Volcán de Chocolate,,Postres y Helados,,simple,sellable,normal,,"Pastel de chocolate relleno de delicioso hot fudge, servido con helado de vainilla.",https://cinepolis.com/redesign/MX/menus/vip/volcan_chocolate_small.png,https://cinepolis.com/redesign/MX/menus/vip/volcan_chocolate_wide.png,https://cinepolis.com/redesign/MX/menus/vip/volcan_chocolate_promotional.png,cinepolis-vip-las-americas-veracruz
27838,Churros,Oreo®,Postres y Helados,,compound,sellable,normal,Nuevo,Churros.,https://cinepolis.com/redesign/MX/menus/vip/tequesitos_small.png,https://cinepolis.com/redesign/MX/menus/vip/churros_bites_wide.png,https://cinepolis.com/redesign/MX/menus/vip/churros_bites_promotional.png,cinepolis-vip-las-americas-veracruz
24527,Malteadas Premium,Malteada,Bebidas frías,,compound,sellable,normal,,Malteadas Premium.,https://cinepolis.com/redesign/MX/menus/vip/malteada_brownie_small.png,https://cinepolis.com/redesign/MX/menus/vip/malteada_brownie_wide.png,https://cinepolis.com/redesign/MX/menus/vip/malteada_brownie_promotional.png,cinepolis-vip-las-americas-veracruz
24269,Sliders con Queso,,Snacks,,simple,sellable,normal,,3 mini burgers de carne calidad de la marca Certified Angus Beef®.,https://cinepolis.com/redesign/MX/menus/vip/sliders_queso_small.png,https://cinepolis.com/redesign/MX/menus/vip/sliders_queso_wide.png,https://cinepolis.com/redesign/MX/menus/vip/sliders_queso_promotional.png,cinepolis-vip-las-americas-veracruz
22968,Chicken Tenders,,Snacks,,simple,sellable,normal,,"5 piezas de chicken tenders, acompañadas de aderezo blue cheese.",https://cinepolis.com/redesign/MX/menus/vip/chicken_tenders_small.png,https://cinepolis.com/redesign/MX/menus/vip/chicken_tenders_wide.png,https://cinepolis.com/redesign/MX/menus/vip/chicken_tenders_promotional.png,cinepolis-vip-las-americas-veracruz
23470,Carajillo Bailey's® Magnum®,,Bar,,simple,sellable,normal,,Carajillo Bailey's® con paleta Magnum®.,https://cinepolis.com/redesign/MX/menus/vip/baileys_magnum_small.png,https://cinepolis.com/redesign/MX/menus/vip/baileys_magnum_wide.png,https://cinepolis.com/redesign/MX/menus/vip/baileys_magnum_promotional.png,cinepolis-vip-las-americas-veracruz
28716,Bagui Cochinita,,Nuevos Lanzamientos,,compound,sellable,normal,,Bagui cochinita,https://cinepolis.com/redesign/MX/menus/tradicional/generic.png,https://cinepolis.com/redesign/MX/menus/vip/bagui-cochinita-vip-wide.png,https://cinepolis.com/redesign/MX/menus/vip/bagui-cochinita-vip-promotional.png,cinepolis-vip-las-americas-veracruz
17107,Malteadas Sencillas,Malteada,Bebidas frías,,compound,sellable,normal,,Malteadas sabor a elegir.,https://cinepolis.com/redesign/MX/menus/vip/malteada_vainilla_small.png,https://cinepolis.com/redesign/MX/menus/vip/malteada_vainilla_wide.png,https://cinepolis.com/redesign/MX/menus/vip/malteada_vainilla_promotional.png,cinepolis-vip-las-americas-veracruz
14399,Johnnie Walker® e. Negra,,Bar,,simple,sellable,normal,,Johnnie Walker® e. Negra.,https://cinepolis.com/redesign/MX/menus/vip/johnnie_walker_negra_small.png,https://cinepolis.com/redesign/MX/menus/vip/johnnie_walker_negra_wide.png,https://cinepolis.com/redesign/MX/menus/vip/johnnie_walker_negra_promotional.png,cinepolis-vip-las-americas-veracruz
24525,Malteada Helado,Jumbo,Bebidas frías,,compound,sellable,normal,Nuevo,Descubre la refrescante colección de sabores en nuestra sección de malteadas helado.,https://cinepolis.com/redesign/MX/menus/atmosfera/frappe_premium_small.png,https://cinepolis.com/redesign/MX/menus/atmosfera/frappe_premium_wide.png,https://cinepolis.com/redesign/MX/menus/atmosfera/frappe_premium_promorinal.png,cinepolis-vip-las-americas-veracruz
25177,La Bru® Lager Iztaccíhuatl,,Bar,,simple,sellable,normal,Nuevo,"Ligera como la nieve, brillante y fresca gracias al noble lúpulo llegado de Europa y a la cebada malteada de México. 355 ml.",https://cinepolis.com/redesign/MX/menus/vip/la_bru_iztaccihuatl_small.png,https://cinepolis.com/redesign/MX/menus/vip/la_bru_iztaccihuatl_wide.png,https://cinepolis.com/redesign/MX/menus/vip/la_bru_iztaccihuatl_promotional.png,cinepolis-vip-las-americas-veracruz
14487,Piñada,,Bebidas frías,,simple,sellable,normal,,Deliciosa piñada sin alcohol.,https://cinepolis.com/redesign/MX/menus/vip/piñada_small.png,https://cinepolis.com/redesign/MX/menus/vip/piñada_wide.png,https://cinepolis.com/redesign/MX/menus/vip/piñada_promotional.png,cinepolis-vip-las-americas-veracruz
14297,Piña Colada,,Bar,,compound,sellable,normal,,Piña colada,https://cinepolis.com/redesign/MX/menus/tradicional/generic.png,https://cinepolis.com/redesign/MX/menus/vip/piñada_wide.png,https://cinepolis.com/redesign/MX/menus/vip/piñada_promotional.png,cinepolis-vip-las-americas-veracruz
22471,Mix Granel Chico,Chico,Dulces y Chocolates,,compound,sellable,normal,,"2 productos de la dulcería a granel, a elegir.",https://cinepolis.com/redesign/MX/menus/vip/granel_chico_small.png,https://cinepolis.com/redesign/MX/menus/vip/granel_chico_wide.png,https://cinepolis.com/redesign/MX/menus/vip/granel_chico_promotional.png,cinepolis-vip-las-americas-veracruz
28742,Arma Tu Combo En Pareja,,Nuevos Lanzamientos,,combo,sellable,normal,Nuevo,"Disfruta tu combo eligiendo dos platillos y dos bebidas, acompañado de palomitas, papas y postre.",https://cinepolis.com/redesign/MX/menus/tradicional/generic.png,https://cinepolis.com/redesign/MX/menus/vip/arma-tu-combo-vip-wide.png,https://cinepolis.com/redesign/MX/menus/vip/arma-tu-combo-vip-promotional.png,cinepolis-vip-las-americas-veracruz
20788,Combo Papas Crisscut con Boneless,,Combos,,combo,sellable,normal,,"Plato con boneless, papas crisscut, tocino y queso, acompañado con 1 palomitas grandes de mantequilla y un refresco jumbo.",https://cinepolis.com/redesign/MX/menus/vip/combo_boneless_crisscut_small.jpg,https://cinepolis.com/redesign/MX/menus/vip/combo_boneless_crisscut_wide.jpg,https://cinepolis.com/redesign/MX/menus/vip/combo_boneless_crisscut_promotional.jpg,cinepolis-vip-las-americas-veracruz
27622,Combo Bagui,,Combos,,combo,sellable,normal,,1 refresco jumbo (1.2 ltr) y 1 bagui a elegir.,https://cinepolis.com/redesign/MX/menus/atmosfera/combo_bagui_especial_small.png,https://cinepolis.com/redesign/MX/menus/atmosfera/combo_bagui_wide.png,https://cinepolis.com/redesign/MX/menus/atmosfera/combo_bagui_promotional.png,cinepolis-plaza-las-americas-xalapa
15698,Baguis Premium,Baguis Premium,Baguis,,compound,sellable,normal,Nuevo sabor,Baguis Premium,https://cinepolis.com/redesign/MX/menus/atmosfera/bagui_premium_small.png,https://cinepolis.com/redesign/MX/menus/tradicional/Bagui_Cochinita_Pibil_wide.jpg,https://cinepolis.com/redesign/MX/menus/tradicional/Bagui_Cochinita_Pibil_promotional.jpg,cinepolis-plaza-las-americas-xalapa
28088,Combo Bagui Individual,,Promociones,,combo,sellable,normal,Exclusivo digital,"1 refresco jumbo (1.2 ltr), 1 bagui premium  y 1 complemento.",https://cinepolis.com/redesign/MX/menus/atmosfera/combo_bagui_premium_small.jpg,https://cinepolis.com/redesign/MX/menus/atmosfera/combo_bagui_premium_wide.jpg,https://cinepolis.com/redesign/MX/menus/atmosfera/combo_bagui_premium_promotional.jpg,cinepolis-plaza-las-americas-xalapa
27625,MaxiCombo Bagui,,Para Compartir,,combo,sellable,normal,,"2 baguis a elegir, 2 refrescos jumbo (1.2 ltr) y un complemento.",https://cinepolis.com/redesign/MX/menus/atmosfera/combo_bagui_pareja_small.png,https://cinepolis.com/redesign/MX/menus/atmosfera/combo_bagui_pareja_wide.png,https://cinepolis.com/redesign/MX/menus/atmosfera/combo_bagui_pareja_promotional.png,cinepolis-plaza-las-americas-xalapa
27837,Churro Bites,Grandes,Postres y Helados,,compound,sellable,normal,Nuevo,Churro Bites.,https://cinepolis.com/redesign/MX/menus/atmosfera/churro_small.png,https://cinepolis.com/redesign/MX/menus/atmosfera/Churros_wide.png,https://cinepolis.com/redesign/MX/menus/atmosfera/Churros_promotional.png,cinepolis-plaza-las-americas-xalapa
24758,Baguis Especiales,Baguis Especiales,Baguis,,compound,sellable,normal,,Baguis Especiales,https://cinepolis.com/redesign/MX/menus/atmosfera/bagui_favorito_small.png,https://cinepolis.com/redesign/MX/menus/atmosfera/bagui_favorito_wide.png,https://cinepolis.com/redesign/MX/menus/atmosfera/bagui_favorito_promotional.png,cinepolis-plaza-las-americas-xalapa
27223,Combo Mac & Cheese Boneless,,Combos,,combo,sellable,normal,,"1 refrescos jumbo (1.2 ltr), 1 palomitas para grandes (155 gr) y 200g Mac & Cheese Boneless.",https://cinepolis.com/redesign/MX/menus/vip/combo_mac_Cheese_boneless-VIP-small.jpg,https://cinepolis.com/redesign/MX/menus/vip/combo_mac_Cheese_boneless-VIP-wide.jpg,https://cinepolis.com/redesign/MX/menus/vip/combo_mac_Cheese_boneless-VIP-promotional.jpg,cinepolis-vip-las-americas-xalapa
26972,Mac&Cheese Boneless,,Snacks,,simple,sellable,normal,,Nuestros boneless acompañados de deliciosos mac&cheese.,https://cinepolis.com/redesign/MX/menus/vip/Mac_Cheese_Boneless_small.png,https://cinepolis.com/redesign/MX/menus/vip/Mac_Cheese_Boneless_wide.png,https://cinepolis.com/redesign/MX/menus/vip/Mac_Cheese_Boneless_promotional.png,cinepolis-vip-las-americas-xalapa
28537,Mac & Cheese Dog,Chico,Nuevos Lanzamientos,,compound,sellable,normal,,Hot Dog bañado de Mac&Cheese y tocino troceado.,https://cinepolis.com/redesign/MX/menus/vip/hotdog_con_papas_small.png,https://cinepolis.com/redesign/MX/menus/vip/mac-&cheese-dog-wide.jpg,https://cinepolis.com/redesign/MX/menus/vip/mac-&cheese-dog-promotional.jpg,cinepolis-vip-las-americas-xalapa
28072,Vaso promocional wicked 2D,Vaso,Promocionales,,simple,sellable,normal,,Vaso promocional wicked 2D,https://cinepolis.com/redesign/MX/menus/tradicional/small_Wicked.png,https://cinepolis.com/redesign/MX/menus/tradicional/cup_green_wide.png,https://cinepolis.com/redesign/MX/menus/tradicional/cup_green_promotional.png,cinepolis-plaza-museo-xalapa
27829,Churro Oreo®,Grandes,Postres y Helados,,compound,sellable,normal,Nuevo,Churro Oreo®.,https://cinepolis.com/redesign/MX/menus/atmosfera/churro_small.png,https://cinepolis.com/redesign/MX/menus/atmosfera/Churros_Oreo_wide.png,https://cinepolis.com/redesign/MX/menus/atmosfera/Churros_Oreo_promotional.png,cinepolis-plaza-valle-orizaba
21733,Combo ICEE® Jumbo con Skwinkles®,,Combos,,combo,sellable,normal,,"Dos ICEE® Jumbo del sabor de tu preferencia, unas palomitas sabor mantequilla y unos Skwinkles Salsaghetti®.",https://cinepolis.com/redesign/MX/menus/tradicional/combo_icee_small.png,https://cinepolis.com/redesign/MX/menus/tradicional/icee-combo-trad-tcc-wide.jpg,https://cinepolis.com/redesign/MX/menus/tradicional/icee-combo-trad-tcc-promotional.jpg,cinepolis-plaza-valle-orizaba
