id_producto,nombre,ingrediente,categoria,subcategoria,estructura,tipo,descripcion,order,category_order,cat_sub_order,product_order,sub_category_order,img_normal,img_wide,img_promo,img_icon
28070,Vaso Promocional Wicked 3D,Vaso,Promocionales,,combo,sellable,Vaso Promocional Wicked 3D.,,91,9A#D,,1,https://foods-static-content.cinepolis.com/redesign/MX/menus/tradicional/small_Wicked.png,https://foods-static-content.cinepolis.com/redesign/MX/menus/tradicional/wicked_vaso_ wide.png,https://foods-static-content.cinepolis.com/redesign/MX/menus/tradicional/wicked_vaso_promotional.png,https://foods-static-content.cinepolis.com/redesign/MX/ingredients/refresco_jumbo_icon.png
18446,Palomitas,Jumbo,Clásicos,,combo,sellable,Deliciosas palomitas recién hechas en canasta.,,5,5#1,,1,https://foods-static-content.cinepolis.com/redesign/MX/menus/tradicional/palomitas_jumbo_small.png,https://foods-static-content.cinepolis.com/redesign/MX/menus/tradicional/palomitas_jumbo_wide.png,https://foods-static-content.cinepolis.com/redesign/MX/menus/tradicional/palomitas_jumbo_promotional.png,https://foods-static-content.cinepolis.com/redesign/MX/menus/tradicional/palomitas_jumbo.png
28356,Combo Personalizado,,Combos,,combo,sellable,"Contiene 1 Palomitas Jumbo, 2 Refrescos Jumbo, +1 Producto a elegir",,2,2#0,,0,https://foods-static-content.cinepolis.com/redesign/MX/menus/tradicional/generic.png,https://foods-static-content.cinepolis.com/redesign/MX/menus/tradicional/ComboPersonalizadollevar-wide.jpg,https://foods-static-content.cinepolis.com/redesign/MX/menus/tradicional/ComboPersonalizadollevar-promotional.jpg,https://foods-static-content.cinepolis.com/redesign/MX/menus/tradicional/generic.png
14179,Combo Cuates,,Combos,,combo,sellable,1 palomitas para llevar (285 gr) y 2 refrescos jumbo (1.2 ltr).,,2,"2#9
",,1,https://foods-static-content.cinepolis.com/redesign/MX/menus/tradicional/combo_cuates_small.png,https://foods-static-content.cinepolis.com/redesign/MX/menus/tradicional/combo_cuates_wide.png,https://foods-static-content.cinepolis.com/redesign/MX/menus/tradicional/combo_cuates_promotional.png,https://foods-static-content.cinepolis.com/redesign/MX/menus/tradicional/combo_cuates_small.png
14089,Refresco,Jumbo,Clásicos,,combo,sellable,Descubre la refrescante colección de sabores en nuestra sección de Refrescos. Desde clásicos irresistibles hasta opciones bajas en calorías y personalización a tu medida.,,5,5#0,,2,https://foods-static-content.cinepolis.com/redesign/MX/menus/tradicional/refrescos_small.png,https://foods-static-content.cinepolis.com/redesign/MX/menus/tradicional/refrescos_wide.png,https://foods-static-content.cinepolis.com/redesign/MX/menus/tradicional/refrescos_promotional.png,https://foods-static-content.cinepolis.com/redesign/MX/ingredients/refresco_jumbo_icon.png
14212,Hot Dog Individual,Chico,Clásicos,,combo,sellable,"Delicioso Hot Dog Cinépolis, elaborado con salchicha Oscar Mayer®.",,5,5#3,,2,https://foods-static-content.cinepolis.com/redesign/MX/menus/tradicional/hot_dog_small.png,https://foods-static-content.cinepolis.com/redesign/MX/menus/tradicional/hot_dog_wide.png,https://foods-static-content.cinepolis.com/redesign/MX/menus/tradicional/hot_dog_promotional.png,https://foods-static-content.cinepolis.com/redesign/MX/ingredients/HotDog-icon.png
25160,Maxicombo Familiar Para LLevar,,Para Compartir,,combo,sellable,"3 refrescos tamaño jumbo (1.2 L), 2 palomitas sabor mantequilla tamaño para llevar y 1 chocolates M&M’S® sabor cacahuate.",,3,3#1,,1,https://foods-static-content.cinepolis.com/redesign/MX/menus/tradicional/maxi_combo_familiar_jm_small.png,https://foods-static-content.cinepolis.com/redesign/MX/menus/tradicional/MAXICOMBO FAMILIAR_LLEVAR_WIDE.png,https://foods-static-content.cinepolis.com/redesign/MX/menus/tradicional/MAXICOMBO FAMILIAR_LLEVAR_PROMO.png,https://foods-static-content.cinepolis.com/redesign/MX/menus/tradicional/maxi_combo_familiar_jm_small.png
28358,Maxicombo Personalizado Jumbo,,Para Compartir,,combo,sellable,"Contiene 2 Palomitas Jumbo, 3 Refrescos Jumbo, +1 Producto a elegir",,3,3#0,,0,https://foods-static-content.cinepolis.com/redesign/MX/menus/tradicional/generic.png,https://foods-static-content.cinepolis.com/redesign/MX/menus/tradicional/armatu-maxicombo-wide.png,https://foods-static-content.cinepolis.com/redesign/MX/menus/tradicional/armatu-maxicombo-promotional.png,https://foods-static-content.cinepolis.com/redesign/MX/menus/tradicional/generic.png
25186,Skwinkles® Chunks,,Dulces y Chocolates,,simple,sellable,"Dulce enchilado en tiras sabor mango con relleno sabor tamarindo, 130 g.",,9,9#3,,1,https://foods-static-content.cinepolis.com/redesign/MX/menus/tradicional/skwinkles_chunks_small.png,https://foods-static-content.cinepolis.com/redesign/MX/menus/tradicional/skwinkles_chunks_wide.png,https://foods-static-content.cinepolis.com/redesign/MX/menus/tradicional/skwinkles_chunks_promotional.png,https://foods-static-content.cinepolis.com/redesign/MX/menus/tradicional/skwinkles_chunks_small.png
15972,Cornetto®.,Chocollage,Helados,,combo,sellable,"Cono de helado hecho con galleta, helado de chocolate y chocolate blanco, 120 ml.",,8,8#1,,3,https://foods-static-content.cinepolis.com/redesign/MX/menus/tradicional/cornetto_small.png,https://foods-static-content.cinepolis.com/redesign/MX/menus/tradicional/cornetto_wide.png,https://foods-static-content.cinepolis.com/redesign/MX/menus/tradicional/cornetto_promotional.png,https://foods-static-content.cinepolis.com/redesign/MX/menus/tradicional/cornetto_small.png
13125,Skwinkles® Rellenos,,Dulces y Chocolates,,simple,sellable,"Dulce enchilado relleno sabor piña con tamarindo, 26 g.",,9,9#5,,1,https://foods-static-content.cinepolis.com/redesign/MX/menus/tradicional/skwinkles_rellenos_small.png,https://foods-static-content.cinepolis.com/redesign/MX/menus/tradicional/skwinkles_rellenos_wide.png,https://foods-static-content.cinepolis.com/redesign/MX/menus/tradicional/skwinkles_rellenos_promotional.png,https://foods-static-content.cinepolis.com/redesign/MX/ingredients/skwinkles_rellenos_icon.png
14244,Combo Nachos,,Combos,,combo,sellable,"1 palomitas para llevar (285 gr), 1 refresco jumbo (1.2 ltr), y 1 nachos clásicos chicos (120 gr).",,2,2#3,,1,https://foods-static-content.cinepolis.com/redesign/MX/menus/tradicional/combo_nachos_small.png,https://foods-static-content.cinepolis.com/redesign/MX/menus/tradicional/combo_nachos_wide.png,https://foods-static-content.cinepolis.com/redesign/MX/menus/tradicional/combo_nachos_promotional.png,https://foods-static-content.cinepolis.com/redesign/MX/menus/tradicional/combo_nachos_small.png
16896,Combo Snickers® con Hot Dog,,Combos,,combo,sellable,"1 palomitas para llevar (285 gr), 1 refresco jumbo (1.2 ltr), 1 hot dog y 1 Snickers®.",,2,2#7,,1,https://foods-static-content.cinepolis.com/redesign/MX/menus/tradicional/combo_snickers_hotdog_small.png,https://foods-static-content.cinepolis.com/redesign/MX/menus/tradicional/combo_snickers_hotdog_wide.png,https://foods-static-content.cinepolis.com/redesign/MX/menus/tradicional/combo_snickers_hotdog_promotional.png,https://foods-static-content.cinepolis.com/redesign/MX/menus/tradicional/combo_snickers_hotdog_small.png
27323,Skwinkles® Chunks sandia,,Dulces y Chocolates,,simple,sellable,"Dulce enchilado en tiras sabor sandia con relleno sabor chamoy, 130 g.",,9,9#3,,1,https://foods-static-content.cinepolis.com/redesign/MX/menus/tradicional/skwinkles_chunks_sandia_small.png,https://foods-static-content.cinepolis.com/redesign/MX/menus/tradicional/skwinkles_chunks_sandia_wide.png,https://foods-static-content.cinepolis.com/redesign/MX/menus/tradicional/skwinkles_chunks_sandia_promotional.png,https://foods-static-content.cinepolis.com/redesign/MX/menus/tradicional/default_image.png
16496,M&M's®,M&M's®,Dulces y Chocolates,,combo,sellable,"Chocolate con leche confitados, 44.3 g.",,9,9#6,,2,https://foods-static-content.cinepolis.com/redesign/MX/menus/tradicional/m&m_chicos_small.png,https://foods-static-content.cinepolis.com/redesign/MX/menus/tradicional/m&m_chicos_wide.png,https://foods-static-content.cinepolis.com/redesign/MX/menus/tradicional/m&m_chicos_promotional.png,https://foods-static-content.cinepolis.com/redesign/MX/menus/tradicional/cornetto_small.png
14175,Nachos,,Clásicos,,combo,sellable,Exquisitos nachos Clásicos/Doritos® acompañados de queso.,,5,5#2,,1,https://foods-static-content.cinepolis.com/redesign/MX/menus/tradicional/nachos_small.png,https://foods-static-content.cinepolis.com/redesign/MX/menus/tradicional/nachos-d-trad-wide.png,https://foods-static-content.cinepolis.com/redesign/MX/menus/tradicional/nachos-d-trad-promotional.png,https://foods-static-content.cinepolis.com/redesign/MX/ingredients/nachos_grandes_icon.png
17500,Combo Skittles®,,Combos,,combo,sellable,"1 palomitas para llevar (285 gr), 2 refrescos jumbo (1.2 ltr) y 1 Skittles®.",,2,2#A,,1,https://foods-static-content.cinepolis.com/redesign/MX/menus/tradicional/combo_skittles_small.png,https://foods-static-content.cinepolis.com/redesign/MX/menus/tradicional/combo_skittles_wide.png,https://foods-static-content.cinepolis.com/redesign/MX/menus/tradicional/combo_skittles_promotional.png,https://foods-static-content.cinepolis.com/redesign/MX/menus/tradicional/combo_skittles_small.png
14575,Agua Embotellada,1 L,Clásicos,,combo,sellable,Agua Embotellada.,,1,1#6,,1,https://foods-static-content.cinepolis.com/redesign/MX/menus/tradicional/agua_small.png,https://foods-static-content.cinepolis.com/redesign/MX/menus/tradicional/agua_wide.png,https://foods-static-content.cinepolis.com/redesign/MX/menus/tradicional/agua_promotional.png,https://foods-static-content.cinepolis.com/redesign/MX/menus/tradicional/agua_1000_small.png
28729,Combo Pareja Emociones,,Promociones,,combo,sellable,Combo pareja emociones 2026,,1,1#0,,0,https://foods-static-content.cinepolis.com/redesign/MX/menus/tradicional/generic.png,https://foods-static-content.cinepolis.com/redesign/MX/menus/tradicional/combo-emociones-2026-wide.png,https://foods-static-content.cinepolis.com/redesign/MX/menus/tradicional/combo-emociones-2026-promotional.png,https://foods-static-content.cinepolis.com/redesign/MX/menus/tradicional/generic.png
15773,Maxicombo Mix,,Para Compartir,,combo,sellable,"1 palomitas para llevar (285 gr), 2 refrescos jumbo (1.2 ltr), 1 nachos clásicos chicos (120 grs) y 1 hot dog tradicional.",,3,3#2,,1,https://foods-static-content.cinepolis.com/redesign/MX/menus/tradicional/maxi_combo_mix_small.png,https://foods-static-content.cinepolis.com/redesign/MX/menus/tradicional/maxi_combo_mix_wide.png,https://foods-static-content.cinepolis.com/redesign/MX/menus/tradicional/maxi_combo_mix_promotional.png,https://foods-static-content.cinepolis.com/redesign/MX/menus/tradicional/maxi_mix_small.png
28504,Solero Paradise®,,Nuevos Lanzamientos,,simple,sellable,Paleta Helada sabor Vainilla con cobertura y veta de frutos rojos.,,4,4#3,,2,https://foods-static-content.cinepolis.com/redesign/MX/menus/vip/brownie_oreo_small.png,https://foods-static-content.cinepolis.com/redesign/MX/menus/tradicional/solero-trad-wide.jpg,https://foods-static-content.cinepolis.com/redesign/MX/menus/tradicional/solero-trad-promotional.jpg,https://foods-static-content.cinepolis.com/redesign/MX/menus/vip/brownie_oreo_small.png
15766,Maxicombo Nachos,,Para Compartir,,combo,sellable,"1 palomitas para llevar (285 gr), 2 refrescos jumbo (1.2 ltr) y 2 nachos clásicos chicos (120 gr).",,3,3#3,,1,https://foods-static-content.cinepolis.com/redesign/MX/menus/tradicional/maxi_combo_nachos_small.png,https://foods-static-content.cinepolis.com/redesign/MX/menus/tradicional/maxi_combo_nachos_wide.png,https://foods-static-content.cinepolis.com/redesign/MX/menus/tradicional/maxi_combo_nachos_promotional.png,https://foods-static-content.cinepolis.com/redesign/MX/menus/tradicional/maxi_nachos_small.png
13122,Skittles® Pouch,,Dulces y Chocolates,,simple,sellable,"Dulces suaves confitados de diferentes sabores frutales como: fresa, limón, uva, naranja y manzana verde, 204.1 g.",,9,9#1,,1,https://foods-static-content.cinepolis.com/redesign/MX/menus/tradicional/skkitles_pouch_small.png,https://foods-static-content.cinepolis.com/redesign/MX/menus/tradicional/skkitles_pouch_wide.png,https://foods-static-content.cinepolis.com/redesign/MX/menus/tradicional/skkitles_pouch_promotional.png,https://foods-static-content.cinepolis.com/redesign/MX/menus/tradicional/skittles_small.png
15670,Helado Micha,M&M®,Helados,,combo,sellable,"Delicioso helado Holanda® de distintos sabores como: Mordisko®, M&M's® y Oreo®, 473 ml.",,8,8#7B,,7,https://foods-static-content.cinepolis.com/redesign/MX/menus/tradicional/micha_small.png,https://foods-static-content.cinepolis.com/redesign/MX/menus/tradicional/micha_wide.png,https://foods-static-content.cinepolis.com/redesign/MX/menus/tradicional/micha_promotional.png,https://foods-static-content.cinepolis.com/redesign/MX/menus/tradicional/micha_mms_small.png
17509,Combo Junior,,Combos,,combo,sellable,"2 refrescos medianos (591 ml), 1 lonchera palomitas mantequilla o mix y 1 skwinkles® salsagheti para compartir.",,2,2#4,,1,https://foods-static-content.cinepolis.com/redesign/MX/menus/tradicional/combo_junior_small.png,https://foods-static-content.cinepolis.com/redesign/MX/menus/tradicional/combo_junior_wide.png,https://foods-static-content.cinepolis.com/redesign/MX/menus/tradicional/combo_junior_promotional.png,https://foods-static-content.cinepolis.com/redesign/MX/menus/tradicional/combo_junior_small.png
25484,Aritos Ácidos Cinépolis,,Dulces y Chocolates,,simple,sellable,"Deliciosas gomitas en forma de aritos sabor durazno, manzana y sandía aciditas, 150 g.",,9,9#A0,,1,https://foods-static-content.cinepolis.com/redesign/MX/menus/tradicional/aritos_acidos_small.png,https://foods-static-content.cinepolis.com/redesign/MX/menus/tradicional/aritos_acidos_wide.png,https://foods-static-content.cinepolis.com/redesign/MX/menus/tradicional/aritos_acidos_promotional.png,https://foods-static-content.cinepolis.com/redesign/MX/menus/tradicional/aritos_acidos_small.png
22231,Mordisko® Oreo®,,Helados,,simple,sellable,Sándwich de helado Mordisko® sabor Oreo®.,,8,8#5,,3,https://foods-static-content.cinepolis.com/redesign/MX/menus/tradicional/mordisko_oreo_small.png,https://foods-static-content.cinepolis.com/redesign/MX/menus/tradicional/modrisko_oreo_wide.png,https://foods-static-content.cinepolis.com/redesign/MX/menus/tradicional/mordisko_oreo_promotional.png,https://foods-static-content.cinepolis.com/redesign/MX/menus/tradicional/mordisko_oreo_small.png
18972,ICEE®,Grande,Clásicos,,combo,sellable,"Experimenta la explosión de sabor con ICEE®, la bebida refrescante que te llevará a un mundo de dulzura y frescura.",,5,5#0,,1,https://foods-static-content.cinepolis.com/redesign/MX/menus/tradicional/icee_small.png,https://foods-static-content.cinepolis.com/redesign/MX/menus/tradicional/icee-tajin-trad-wide.png,https://foods-static-content.cinepolis.com/redesign/MX/menus/tradicional/icee-tajin-trad-promotional.png,https://foods-static-content.cinepolis.com/redesign/MX/ingredients/icee_grande_icon.png
17685,Maxicombo M&M's® Jumbo,,Para Compartir,,combo,sellable,"2 refrescos jumbo (1.2 ltr), 2 palomitas jumbo y 1 M&M's® Pouch.",,3,3#4,,1,https://foods-static-content.cinepolis.com/redesign/MX/menus/tradicional/maxi_combo_m&m_small.png,https://foods-static-content.cinepolis.com/redesign/MX/menus/tradicional/Maxicombo_m&m_jumbo_wide.png,https://foods-static-content.cinepolis.com/redesign/MX/menus/tradicional/Maxicombo_m&m_jumbo_promotional.png,https://foods-static-content.cinepolis.com/redesign/MX/menus/tradicional/maxi_mms_small.png
28902,Palomera Minions con palomitas,,Promocionales,,combo,sellable,Palomera Minions con palomitas.,,91,9A#0,,1,https://foods-static-content.cinepolis.com/redesign/MX/menus/tradicional/generic.png,https://foods-static-content.cinepolis.com/redesign/MX/menus/tradicional/Palomera-Minion-wide.png,https://foods-static-content.cinepolis.com/redesign/MX/menus/tradicional/Palomera-Minion-promotional.png,https://foods-static-content.cinepolis.com/redesign/MX/menus/tradicional/generic.png
16468,Maxicombo Micha Mix,,Para Compartir,,combo,sellable,"1 palomitas para llevar (285 gr), 2 refrescos jumbo (1.2 ltr), 1 helado micha, 1 nachos clásicos chicos (120 gr) y 1 hot dog.",,3,3#3,,1,https://foods-static-content.cinepolis.com/redesign/MX/menus/tradicional/maxi_combo_micha_mix_small.png,https://foods-static-content.cinepolis.com/redesign/MX/menus/tradicional/maxi_combo_micha_mix_wide.png,https://foods-static-content.cinepolis.com/redesign/MX/menus/tradicional/maxi_combo_micha_mix_promotional.png,https://foods-static-content.cinepolis.com/redesign/MX/menus/tradicional/maxi_combo_micha_mix_small.png
17340,Lifesavers®,,Dulces y Chocolates,,simple,sellable,"Gomitas sabor moras salvajes, 198 g.",,9,9#2,,1,https://foods-static-content.cinepolis.com/redesign/MX/menus/tradicional/lifesavers_small.png,https://foods-static-content.cinepolis.com/redesign/MX/menus/tradicional/lifesavers_wide.png,https://foods-static-content.cinepolis.com/redesign/MX/menus/tradicional/lifesavers_promotional.png,https://foods-static-content.cinepolis.com/redesign/MX/ingredients/Lifesavers.png
19654,Milky Way®,,Dulces y Chocolates,,simple,sellable,"Disfruta de un chocolate relleno de caramelo y nougat, 48 g.",,9,9#1,,2,https://foods-static-content.cinepolis.com/redesign/MX/menus/tradicional/milkyway_small.png,https://foods-static-content.cinepolis.com/redesign/MX/menus/tradicional/milkyway_wide.png,https://foods-static-content.cinepolis.com/redesign/MX/menus/tradicional/milkyway_promotional.png,https://foods-static-content.cinepolis.com/redesign/MX/menus/tradicional/milkyway_small.png
15743,Vaso Granel,Grande 440 g.,Dulces y Chocolates,,combo,sellable,Cantidad aproximada de dulces.,,9,9#6,,1,https://foods-static-content.cinepolis.com/redesign/MX/menus/tradicional/vaso_granel_grande_small.png,https://foods-static-content.cinepolis.com/redesign/MX/menus/tradicional/vaso_granel_grande_wide.png,https://foods-static-content.cinepolis.com/redesign/MX/menus/tradicional/vaso_granel_grande_promotional.png,https://foods-static-content.cinepolis.com/redesign/MX/ingredients/vaso_granel_grande_icon.png
1783,Magnum®.,Classic,Helados,,combo,sellable,"Paleta helada con relleno cremoso sabor vainilla y cobertura de chocolate que puede incluir almendras, 72.1 g.",,8,8#3,,3,https://foods-static-content.cinepolis.com/redesign/MX/menus/tradicional/magnum_clasica_small.png,https://foods-static-content.cinepolis.com/redesign/MX/menus/tradicional/magnum_clasica_wide.png,https://foods-static-content.cinepolis.com/redesign/MX/menus/tradicional/magnum_clasica_promotional.png,https://foods-static-content.cinepolis.com/redesign/MX/menus/tradicional/magnum_clasica_normal.png
15767,Maxicombo Nachos Grandes,,Para Compartir,,combo,sellable,"1 palomitas para llevar (285 gr), 2 refrescos jumbo (1.2 ltr) y 2 nachos clásicos grandes.",,3,3#5,,0,https://foods-static-content.cinepolis.com/redesign/MX/menus/tradicional/maxi_combo_nachos_small.png,https://foods-static-content.cinepolis.com/redesign/MX/menus/tradicional/maxi_combo_nachos_wide.png,https://foods-static-content.cinepolis.com/redesign/MX/menus/tradicional/maxi_combo_nachos_promotional.png,https://foods-static-content.cinepolis.com/redesign/MX/menus/tradicional/maxi_nachos_small.png
28904,Vaso Minions 3,Vaso,Promocionales,,combo,sellable,VASO MINIONS 3.,,99,9A#0,,1,https://foods-static-content.cinepolis.com/redesign/MX/menus/atmosfera/vaso_ferraris_mall.png,https://foods-static-content.cinepolis.com/redesign/MX/menus/tradicional/Vaso-minion3-wide.png,https://foods-static-content.cinepolis.com/redesign/MX/menus/tradicional/Vaso-minion3-promotional.png,https://foods-static-content.cinepolis.com/redesign/MX/menus/tradicional/guacamole_small.png
21042,Hot Dog Doritos,,Nuevos Lanzamientos,,combo,sellable,"Delicioso hot dog con salchicha Óscar Mayer®, queso para nachos y crujientes trozos de Doritos Nacho®.",,4,4#0,,0,https://foods-static-content.cinepolis.com/redesign/MX/menus/tradicional/generic.png,https://foods-static-content.cinepolis.com/redesign/MX/menus/tradicional/hot-dog-doritos-wide.jpg,https://foods-static-content.cinepolis.com/redesign/MX/menus/tradicional/hot-dog-doritos-promotional.jpg,https://foods-static-content.cinepolis.com/redesign/MX/ingredients/hotdog_chico_icon.png
21499,Skittles gomitas,,Dulces y Chocolates,,simple,sellable,Los Skittles que conoces ahora en gomitas.,,9,9#A6,,9,https://foods-static-content.cinepolis.com/redesign/MX/menus/tradicional/small_Skittles_gomitas.png,https://foods-static-content.cinepolis.com/redesign/MX/menus/tradicional/wide_Skittles_gomitas.png,https://foods-static-content.cinepolis.com/redesign/MX/menus/tradicional/promotional_Skittles_gomitas.png,https://foods-static-content.cinepolis.com/redesign/MX/menus/tradicional/small_Skittles_gomitas.png
28247,Vaso Promocional 2D Goat Con Bebida,,Promocionales,,combo,sellable,Vaso promocional 2d goat con bebida,,91,9A#4,,1,https://foods-static-content.cinepolis.com/redesign/MX/menus/tradicional/generic.png,https://foods-static-content.cinepolis.com/redesign/MX/menus/tradicional/Goat_wide.png,https://foods-static-content.cinepolis.com/redesign/MX/menus/tradicional/Goat_promo.png,https://foods-static-content.cinepolis.com/redesign/MX/menus/tradicional/generic.png
14572,Papas Fritas,,Snacks,,combo,sellable,Deliciosas papas fritas en bolsa de 115 g.,,7,7#4,,4,https://foods-static-content.cinepolis.com/redesign/MX/menus/tradicional/papas_fritas_small.png,https://foods-static-content.cinepolis.com/redesign/MX/menus/tradicional/papas_fritas_wide.png,https://foods-static-content.cinepolis.com/redesign/MX/menus/tradicional/papas_fritas_promotional.png,https://foods-static-content.cinepolis.com/redesign/MX/menus/tradicional/papas_fritas_small.png
14394,Combo Cornetto®,,Combos,,combo,sellable,"1 palomitas para llevar (285 gr), 1 refresco jumbo (1.2 ltr) y 1 helado Cornetto®.",,2,2#5,,1,https://foods-static-content.cinepolis.com/redesign/MX/menus/tradicional/combo_cornetto_small.png,https://foods-static-content.cinepolis.com/redesign/MX/menus/tradicional/combo_cornetto_wide.png,https://foods-static-content.cinepolis.com/redesign/MX/menus/tradicional/combo_cornetto_promotional.png,https://foods-static-content.cinepolis.com/redesign/MX/menus/tradicional/combo_cornetto_small.png
202,Hershey's® Cookies And Cream,,Dulces y Chocolates,,simple,sellable,Chocolate Hershey's®,,9,9#1,,2,https://foods-static-content.cinepolis.com/redesign/MX/menus/atmosfera/hershey_small.png,https://foods-static-content.cinepolis.com/redesign/MX/menus/atmosfera/hershey_wide.png,https://foods-static-content.cinepolis.com/redesign/MX/menus/atmosfera/hershey_promotional.png,https://foods-static-content.cinepolis.com/redesign/MX/menus/atmosfera/hershey_small.png
6241,Skittles®,,Dulces y Chocolates,,simple,sellable,"Dulces suaves confitados de diferentes sabores frutales como: fresa, limón, uva, naranja y manzana verde, 54.4 g.",,9,9#5,,1,https://foods-static-content.cinepolis.com/redesign/MX/menus/tradicional/skittles_chicos_small.png,https://foods-static-content.cinepolis.com/redesign/MX/menus/tradicional/skittles_chicos_wide.png,https://foods-static-content.cinepolis.com/redesign/MX/menus/tradicional/skittles_chicos_promotional.png,https://foods-static-content.cinepolis.com/redesign/MX/menus/tradicional/skittles_chicos_small.png
16454,Combo Micha,,Combos,,combo,sellable,"1 palomitas para llevar (285 gr), 2 refrescos jumbo (1.2 ltr) y 1 Helado Micha.",,2,2#7,,1,https://foods-static-content.cinepolis.com/redesign/MX/menus/tradicional/combo_micha_small.png,https://foods-static-content.cinepolis.com/redesign/MX/menus/tradicional/combo_micha_wide.png,https://foods-static-content.cinepolis.com/redesign/MX/menus/tradicional/combo_micha_promotional.png,https://foods-static-content.cinepolis.com/redesign/MX/menus/tradicional/combo_micha_small.png
15746,Combo Clásico,,Combos,,combo,sellable,"1 palomitas para llevar (285 gr), 1 refresco jumbo (1.2 ltr) y 1 hot dog.",,2,2#2,,1,https://foods-static-content.cinepolis.com/redesign/MX/menus/tradicional/combo_clasico_small.png,https://foods-static-content.cinepolis.com/redesign/MX/menus/tradicional/combo_clasico_wide.png,https://foods-static-content.cinepolis.com/redesign/MX/menus/tradicional/combo_clasico_promotional.png,https://foods-static-content.cinepolis.com/redesign/MX/menus/tradicional/combo_clasico_small.png
17504,Combo ICEE® con Skwinkles®,,Combos,,combo,sellable,"Dos ICEE® del sabor de tu preferencia, unas palomitas sabor mantequilla y unos Skwinkles Salsaghetti®.",,2,2#8,,1,https://foods-static-content.cinepolis.com/redesign/MX/menus/tradicional/combo_icee_small.png,https://foods-static-content.cinepolis.com/redesign/MX/menus/tradicional/combo_icee_wide.png,https://foods-static-content.cinepolis.com/redesign/MX/menus/tradicional/combo_icee_promotional.png,https://foods-static-content.cinepolis.com/redesign/MX/menus/tradicional/combo_icee_small.png
28682,Palomera 2D Masters Of The Universe Con Palomitas,,Promocionales,,combo,sellable,Palomera 2d masters of the universe con palomitas,,91,9A#0A,,0,https://foods-static-content.cinepolis.com/redesign/MX/menus/tradicional/generic.png,https://foods-static-content.cinepolis.com/redesign/MX/menus/tradicional/Palomera-masteroftheuniverse-wide.png,https://foods-static-content.cinepolis.com/redesign/MX/menus/tradicional/Palomera-masteroftheuniverse-promotional.png,https://foods-static-content.cinepolis.com/redesign/MX/menus/tradicional/generic.png
27968,Vaso Tron con bebida,Vaso,Promocionales,,combo,sellable,Vaso Promocional 4 Tron con bebida.,,91,9A#J,,1,https://foods-static-content.cinepolis.com/redesign/MX/menus/tradicional/small_Wicked.png,https://foods-static-content.cinepolis.com/redesign/MX/menus/tradicional/Promocional_Tron_2_wide.png,https://foods-static-content.cinepolis.com/redesign/MX/menus/tradicional/Promocional_Tron_2_promotional.png,https://foods-static-content.cinepolis.com/redesign/MX/ingredients/refresco_jumbo_icon.png
28886,Vaso 3D Supergirl,,Promocionales,,combo,sellable,Vaso 3d Supergirl con bebida,,91,9A#0,,0,https://foods-static-content.cinepolis.com/redesign/MX/menus/tradicional/generic.png,https://foods-static-content.cinepolis.com/redesign/MX/menus/tradicional/vaso-upergirl-wide.png,https://foods-static-content.cinepolis.com/redesign/MX/menus/tradicional/vaso-upergirl-promotional.png,https://foods-static-content.cinepolis.com/redesign/MX/menus/tradicional/generic.png
13126,Skwinkles® Salsagheti,,Dulces y Chocolates,,simple,sellable,"Dulce enchilado en tiras de sabor sandía con textura suave, 70 g.",,9,9#4,,1,https://foods-static-content.cinepolis.com/redesign/MX/menus/tradicional/skwinkles_salsagheti_small.png,https://foods-static-content.cinepolis.com/redesign/MX/menus/tradicional/skwinkles_salsagheti_wide.png,https://foods-static-content.cinepolis.com/redesign/MX/menus/tradicional/skwinkles_salsagheti_promotional.png,https://foods-static-content.cinepolis.com/redesign/MX/ingredients/Skwinkles_Salsagheti.png
28823,Maxicombo 3x3,,Promociones,,combo,sellable,3 palomitas medianas sabor mantequilla y 3 refrescos medianos (591 ml). Válido del 4 de junio al 2 de septiembre de 2026. Sujeto a disponibilidad. No aplica en Cinépolis VIP® ni en conjuntos no participantes. No acumulable con otras promociones. Cambios o extras tienen costo adicional.,,1,1#0,,1,https://foods-static-content.cinepolis.com/redesign/MX/menus/tradicional/maxi_combo_m&m_small.png,https://foods-static-content.cinepolis.com/redesign/MX/menus/tradicional/maxicombo-emociones-2026-wide.png,https://foods-static-content.cinepolis.com/redesign/MX/menus/tradicional/maxicombo-emociones-2026-promotional.png,https://foods-static-content.cinepolis.com/redesign/MX/menus/tradicional/maxi_mms_small.png
28359,Maxicombo Personalizado P/Llevar,,Para Compartir,,combo,sellable,Maxicombo personalizado p/llevar,,3,3#1,,0,https://foods-static-content.cinepolis.com/redesign/MX/menus/tradicional/generic.png,https://foods-static-content.cinepolis.com/redesign/MX/menus/tradicional/MComboPersonalizadollevar-wide.jpg,https://foods-static-content.cinepolis.com/redesign/MX/menus/tradicional/MComboPersonalizadollevar-promotional.jpg,https://foods-static-content.cinepolis.com/redesign/MX/menus/tradicional/generic.png
25159,Maxicombo Familiar Jumbo,,Para Compartir,,combo,sellable,"3 refrescos tamaño jumbo (1.2 L), 2 palomitas sabor mantequilla tamaño Jumbo y 1 chocolates M&M’S® sabor cacahuate.",,3,3#1,,1,https://foods-static-content.cinepolis.com/redesign/MX/menus/tradicional/maxi_combo_familiar_jm_small.png,https://foods-static-content.cinepolis.com/redesign/MX/menus/tradicional/MC_familiar_jumbo_wide.png,https://foods-static-content.cinepolis.com/redesign/MX/menus/tradicional/MC_familiar_jumbo_promotional.png,https://foods-static-content.cinepolis.com/redesign/MX/menus/tradicional/maxi_combo_familiar_jm_small.png
25486,Ositos Enchilados Cinépolis,,Dulces y Chocolates,,simple,sellable,"Deliciosas gomitas en forma de ositos y gotita enchiladas, 150 g.",,9,9#8,,1,https://foods-static-content.cinepolis.com/redesign/MX/menus/tradicional/ositos_enchilados_small.png,https://foods-static-content.cinepolis.com/redesign/MX/menus/tradicional/ositos_enchilados_wide.png,https://foods-static-content.cinepolis.com/redesign/MX/menus/tradicional/ositos_enchilados_promotional.png,https://foods-static-content.cinepolis.com/redesign/MX/ingredients/ositos_enchilados_icon.png
28918,Vaso Moana,,Promocionales,,combo,sellable,Vaso Moana con bebida.,,91,9A#0,,0,https://foods-static-content.cinepolis.com/redesign/MX/menus/tradicional/generic.png,https://foods-static-content.cinepolis.com/redesign/MX/menus/tradicional/Vaso-Moana-wide.png,https://foods-static-content.cinepolis.com/redesign/MX/menus/tradicional/Vaso-Moana-promotional.png,https://foods-static-content.cinepolis.com/redesign/MX/menus/tradicional/generic.png
17497,Combo Lifesavers®,,Combos,,combo,sellable,"2 refrescos jumbo (1.2 ltr), 1 palomitas para llevar (285 gr) y 1 Lifesavers®.",,2,2#8,,1,https://foods-static-content.cinepolis.com/redesign/MX/menus/tradicional/combo_lifesavers_small.png,https://foods-static-content.cinepolis.com/redesign/MX/menus/tradicional/combo_lifesavers_wide.png,https://foods-static-content.cinepolis.com/redesign/MX/menus/tradicional/combo_lifesavers_promotional.png,https://foods-static-content.cinepolis.com/redesign/MX/menus/tradicional/combo_lifesavers_small.png
16893,Combo M&M's® con Nachos,,Combos,,combo,sellable,"1 palomitas para llevar (285 gr), 1 refresco jumbo (1.2 ltr), 1 nachos clásicos chicos (120 gr) y 1 chocolate M&M's®.",,2,2#9,,1,https://foods-static-content.cinepolis.com/redesign/MX/menus/tradicional/combo_mms_nachos_small.png,https://foods-static-content.cinepolis.com/redesign/MX/menus/tradicional/combo_mms_nachos_wide.png,https://foods-static-content.cinepolis.com/redesign/MX/menus/tradicional/combo_mms_nachos_promotional.png,https://foods-static-content.cinepolis.com/redesign/MX/menus/tradicional/combo_mms_nachos_small.png
234,Snickers®,,Dulces y Chocolates,,simple,sellable,"Disfruta del exquisito sabor del chocolate con leche relleno de caramelo, cacahuate y nougat.",,9,9#3,,2,https://foods-static-content.cinepolis.com/redesign/MX/menus/tradicional/snickers_small.png,https://foods-static-content.cinepolis.com/redesign/MX/menus/tradicional/snickers_wide.png,https://foods-static-content.cinepolis.com/redesign/MX/menus/tradicional/snickers_promotional.png,https://foods-static-content.cinepolis.com/redesign/MX/ingredients/snickers_icon.png
28690,Vaso 3D Masters Of The Universe,Vaso,Promocionales,,simple,sellable,Vaso 3D Masters Of The Universe,,91,9A#7,,1,https://foods-static-content.cinepolis.com/redesign/MX/menus/tradicional/generic.png,https://foods-static-content.cinepolis.com/redesign/MX/menus/tradicional/vaso-masteroftheuniverse-wide.png,https://foods-static-content.cinepolis.com/redesign/MX/menus/tradicional/Vaso-masteroftheuniverse-promotional.png,https://foods-static-content.cinepolis.com/redesign/MX/ingredients/refresco_jumbo_icon.png
25237,Extra Guacamole,,Snacks,,simple,sellable,85 gr. de guacamole fresco: el complemento ideal para tus snacks favoritos.,,7,7#7,,3,https://foods-static-content.cinepolis.com/redesign/MX/menus/tradicional/guacamole_small.png,https://foods-static-content.cinepolis.com/redesign/MX/menus/tradicional/guacamole_wide.png,https://foods-static-content.cinepolis.com/redesign/MX/menus/tradicional/guacamole_promotional.png,https://foods-static-content.cinepolis.com/redesign/MX/menus/tradicional/guacamole_small.png
28186,Cubeta Promocional Bob Esponja,Vaso,Promocionales,,simple,sellable,Cubeta Promocional Bob Esponja,,91,9A#6,,1,https://foods-static-content.cinepolis.com/redesign/MX/menus/tradicional/small_Wicked.png,https://foods-static-content.cinepolis.com/redesign/MX/menus/tradicional/Cubeta_Promocional_Bob Esponja_wide.png,https://foods-static-content.cinepolis.com/redesign/MX/menus/tradicional/Cubeta_Promocional_Bob Esponja_promo.png,https://foods-static-content.cinepolis.com/redesign/MX/ingredients/refresco_jumbo_icon.png
23035,Combo Magnum®,,Combos,,combo,sellable,"1 refresco jumbo (1.2 ltr), 1 palomitas para llevar (285 gr) y 1 Magnum®.",,2,2#1,,1,https://foods-static-content.cinepolis.com/redesign/MX/menus/tradicional/combo_magnum_small.png,https://foods-static-content.cinepolis.com/redesign/MX/menus/tradicional/combo_magnum_wide.png,https://foods-static-content.cinepolis.com/redesign/MX/menus/tradicional/combo_magnum_promotional.png,https://foods-static-content.cinepolis.com/redesign/MX/menus/tradicional/combo_cornetto_small.png
17507,Maxicombo M&M's® Para Lllevar,,Para Compartir,,combo,sellable,"2 refrescos jumbo (1.2 ltr), 2 palomitas para llevar (285 gr) y 1 M&M's® Pouch.",,3,3#4,,1,https://foods-static-content.cinepolis.com/redesign/MX/menus/tradicional/maxi_combo_m&m_small.png,https://foods-static-content.cinepolis.com/redesign/MX/menus/tradicional/maxi_combo_m&m_wide.png,https://foods-static-content.cinepolis.com/redesign/MX/menus/tradicional/maxi_combo_m&m_promotional.png,https://foods-static-content.cinepolis.com/redesign/MX/menus/tradicional/maxi_mms_small.png
14511,Combo Ciel®,,Combos,,combo,sellable,1 palomitas para llevar (285 gr) y 2 aguas Ciel® de 1 L.,,2,2#2,,1,https://foods-static-content.cinepolis.com/redesign/MX/menus/tradicional/combo_ciel_small.png,https://foods-static-content.cinepolis.com/redesign/MX/menus/tradicional/combo_ciel_wide.png,https://foods-static-content.cinepolis.com/redesign/MX/menus/tradicional/combo_ciel_promotional.jpg,https://foods-static-content.cinepolis.com/redesign/MX/menus/tradicional/combo_ciel_small.png
23399,M&M's® Mega,M&M's®,Dulces y Chocolates,,combo,sellable,"Chocolate con leche confitados, 120 g.",,9,9#9#1,,9,https://foods-static-content.cinepolis.com/redesign/MX/menus/tradicional/m&m_grandes_small.png,https://foods-static-content.cinepolis.com/redesign/MX/menus/tradicional/m&m_grandes_wide.png,https://foods-static-content.cinepolis.com/redesign/MX/menus/tradicional/m&m_grandes_promotional.png,https://foods-static-content.cinepolis.com/redesign/MX/menus/tradicional/cornetto_small.png
14301,Combo Nachos en Pareja,,Combos,,combo,sellable,"1 palomitas para llevar (285 gr), 2 refrescos jumbo (1.2 ltr) y 1 nachos clásicos chicos (120 gr).",,2,2#1,,1,https://foods-static-content.cinepolis.com/redesign/MX/menus/tradicional/combo_nachos_pareja_small.png,https://foods-static-content.cinepolis.com/redesign/MX/menus/tradicional/combo_nachos_pareja_wide.png,https://foods-static-content.cinepolis.com/redesign/MX/menus/tradicional/combo_nachos_pareja_promotional.png,https://foods-static-content.cinepolis.com/redesign/MX/menus/tradicional/combo_nachos_pareja_small.png
15757,Maxicombo Hot Dog,,Para Compartir,,combo,sellable,"1 palomitas para llevar (285 gr), 2 refrescos jumbo (1.2 ltr) y 2 hot dogs tradicionales.",,3,3#1,,1,https://foods-static-content.cinepolis.com/redesign/MX/menus/tradicional/maxi_combo_hotdog_promotional.png,https://foods-static-content.cinepolis.com/redesign/MX/menus/tradicional/maxi_combo_hotdog_wide.png,https://foods-static-content.cinepolis.com/redesign/MX/menus/tradicional/maxi_combo_hotdog_small.png,https://foods-static-content.cinepolis.com/redesign/MX/menus/atmosfera/maxi_hotdog_small.png
14160,Extra Queso,,Snacks,,simple,sellable,Extra Queso para Nachos.,,7,7#6,,3,https://foods-static-content.cinepolis.com/redesign/MX/menus/tradicional/extra_queso_small.png,https://foods-static-content.cinepolis.com/redesign/MX/menus/tradicional/extra_queso_wide.png,https://foods-static-content.cinepolis.com/redesign/MX/menus/tradicional/extra_queso_promotional.png,https://foods-static-content.cinepolis.com/redesign/MX/menus/tradicional/extra_queso_small.png
15973,Helado Micha,M&M®,Helados,,combo,sellable,"Delicioso helado Holanda® de distintos sabores como: Mordisko®, M&M's® y Oreo®, 473 ml.",,8,8#2,,3,https://foods-static-content.cinepolis.com/redesign/MX/menus/tradicional/micha_small.png,https://foods-static-content.cinepolis.com/redesign/MX/menus/tradicional/micha_wide.png,https://foods-static-content.cinepolis.com/redesign/MX/menus/tradicional/micha_promotional.png,https://foods-static-content.cinepolis.com/redesign/MX/menus/tradicional/micha_mms_small.png
241,Pelón Pelonazo®,,Dulces y Chocolates,,simple,sellable,Pelón Pelonazo®.,,9,9#5,,1,https://foods-static-content.cinepolis.com/redesign/MX/menus/tradicional/pelon_small.png,https://foods-static-content.cinepolis.com/redesign/MX/menus/tradicional/pelon_wide.png,https://foods-static-content.cinepolis.com/redesign/MX/menus/tradicional/pelon_promotional.png,https://foods-static-content.cinepolis.com/redesign/MX/ingredients/pelon_icon.png
25485,Aritos Enchilados Cinépolis,,Dulces y Chocolates,,simple,sellable,"Deliciosas gomitas en forma de aritos sabor durazno, manzana y sandía enchiladas, 150 g.",,7,7#6#9,,1,https://foods-static-content.cinepolis.com/redesign/MX/menus/tradicional/aritos_enchilados_small.png,https://foods-static-content.cinepolis.com/redesign/MX/menus/tradicional/aritos_enchilados_wide.png,https://foods-static-content.cinepolis.com/redesign/MX/menus/tradicional/aritos_enchilados_promotional.png,https://foods-static-content.cinepolis.com/redesign/MX/ingredients/ositos_enchilados_icon.png
17818,Combo Nachos Refresco Jumbo Pal Jumbo,,Combos,,combo,sellable,Combo nachos refresco jumbo pal jumbo,,2,2#3,,0,https://foods-static-content.cinepolis.com/redesign/MX/menus/tradicional/combo_nachos_small.png,https://foods-static-content.cinepolis.com/redesign/MX/menus/tradicional/combo_nachos_wide.png,https://foods-static-content.cinepolis.com/redesign/MX/menus/tradicional/combo_nachos_promotional.png,https://foods-static-content.cinepolis.com/redesign/MX/menus/tradicional/combo_nachos_small.png
27419,Hot Dog Takis,Hot Dog,Snacks,,combo,sellable,"La combinación perfecta! Hot dog con salchicha Óscar Mayer, cubierto con queso cheddar y Takis Fuego troceados.",,1,1#4#3,,2,https://foods-static-content.cinepolis.com/redesign/MX/menus/tradicional/hot_dog_takis_small.png,https://foods-static-content.cinepolis.com/redesign/MX/menus/tradicional/hot_dog_takis_wide.png,https://foods-static-content.cinepolis.com/redesign/MX/menus/tradicional/hot_dog_takis_promotional.png,https://foods-static-content.cinepolis.com/redesign/MX/ingredients/hotdog_chico_icon.png
224,Pon Pons®,,Dulces y Chocolates,,simple,sellable,Chicloso cubierto con chocolate amargo.,,9,9#2,,2,https://foods-static-content.cinepolis.com/redesign/MX/menus/tradicional/ponpons_small.png,https://foods-static-content.cinepolis.com/redesign/MX/menus/tradicional/ponpons_wide.png,https://foods-static-content.cinepolis.com/redesign/MX/menus/tradicional/ponpons_promotional.png,https://foods-static-content.cinepolis.com/redesign/MX/menus/tradicional/ponpons_small.png
27884,Bagui Pulled Pork,Grandes,Baguis,,combo,sellable,"Bagui de Pulled Pork, acompanado de guacamole y papas twister.",,51,1A#1#A7,,1,https://foods-static-content.cinepolis.com/redesign/MX/menus/vip/bagui_brisket_small.png,https://foods-static-content.cinepolis.com/redesign/MX/menus/vip/Bagui_Pulled_Pork_VIP__wide.jpg,https://foods-static-content.cinepolis.com/redesign/MX/menus/vip/Bagui_Pulled_Pork_VIP_promotional.jpg,https://foods-static-content.cinepolis.com/redesign/MX/menus/atmosfera/bagui_favorito.png
24228,Jose Cuervo® Tradicional,,Bar,,simple,sellable,45 ml de licor.,,8,8#1#A6,,1,https://foods-static-content.cinepolis.com/redesign/MX/menus/vip/jose_cuervo_small.png,https://foods-static-content.cinepolis.com/redesign/MX/menus/vip/jose_cuervo_wide.png,https://foods-static-content.cinepolis.com/redesign/MX/menus/vip/jose_cuervo_promotional.png,https://foods-static-content.cinepolis.com/redesign/MX/menus/vip/jose_cuervo_small.png
26262,Bacon Cheese Burger,,Snacks,,simple,sellable,"Deliciosa hamburguesa con queso cheddar, tocino, carne de la marca Certified Angus Beef®, cebolla caramelizada y aderezo, acompañada de una orden de papas twister y chile toreado.",,5,5#8,,5,https://foods-static-content.cinepolis.com/redesign/MX/menus/vip/burger_vip_small.jpg,https://foods-static-content.cinepolis.com/redesign/MX/menus/vip/burger_vip_wide.png,https://foods-static-content.cinepolis.com/redesign/MX/menus/vip/burger_vip_promotional.jpg,https://foods-static-content.cinepolis.com/redesign/MX/menus/vip/sliders_queso_small.png
14297,Piña Colada,,Bar,,combo,sellable,Piña colada,,8,8#0#9,,0,https://foods-static-content.cinepolis.com/redesign/MX/menus/tradicional/generic.png,https://foods-static-content.cinepolis.com/redesign/MX/menus/vip/piñada_wide.png,https://foods-static-content.cinepolis.com/redesign/MX/menus/vip/piñada_promotional.png,https://foods-static-content.cinepolis.com/redesign/MX/menus/tradicional/generic.png
925,Modelo Especial,,Bar,,simple,sellable,Cerveza Modelo Especial,,8,8#1#A1,,1,https://foods-static-content.cinepolis.com/redesign/MX/menus/vip/cerveza_small.png,https://foods-static-content.cinepolis.com/redesign/MX/menus/vip/cerveza_wide.png,https://foods-static-content.cinepolis.com/redesign/MX/menus/vip/cerveza_promotional.png,https://foods-static-content.cinepolis.com/redesign/MX/ingredients/cerveza_icon.png
17121,Volcán de Chocolate,,Postres y Helados,,simple,sellable,"Pastel de chocolate relleno de delicioso hot fudge, servido con helado de vainilla.",,9,9#1#4,,2,https://foods-static-content.cinepolis.com/redesign/MX/menus/vip/volcan_chocolate_small.png,https://foods-static-content.cinepolis.com/redesign/MX/menus/vip/volcan_chocolate_wide.png,https://foods-static-content.cinepolis.com/redesign/MX/menus/vip/volcan_chocolate_promotional.png,https://foods-static-content.cinepolis.com/redesign/MX/menus/vip/volcan_chocolate_small.png
15069,Jalapeño Pop,,Snacks,,simple,sellable,"200 g de exquisitas bolitas de papa empanizadas, rellenas de queso cheddar, jalapeño y condimentos seleccionados.",,5,5#A1,,5,https://foods-static-content.cinepolis.com/redesign/MX/menus/vip/jalapeño_pop_small.png,https://foods-static-content.cinepolis.com/redesign/MX/menus/vip/jalapeño_pop_wide.png,https://foods-static-content.cinepolis.com/redesign/MX/menus/vip/jalapeño_pop_promotional.png,https://foods-static-content.cinepolis.com/redesign/MX/menus/vip/jalapeño_pop_small.png
26055,Frappé Leche,Jumbo,Bebidas frías,,combo,sellable,Descubre la refrescante colección de sabores en nuestra sección de frappés.,,63,6C#1#6,,1,https://foods-static-content.cinepolis.com/redesign/MX/menus/vip/frappe_favorito_small.png,https://foods-static-content.cinepolis.com/redesign/MX/menus/vip/frappe_favorito_wide.png,https://foods-static-content.cinepolis.com/redesign/MX/menus/vip/frappe_favorito_promotional.png,https://foods-static-content.cinepolis.com/redesign/MX/ingredients/frappe_grande.png
28583,Boba Pink Lemonade,Grande,Bebidas frías,,combo,sellable,"Bebida fría preparada con esencias Monin® sabor Fresa, Pitahaya y Limón amarillo, y con perlas explosivas sabor Blueberry.",,63,6C#1#1,,1,https://foods-static-content.cinepolis.com/redesign/MX/menus/atmosfera/small_dragon_ice.png,https://foods-static-content.cinepolis.com/redesign/MX/menus/vip/pinkLemonad-wide.jpg,https://foods-static-content.cinepolis.com/redesign/MX/menus/vip/pinkLemonad-promotional.jpg,https://foods-static-content.cinepolis.com/redesign/MX/ingredients/frappe_mediano.png
28195,Pulled Pork Burger,,Snacks,,simple,sellable,Pulled Pork Burger.,,5,5#0A,,5,https://foods-static-content.cinepolis.com/redesign/MX/menus/vip/Mac_Cheese_Boneless_small.png,https://foods-static-content.cinepolis.com/redesign/MX/menus/vip/burger_pulled_pork_wide.png,https://foods-static-content.cinepolis.com/redesign/MX/menus/vip/burger_pulled_pork_promotion.png,https://foods-static-content.cinepolis.com/redesign/MX/menus/vip/extraqueso_small.png
17107,Malteadas Sencillas,Malteada,Bebidas frías,,combo,sellable,Malteadas sabor a elegir.,,63,6C#1#8,,1,https://foods-static-content.cinepolis.com/redesign/MX/menus/vip/malteada_vainilla_small.png,https://foods-static-content.cinepolis.com/redesign/MX/menus/vip/malteada_vainilla_wide.png,https://foods-static-content.cinepolis.com/redesign/MX/menus/vip/malteada_vainilla_promotional.png,https://foods-static-content.cinepolis.com/redesign/MX/ingredients/termico_grande_icon.png
14402,Jack Daniels®,,Bar,,simple,sellable,Jack Daniels® 7 años.,,8,8#1#C1,,11,https://foods-static-content.cinepolis.com/redesign/MX/menus/vip/jack_daniels_small.png,https://foods-static-content.cinepolis.com/redesign/MX/menus/vip/jack_daniels_wide.png,https://foods-static-content.cinepolis.com/redesign/MX/menus/vip/jack_daniels_promotional.png,https://foods-static-content.cinepolis.com/redesign/MX/menus/vip/jack_daniels_small.png
17212,Combo Makis en pareja,,Combos,,combo,sellable,Maki a elegir 1 Yakimeshi Philadelphia® especial 1 Kushiage de Queso Manchego 1 Kushiage de Queso Crema Philadelphia® y 2 refrescos jumbo (1.2 ltrs).,,3,3#5#1,,1,https://foods-static-content.cinepolis.com/redesign/MX/menus/vip/combo_sushi_pareja_small.jpg,https://foods-static-content.cinepolis.com/redesign/MX/menus/vip/combo_sushi_pareja_wide.jpg,https://foods-static-content.cinepolis.com/redesign/MX/menus/vip/combo_sushi_pareja_promotional.jpg,https://foods-static-content.cinepolis.com/redesign/MX/menus/vip/combo_cuates_small.png
16792,Crepas Saladas Premium,,Crepas,,combo,sellable,Crepas saladas premium.,,61,61#1#B2,,1,https://foods-static-content.cinepolis.com/redesign/MX/menus/vip/crepa_chicken_crunch_small.png,https://foods-static-content.cinepolis.com/redesign/MX/menus/vip/crepa_chicken_crunch_wide.png,https://foods-static-content.cinepolis.com/redesign/MX/menus/vip/crepa_chicken_crunch_promotional.png,https://foods-static-content.cinepolis.com/redesign/MX/menus/vip/crepa_salada_2_small.png
17099,Bagui Español,Grandes,Baguis,,combo,sellable,"Bagui de jamón serrano y queso a elegir, acompañado con papas twister.",,51,5A#1#A4,,1,https://foods-static-content.cinepolis.com/redesign/MX/menus/vip/bagui_español_small.png,https://foods-static-content.cinepolis.com/redesign/MX/menus/vip/bagui_español_wide.png,https://foods-static-content.cinepolis.com/redesign/MX/menus/vip/bagui_español_promotional.png,https://foods-static-content.cinepolis.com/redesign/MX/menus/atmosfera/bagui_favorito.png
18538,Baileys®,,Bar,,simple,sellable,Baileys®.,,8,8#1#C8,,12,https://foods-static-content.cinepolis.com/redesign/MX/menus/vip/baileys_small.png,https://foods-static-content.cinepolis.com/redesign/MX/menus/vip/baileys_wide.png,https://foods-static-content.cinepolis.com/redesign/MX/menus/vip/baileys_promotional.png,https://foods-static-content.cinepolis.com/redesign/MX/menus/vip/baileys_small.png
26604,Bagui Chipotle Chicken Avocado,Grandes,Baguis,,combo,sellable,"Baguette elaborado con tiras de pollo (90gr), tocino (2pz), guacamole (90gr), Aderezo chipotle (56 gr), Queso a elegir,",,51,5A#1#A,,1,https://foods-static-content.cinepolis.com/redesign/MX/menus/vip/VIP-Bagui-Chicken-Avocado_360X400.jpg,https://foods-static-content.cinepolis.com/redesign/MX/menus/vip/VIP-Bagui-Chicken-Avocado_1440X476.jpg,https://foods-static-content.cinepolis.com/redesign/MX/menus/vip/VIP-Bagui-Chicken-Avocado_414X268.jpg,https://foods-static-content.cinepolis.com/redesign/MX/menus/atmosfera/bagui_favorito.png
14790,Cerveza Clásica,Cerveza Clasica,Bar,,combo,sellable,Cerveza clásica a elegir.,,8,8#1#9,,1,https://foods-static-content.cinepolis.com/redesign/MX/menus/vip/cerveza_clasica_small.png,https://foods-static-content.cinepolis.com/redesign/MX/menus/vip/cerveza_clasica_wide.png,https://foods-static-content.cinepolis.com/redesign/MX/menus/vip/cerveza_clasica_promotional.png,https://foods-static-content.cinepolis.com/redesign/MX/menus/vip/cerveza_clasica_small.png
26058,Frappé Premium,Jumbo,Bebidas frías,,combo,sellable,Descubre la refrescante colección de sabores en nuestra sección de frappés de leche.,,63,6C#1#2,,1,https://foods-static-content.cinepolis.com/redesign/MX/menus/vip/frappe_premium_small.png,https://foods-static-content.cinepolis.com/redesign/MX/menus/vip/1440x476_frappe_VIP_canelitas_wide.jpg,https://foods-static-content.cinepolis.com/redesign/MX/menus/vip/414x268_frappe_VIP_canelitas_promotional.jpg,https://foods-static-content.cinepolis.com/redesign/MX/ingredients/frappe_grande.png
26165,Combo Ciel®,,Combos,,combo,sellable,1 palomitas para llevar (285 gr) y 2 aguas Ciel® de 1 L.,,3,3#2#5,,1,https://foods-static-content.cinepolis.com/redesign/MX/menus/vip/combo_ciel_small.png,https://foods-static-content.cinepolis.com/redesign/MX/menus/vip/combo_ciel_wide.png,https://foods-static-content.cinepolis.com/redesign/MX/menus/vip/combo_ciel_promotional.png,https://foods-static-content.cinepolis.com/redesign/MX/menus/vip/combo_ciel_small.png
4465,Hersheys® Cookies and Cream,,Dulces y Chocolates,,simple,sellable,Hersheys® Cookies and Cream.,,11,B#1A#A8,,2,https://foods-static-content.cinepolis.com/redesign/MX/menus/vip/chocolate cookies_&_cream_small.png,https://foods-static-content.cinepolis.com/redesign/MX/menus/vip/chocolate cookies_&_wide.png,https://foods-static-content.cinepolis.com/redesign/MX/menus/vip/chocolate cookies_&_cream_promotional.png,https://foods-static-content.cinepolis.com/redesign/MX/menus/vip/ritter_sport_small.png
24226,Grey Goose®,,Bar,,simple,sellable,45 ml de licor.,,8,8#1#D1,,7,https://foods-static-content.cinepolis.com/redesign/MX/menus/vip/grey_goose_small.png,https://foods-static-content.cinepolis.com/redesign/MX/menus/vip/grey_goose_wide.png,https://foods-static-content.cinepolis.com/redesign/MX/menus/vip/grey_goose_promotional.png,https://foods-static-content.cinepolis.com/redesign/MX/menus/vip/grey_goose_small.png
18078,Pretzel con Helado,,Postres y Helados,,simple,sellable,Pretzel con helado.,,9,9#1#1,,2,https://foods-static-content.cinepolis.com/redesign/MX/menus/vip/pretzel_helado_small_.png,https://foods-static-content.cinepolis.com/redesign/MX/menus/vip/pretzel_helado_wide.png,https://foods-static-content.cinepolis.com/redesign/MX/menus/vip/pretzel_helado_promotional_.png,https://foods-static-content.cinepolis.com/redesign/MX/menus/vip/pretzel_helado_small_.png
26689,Combo Burger Individual,,Combos,,combo,sellable,Combo burger individual pal jumbo,,3,3#1#0A,,0,https://foods-static-content.cinepolis.com/redesign/MX/menus/tradicional/generic.png,https://foods-static-content.cinepolis.com/redesign/MX/menus/vip/comboburguer-individual-wide.png,https://foods-static-content.cinepolis.com/redesign/MX/menus/vip/comboburguer-individual-promotional.png,https://foods-static-content.cinepolis.com/redesign/MX/menus/tradicional/generic.png
25148,Texas Dog,Texas Dog,Snacks,,combo,sellable,"Delicioso Hot Dog con brisket de res, tocino y salsa BBQ, acompañado de papas twister y cebolla caramelizada.",,5,5#7,,5,https://foods-static-content.cinepolis.com/redesign/MX/menus/vip/hotdog_texas_small.png,https://foods-static-content.cinepolis.com/redesign/MX/menus/vip/hotdog_texas_wide.png,https://foods-static-content.cinepolis.com/redesign/MX/menus/vip/hotdog_texas_promotional.png,https://foods-static-content.cinepolis.com/redesign/MX/ingredients/Texas Dog.png
14373,Torres 10®,,Bar,,simple,sellable,Brandy Torres 10®.,,8,8#1#B5,,10,https://foods-static-content.cinepolis.com/redesign/MX/menus/vip/torres_10_small.png,https://foods-static-content.cinepolis.com/redesign/MX/menus/vip/torres_10_wide.png,https://foods-static-content.cinepolis.com/redesign/MX/menus/vip/torres_10_promotional.png,https://foods-static-content.cinepolis.com/redesign/MX/menus/vip/torres_10_small.png
18341,Combo Bagui en Pareja,,Combos,,combo,sellable,"2 Baguis a elegir, 2 refrescos jumbo (1.2 ltr) y palomitas grandes de mantequilla (155 gr).",,3,3#3#7,,1,https://foods-static-content.cinepolis.com/redesign/MX/menus/vip/combo_bagui_pareja_small.png,https://foods-static-content.cinepolis.com/redesign/MX/menus/vip/combo_bagui_pareja_wide.png,https://foods-static-content.cinepolis.com/redesign/MX/menus/vip/combo_bagui_pareja_promotional.png,https://foods-static-content.cinepolis.com/redesign/MX/menus/vip/maxi_hotdog_small.png
14389,Don Julio® 70,,Bar,,simple,sellable,Don Julio® 70.,,8,8#1#A4,,1,https://foods-static-content.cinepolis.com/redesign/MX/menus/vip/don_julio_small.png,https://foods-static-content.cinepolis.com/redesign/MX/menus/vip/don_julio_small_wide.png,https://foods-static-content.cinepolis.com/redesign/MX/menus/vip/don_julio_small_promotional.png,https://foods-static-content.cinepolis.com/redesign/MX/menus/vip/don_julio_small.png
21455,Tequesitos®,Grandes,Snacks,,combo,sellable,Deditos hechos con pasta de harina de trigo rellenos.,,5,5#9,,5,https://foods-static-content.cinepolis.com/redesign/MX/menus/vip/tequesitos_small.png,https://foods-static-content.cinepolis.com/redesign/MX/menus/vip/tequesitos_wide.png,https://foods-static-content.cinepolis.com/redesign/MX/menus/vip/tequesitos_promotional.png,https://foods-static-content.cinepolis.com/redesign/MX/ingredients/tequesitos_jumbo_icon.png
18795,Agua Embotellada,1 L,Bebidas frías,,combo,sellable,Agua Embotellada,,63,6C#1#2,,1,https://foods-static-content.cinepolis.com/redesign/MX/menus/vip/agua_1000_small.png,https://foods-static-content.cinepolis.com/redesign/MX/menus/vip/aguaciel_large.png,https://foods-static-content.cinepolis.com/redesign/MX/menus/vip/aguaciel_medium.png,https://foods-static-content.cinepolis.com/redesign/MX/menus/vip/agua_1000_icon.png
15207,Crepas Dulces 1 Ingrediente,Grandes,Crepas,,combo,sellable,Crepas dulces 1 ingrediente.,,61,61#2#B3,,1,https://foods-static-content.cinepolis.com/redesign/MX/menus/vip/crepa_dulce_1_small.png,https://foods-static-content.cinepolis.com/redesign/MX/menus/vip/crepa_dulce_1_wide.png,https://foods-static-content.cinepolis.com/redesign/MX/menus/vip/crepa_dulce_1_promotional.png,https://foods-static-content.cinepolis.com/redesign/MX/menus/vip/crepa_dulce_1_small.png
15535,Waffles,Waffle,Postres y Helados,,combo,sellable,Waffle belga con una base de crema batida y un topping a elegir (20 g).,,9,9#1#4B,,8,https://foods-static-content.cinepolis.com/redesign/MX/menus/vip/VIP-Waffles_360X400.jpg,https://foods-static-content.cinepolis.com/redesign/MX/menus/vip/VIP-Waffles_1440X476.jpg,https://foods-static-content.cinepolis.com/redesign/MX/menus/vip/VIP-Waffles_414X268.jpg,https://foods-static-content.cinepolis.com/redesign/MX/ingredients/waffle2-icon.png
14700,Té caliente,Grande Caliente,Bebidas calientes,,combo,sellable,Té caliente.,,7,6C#1#9,,1,https://foods-static-content.cinepolis.com/redesign/MX/menus/vip/te_monin_small.png,https://foods-static-content.cinepolis.com/redesign/MX/menus/vip/te_monin_wide.png,https://foods-static-content.cinepolis.com/redesign/MX/menus/vip/te_monin_promotional.png,https://foods-static-content.cinepolis.com/redesign/MX/ingredients/temperatura_caliente_icon.png
14393,Buchanans®,,Bar,,simple,sellable,Buchanans®.,,8,8#1#B8,,11,https://foods-static-content.cinepolis.com/redesign/MX/menus/vip/buchanans_small.png,https://foods-static-content.cinepolis.com/redesign/MX/menus/vip/buchanans_wide.png,https://foods-static-content.cinepolis.com/redesign/MX/menus/vip/buchanans_promotional.png,https://foods-static-content.cinepolis.com/redesign/MX/menus/vip/buchanans_small.png
27574,Combo Personalizado,,Combos,,combo,sellable,Combo personalizado VIP,,3,3#2#1A,,0,https://foods-static-content.cinepolis.com/redesign/MX/menus/tradicional/generic.png,https://foods-static-content.cinepolis.com/redesign/MX/menus/vip/arma-tu-maxicomboVIP-wide.png,https://foods-static-content.cinepolis.com/redesign/MX/menus/vip/arma-tu-maxicomboVIP-promotional.png,https://foods-static-content.cinepolis.com/redesign/MX/menus/tradicional/generic.png
28537,Mac & Cheese Dog,Chico,Nuevos Lanzamientos,,combo,sellable,Hot Dog bañado de Mac&Cheese y tocino troceado.,,4,4#4,,4,https://foods-static-content.cinepolis.com/redesign/MX/menus/vip/hotdog_con_papas_small.png,https://foods-static-content.cinepolis.com/redesign/MX/menus/vip/mac-&cheese-dog-wide.jpg,https://foods-static-content.cinepolis.com/redesign/MX/menus/vip/mac-&cheese-dog-promotional.jpg,https://foods-static-content.cinepolis.com/redesign/MX/ingredients/hotdog_chico_icon.png
14994,Sliders BQQ Bacon,,Snacks,,simple,sellable,"3 mini burgers de carne calidad de la marca Certified Angus Beef®, tocino y salsa BBQ, acompañadas de papas twister.",,5,5#4,,5,https://foods-static-content.cinepolis.com/redesign/MX/menus/vip/sliders_bbq_small.png,https://foods-static-content.cinepolis.com/redesign/MX/menus/vip/sliders_bbq_wide.png,https://foods-static-content.cinepolis.com/redesign/MX/menus/vip/sliders_bbq_promotional.png,https://foods-static-content.cinepolis.com/redesign/MX/menus/vip/sliders_bbq_small.png
26447,Combo Mundial para Compartir,,Combos,,combo,sellable,"palomitas grandes de mantequilla, 4 mini burgers, 250 g Boneless wings y 2 bebidas a elegir (refresco o cerveza).",,3,3#1#0C,,0,https://foods-static-content.cinepolis.com/redesign/MX/menus/tradicional/generic.png,https://foods-static-content.cinepolis.com/redesign/MX/menus/vip/combo-mundial-para-compartir-wide.png,https://foods-static-content.cinepolis.com/redesign/MX/menus/vip/combo-mundial-para-compartir-promotional.png,https://foods-static-content.cinepolis.com/redesign/MX/menus/tradicional/generic.png
25866,Sashimi de Atún,,Sushi,,simple,sellable,"Finas láminas de atún fresco bañadas en salsa de soya, jugo de limón y naranja, acompañadas de pepino, chile serrano y aguacate.",,6,6#1#B9,,1,https://foods-static-content.cinepolis.com/redesign/MX/menus/vip/sashimi_atun_small.jpg,https://foods-static-content.cinepolis.com/redesign/MX/menus/vip/sashimi_atun_wide.jpg,https://foods-static-content.cinepolis.com/redesign/MX/menus/vip/sashimi_atun_promotional.jpg,https://foods-static-content.cinepolis.com/redesign/MX/menus/vip/ensalada_mango_small.png
14709,Té frío,Grande frío,Bebidas frías,,combo,sellable,Té frío.,,63,6C#1#2,,1,https://foods-static-content.cinepolis.com/redesign/MX/menus/vip/te_frio_small.png,https://foods-static-content.cinepolis.com/redesign/MX/menus/vip/te_frio_wide.png,https://foods-static-content.cinepolis.com/redesign/MX/menus/vip/te_frio_promo.png,https://foods-static-content.cinepolis.com/redesign/MX/ingredients/temperatura_fria_icon.png
25671,Dragon Ice,Grande,Bebidas frías,,combo,sellable,Bebida fría preparada con esencias Monin® sabor Pitahaya y Fresa.,,61,6C#1#1C,,1,https://foods-static-content.cinepolis.com/redesign/MX/menus/vip/dragon_ice_small.png,https://foods-static-content.cinepolis.com/redesign/MX/menus/vip/dragonIcef-wide.jpg,https://foods-static-content.cinepolis.com/redesign/MX/menus/vip/dragonIcef-promotional.jpg,https://foods-static-content.cinepolis.com/redesign/MX/ingredients/frappe_mediano.png
14426,Martell® VSOP,,Bar,,simple,sellable,Martell® VSOP.,,8,8#1#B5,,10,https://foods-static-content.cinepolis.com/redesign/MX/menus/vip/hennessy_small.png,https://foods-static-content.cinepolis.com/redesign/MX/menus/vip/hennessy_wide.png,https://foods-static-content.cinepolis.com/redesign/MX/menus/vip/hennessy_promotional.png,https://foods-static-content.cinepolis.com/redesign/MX/menus/vip/hennessy_small.png
27346,Bagui Pastor,Grandes,Baguis,,combo,sellable,"Bagui con carne pastor y queso a elegir, acompañado con papas twister.",,51,5A#1#A5,,1,https://foods-static-content.cinepolis.com/redesign/MX/menus/vip/VIP_bagui_pastor_small.jpg,https://foods-static-content.cinepolis.com/redesign/MX/menus/vip/VIP_bagui_pastor_wide.jpg,https://foods-static-content.cinepolis.com/redesign/MX/menus/vip/VIP_bagui_pastor_promotional.jpg,https://foods-static-content.cinepolis.com/redesign/MX/menus/atmosfera/bagui_favorito.png
18218,Combo Makis Especial Mix con Refrescos,,Combos,,combo,sellable,"1 maki a elegir, 250 g de boneless wings, 1 palomitas grandes (155 gr) y 2 refrescos jumbo (1.2 ltr).",,3,3#2#0,,1,https://foods-static-content.cinepolis.com/redesign/MX/menus/vip/combo_sushi_mix_small.jpg,https://foods-static-content.cinepolis.com/redesign/MX/menus/vip/combo_sushi_mix_wide.jpg,https://foods-static-content.cinepolis.com/redesign/MX/menus/vip/combo_sushi_mix_promotional.jpg,https://foods-static-content.cinepolis.com/redesign/MX/menus/vip/combo_cuates_small.png
18608,Maxicombo Hot Dog,,Para Compartir,,combo,sellable,"2 Hot Dogs con Papas Twister (150 gr), 2 refrescos jumbo (1.2 ltr) y 1 palomitas para llevar de mantequilla (285 gr).",,4,4#4#5,,1,https://foods-static-content.cinepolis.com/redesign/MX/menus/vip/maxi_combo_hotdog_small.png,https://foods-static-content.cinepolis.com/redesign/MX/menus/vip/maxi_combo_hotdog_wide.png,https://foods-static-content.cinepolis.com/redesign/MX/menus/vip/maxi_combo_hotdog_promotional.png,https://foods-static-content.cinepolis.com/redesign/MX/menus/vip/maxi_hotdog_small.png
28588,Boba Dragon Ice Milk,Grande,Bebidas frías,,combo,sellable,"Bebida fría con leche, preparada con esencia Monin® sabor Pitahaya y con perlas explosivas sabor Blueberry.",,63,6C#1#1,,4,https://foods-static-content.cinepolis.com/redesign/MX/menus/atmosfera/small_dragon_ice.png,https://foods-static-content.cinepolis.com/redesign/MX/menus/vip/dragonMilk-wide.jpg,https://foods-static-content.cinepolis.com/redesign/MX/menus/vip/dragonMilk-promotional.jpg,https://foods-static-content.cinepolis.com/redesign/MX/ingredients/frappe_mediano.png
15382,Carajillo,,Bar,,simple,sellable,Carajillo.,,8,8#1#2,,1,https://foods-static-content.cinepolis.com/redesign/MX/menus/vip/carajillo_small.png,https://foods-static-content.cinepolis.com/redesign/MX/menus/vip/carajillo_wide.png,https://foods-static-content.cinepolis.com/redesign/MX/menus/vip/carajillo_promotional.png,https://foods-static-content.cinepolis.com/redesign/MX/menus/vip/carajillo_small.png
26602,Alitas Picositas,,Snacks,,simple,sellable,Deliciosas alitas picositas.,,5,5#3,,5,https://foods-static-content.cinepolis.com/redesign/MX/menus/vip/VIP-Alitas-picantes_360X400.jpg,https://foods-static-content.cinepolis.com/redesign/MX/menus/vip/VIP-Alitas-picantes_1440X476.jpg,https://foods-static-content.cinepolis.com/redesign/MX/menus/vip/VIP-Alitas-picantes_414X268.jpg,https://foods-static-content.cinepolis.com/redesign/MX/menus/vip/ensalada_mango_small.png
28586,Boba Tropical Ice,Grande,Bebidas frías,,combo,sellable,"Bebida fría preparada con esencias Monin® sabor Durazno y Mango, y con perlas explosivas sabor Blueberry.",,63,6C#1#1,,4,https://foods-static-content.cinepolis.com/redesign/MX/menus/atmosfera/small_dragon_ice.png,https://foods-static-content.cinepolis.com/redesign/MX/menus/vip/tropical-wide.jpg,https://foods-static-content.cinepolis.com/redesign/MX/menus/vip/tropical-promotional.jpg,https://foods-static-content.cinepolis.com/redesign/MX/ingredients/frappe_mediano.png
27347,BBQ Chiken Burger,,Snacks,,simple,sellable,Deliciosa hamburguesa BBQ Chiken Burguer.,,5,5#8,,5,https://foods-static-content.cinepolis.com/redesign/MX/menus/vip/vip_burger_chicken_tenders_360x400.jpg,https://foods-static-content.cinepolis.com/redesign/MX/menus/vip/vip_burger_chicken_tenders_1440x476.jpg,https://foods-static-content.cinepolis.com/redesign/MX/menus/vip/vip_burger_chicken_tenders_414x268.jpg,https://foods-static-content.cinepolis.com/redesign/MX/menus/vip/sliders_queso_small.png
18145,Maxicombo Hot Dog BBQ,,Para Compartir,,combo,sellable,"1 palomitas para llevar (285 gr), 2 refrescos jumbo (1.2 ltr) y 2 hot dogs tradicionales.",,4,4#3#1,,1,https://foods-static-content.cinepolis.com/redesign/MX/menus/vip/maxi_combo_hotdog_bbq_small.png,https://foods-static-content.cinepolis.com/redesign/MX/menus/vip/maxi_combo_hotdog_bbq_wide.png,https://foods-static-content.cinepolis.com/redesign/MX/menus/vip/maxi_combo_hotdog_bbq_promotional.png,https://foods-static-content.cinepolis.com/redesign/MX/menus/vip/maxi_hotdog_small.png
14494,Naranjada,,Bebidas frías,,simple,sellable,Deliciosa naranjada clásica.,,63,6C#1#A2,,1,https://foods-static-content.cinepolis.com/redesign/MX/menus/vip/naranjada_small.png,https://foods-static-content.cinepolis.com/redesign/MX/menus/vip/naranjada_wide.png,https://foods-static-content.cinepolis.com/redesign/MX/menus/vip/naranjada_promotional.png,https://foods-static-content.cinepolis.com/redesign/MX/menus/vip/naranjada_small.png
23470,Carajillo Bailey's® Magnum®,,Bar,,simple,sellable,Carajillo Bailey's® con paleta Magnum®.,,8,8#1#D5,,1,https://foods-static-content.cinepolis.com/redesign/MX/menus/vip/baileys_magnum_small.png,https://foods-static-content.cinepolis.com/redesign/MX/menus/vip/baileys_magnum_wide.png,https://foods-static-content.cinepolis.com/redesign/MX/menus/vip/baileys_magnum_promotional.png,https://foods-static-content.cinepolis.com/redesign/MX/menus/vip/carajillo_small.png
28741,Arma Tu Combo Individual,,Nuevos Lanzamientos,,combo,sellable,"Disfruta tu combo eligiendo tu platillo y bebida, acompañado de palomitas, papas y postre.",,4,4#0,,4,https://foods-static-content.cinepolis.com/redesign/MX/menus/tradicional/generic.png,https://foods-static-content.cinepolis.com/redesign/MX/menus/vip/arma-tu-combo-vip-wide.png,https://foods-static-content.cinepolis.com/redesign/MX/menus/vip/arma-tu-combo-vip-promotional.png,https://foods-static-content.cinepolis.com/redesign/MX/menus/tradicional/generic.png
18279,Café Irlandés,Grande,Bebidas calientes,,combo,sellable,Café irlandés marca Nespresso®.,,7,7#5#7,,5,https://foods-static-content.cinepolis.com/redesign/MX/menus/vip/cafe_irlandes_small.png,https://foods-static-content.cinepolis.com/redesign/MX/menus/vip/cafe_irlandes_wide.png,https://foods-static-content.cinepolis.com/redesign/MX/menus/vip/cafe_irlandes_promotional.png,https://foods-static-content.cinepolis.com/redesign/MX/ingredients/termico_grande_icon.png
28211,Mezcalada,Grande,Bar,,combo,sellable,Mezcalada variedad de sabores.,,8,8#1#1A,,1,https://foods-static-content.cinepolis.com/redesign/MX/menus/vip/mojito_small.png,https://foods-static-content.cinepolis.com/redesign/MX/menus/vip/mezcaladas_wide.png,https://foods-static-content.cinepolis.com/redesign/MX/menus/vip/mezcaladas_promotional.png,https://foods-static-content.cinepolis.com/redesign/MX/ingredients/mojito_small.png
24220,400 Conejos® Espadín,,Bar,,simple,sellable,Mezcal 45 ml de licor.,,8,8#1#A7,,1,https://foods-static-content.cinepolis.com/redesign/MX/menus/vip/mezcal_400_conejos_small.png,https://foods-static-content.cinepolis.com/redesign/MX/menus/vip/mezcal_400_conejos_wide.png,https://foods-static-content.cinepolis.com/redesign/MX/menus/vip/mezcal_400_conejos_promotional.png,https://foods-static-content.cinepolis.com/redesign/MX/menus/vip/mezcal_400_conejos_small.png
14977,Plato Snack Boneless,Grandes,Snacks,,combo,sellable,"4 Tequesitos®, 200g de boneless wings y 150g papas twister acompañados con aderezo chipotle y salsa buffalo wings.",,5,5#A1,,5,https://foods-static-content.cinepolis.com/redesign/MX/menus/vip/plato_snack_small.png,https://foods-static-content.cinepolis.com/redesign/MX/menus/vip/plato_snack_wide.png,https://foods-static-content.cinepolis.com/redesign/MX/menus/vip/plato_snack_promotional.png,https://foods-static-content.cinepolis.com/redesign/MX/menus/vip/plato_snack_small.png
6167,Stella Artois®,,Bar,,simple,sellable,Cerveza Stella Artois®,,8,8#1#A2,,1,https://foods-static-content.cinepolis.com/redesign/MX/menus/vip/stella_small.png,https://foods-static-content.cinepolis.com/redesign/MX/menus/vip/stella_wide.png,https://foods-static-content.cinepolis.com/redesign/MX/menus/vip/stella_promotional.png,https://foods-static-content.cinepolis.com/redesign/MX/menus/vip/stella_wide.png
14509,Sangre de Toro Cosecha,Copa 150 ml,Bar,,combo,sellable,"Vino tinto, 65% Garnacha, 35% Mazuelo.",,8,8#1#C3,,13,https://foods-static-content.cinepolis.com/redesign/MX/menus/vip/sangre_de_toro_small.png,https://foods-static-content.cinepolis.com/redesign/MX/menus/vip/sangre_de_toro_wide.png,https://foods-static-content.cinepolis.com/redesign/MX/menus/vip/sangre_de_toro_promotional.png,https://foods-static-content.cinepolis.com/redesign/MX/ingredients/copa_icon.png
14487,Piñada,,Bebidas frías,,simple,sellable,Deliciosa piñada sin alcohol.,,63,6C#1#A1,,1,https://foods-static-content.cinepolis.com/redesign/MX/menus/vip/piñada_small.png,https://foods-static-content.cinepolis.com/redesign/MX/menus/vip/piñada_wide.png,https://foods-static-content.cinepolis.com/redesign/MX/menus/vip/piñada_promotional.png,https://foods-static-content.cinepolis.com/redesign/MX/menus/vip/piñada_small.png
14468,Michelada,Grande,Bar,,combo,sellable,Michelada.,,8,8#1#A3,,1,https://foods-static-content.cinepolis.com/redesign/MX/menus/vip/michelada_clamato_small.png,https://foods-static-content.cinepolis.com/redesign/MX/menus/vip/michelada_clamato_wide.png,https://foods-static-content.cinepolis.com/redesign/MX/menus/vip/michelada_clamato_promotional.png,https://foods-static-content.cinepolis.com/redesign/MX/ingredients/frappe_mediano.png
21742,M&M'S® Mega Cacahuate,,Dulces y Chocolates,,simple,sellable,M&M's® Mega Cacahuate.,,11,B#1#A5,,2,https://foods-static-content.cinepolis.com/redesign/MX/menus/vip/m&m_mega_cacahuate_small.png,https://foods-static-content.cinepolis.com/redesign/MX/menus/vip/m&m_mega_cacahuate_wide.png,https://foods-static-content.cinepolis.com/redesign/MX/menus/vip/m&m_mega_cacahuate_promotional.png,https://foods-static-content.cinepolis.com/redesign/MX/ingredients/mm_amarillo.png
15045,Big Dipper Boneless,Grandes,Snacks,,combo,sellable,"150 g Papas Crisscut, 3 kushiages de Manchego, 200 g Jalapeño Pop, 250 g Boneless Wings, Acompañado con salsa BBQ y salsa Buffalo Wings.",,5,5#3A,,5,https://foods-static-content.cinepolis.com/redesign/MX/menus/vip/big_dipper_small.png,https://foods-static-content.cinepolis.com/redesign/MX/menus/vip/big_dipper_wide.png,https://foods-static-content.cinepolis.com/redesign/MX/menus/vip/big_dipper_promotional.png,https://foods-static-content.cinepolis.com/redesign/MX/menus/vip/big_dipper_small.png
28457,Poke Bowl,Grandes,Sushi,,combo,sellable,Poke bowl.,,6,6#1#20,,4,https://foods-static-content.cinepolis.com/redesign/MX/menus/vip/sushi_small.png,https://foods-static-content.cinepolis.com/redesign/MX/menus/vip/poke_wide.jpg,https://foods-static-content.cinepolis.com/redesign/MX/menus/vip/poke_promotion.jpg,https://foods-static-content.cinepolis.com/redesign/MX/menus/vip/sushi_small.png
18595,Combo Clásico,,Combos,,combo,sellable,"1 hot dog tradicional con papas (150 gr), 1 refresco jumbo (1.2 ltr) y 1 palomitas para llevar de mantequilla (285 gr).",,3,3#2#1A,,1,https://foods-static-content.cinepolis.com/redesign/MX/menus/vip/combo_clasico_small.png,https://foods-static-content.cinepolis.com/redesign/MX/menus/vip/combo_clasico_wide.png,https://foods-static-content.cinepolis.com/redesign/MX/menus/vip/combo_clasico_promotional.png,https://foods-static-content.cinepolis.com/redesign/MX/menus/vip/maxi_hotdog_small.png
22089,Papas Crisscut,Grandes,Snacks,,combo,sellable,300 g de crujientes papas fritas con corte Crisscut® (No incluye dip de queso).,,5,5#A7,,5,https://foods-static-content.cinepolis.com/redesign/MX/menus/vip/papas_crisscut_small.png,https://foods-static-content.cinepolis.com/redesign/MX/menus/vip/papas_crisscut_wide.png,https://foods-static-content.cinepolis.com/redesign/MX/menus/vip/papas_crisscut_promotional.png,https://foods-static-content.cinepolis.com/redesign/MX/ingredients/tequesitos_jumbo_icon.png
14518,Mojito,Grande,Bar,,combo,sellable,Mojito variedad de sabores.,,8,8#1#1,,1,https://foods-static-content.cinepolis.com/redesign/MX/menus/vip/mojito_small.png,https://foods-static-content.cinepolis.com/redesign/MX/menus/vip/mojito_wide.png,https://foods-static-content.cinepolis.com/redesign/MX/menus/vip/mojito_promotional.png,https://foods-static-content.cinepolis.com/redesign/MX/ingredients/mojito_small.png
23284,Combo ICEE®,,Combos,,combo,sellable,"Dos ICEE® del sabor de tu preferencia, unas palomitas sabor mantequilla y unos Skwinkles Salsaghetti®.",,3,3#2#4,,1,https://foods-static-content.cinepolis.com/redesign/MX/menus/vip/combo_icee_small.png,https://foods-static-content.cinepolis.com/redesign/MX/menus/vip/combo_icee_wide.png,https://foods-static-content.cinepolis.com/redesign/MX/menus/vip/combo_icee_promotional.png,https://foods-static-content.cinepolis.com/redesign/MX/menus/vip/combo_icee_small.png
17234,Papas Twister,,Snacks,,simple,sellable,150g de papas estilo twister (No incluye dip de queso).,,5,5#A6,,5,https://foods-static-content.cinepolis.com/redesign/MX/menus/vip/papas_twister_small.png,https://foods-static-content.cinepolis.com/redesign/MX/menus/vip/papas_twister_wide.png,https://foods-static-content.cinepolis.com/redesign/MX/menus/vip/papas_twister_promotional.png,https://foods-static-content.cinepolis.com/redesign/MX/ingredients/papas_twister_icon.png
15976,Crepas Dulces 2 Ingredientes,Grandes,Crepas,,combo,sellable,Crepas dulces 2 ingredientes.,,61,61#2#B1,,1,https://foods-static-content.cinepolis.com/redesign/MX/menus/vip/crepa_dulce_2_small.png,https://foods-static-content.cinepolis.com/redesign/MX/menus/vip/crepa_dulce_2_wide.png,https://foods-static-content.cinepolis.com/redesign/MX/menus/vip/crepa_dulce_2_promotional.png,https://foods-static-content.cinepolis.com/redesign/MX/menus/vip/crepa_dulce_2_small.png
22332,Combo Pizza,,Combos,,combo,sellable,"Una pizza a su selección, acompañado con 150 g de papas twister y un refresco jumbo.",,3,3#3#1,,1,https://foods-static-content.cinepolis.com/redesign/MX/menus/vip/combo_pizza_small.jpg,https://foods-static-content.cinepolis.com/redesign/MX/menus/vip/combo_pizza_wide.jpg,https://foods-static-content.cinepolis.com/redesign/MX/menus/vip/combo_pizza_promotional.jpg,https://foods-static-content.cinepolis.com/redesign/MX/menus/vip/maxi_hotdog_small.png
18163,Maxicombo Mix,,Para Compartir,,combo,sellable,"1 nachos clásicos chicos, 1 hot dog con papas Twister, 2 refrescos jumbo, 1 palomitas para llevar de mantequilla.",,4,4#5#4,,1,https://foods-static-content.cinepolis.com/redesign/MX/menus/vip/maxi_combo_nachos_small.jpg,https://foods-static-content.cinepolis.com/redesign/MX/menus/vip/maxi_combo_nachos_wide.jpg,https://foods-static-content.cinepolis.com/redesign/MX/menus/vip/maxi_combo_nachos_promotional.jpg,https://foods-static-content.cinepolis.com/redesign/MX/menus/vip/maxi_hotdog_small.png
22968,Chicken Tenders,,Snacks,,simple,sellable,"5 piezas de chicken tenders, acompañadas de aderezo blue cheese.",,5,5#A3,,5,https://foods-static-content.cinepolis.com/redesign/MX/menus/vip/chicken_tenders_small.png,https://foods-static-content.cinepolis.com/redesign/MX/menus/vip/chicken_tenders_wide.png,https://foods-static-content.cinepolis.com/redesign/MX/menus/vip/chicken_tenders_promotional.png,https://foods-static-content.cinepolis.com/redesign/MX/ingredients/chicken_tenders_icon.png
18285,Latte Bailey's®,Grande,Bebidas calientes,,combo,sellable,Café latte Bailey's® marca Nespresso®.,,7,7#5#8,,5,https://foods-static-content.cinepolis.com/redesign/MX/menus/vip/latte_baileys_small.png,https://foods-static-content.cinepolis.com/redesign/MX/menus/vip/latte_baileys_wide.png,https://foods-static-content.cinepolis.com/redesign/MX/menus/vip/latte_baileys_promotional.png,https://foods-static-content.cinepolis.com/redesign/MX/ingredients/termico_grande_icon.png
18290,Latte,Grande,Bebidas calientes,,combo,sellable,Café latte marca Nespresso®.,,7,7#5#1,,5,https://foods-static-content.cinepolis.com/redesign/MX/menus/vip/cafe_late_small.png,https://foods-static-content.cinepolis.com/redesign/MX/menus/vip/cafe_late_wide.png,https://foods-static-content.cinepolis.com/redesign/MX/menus/vip/cafe_late_promotional.png,https://foods-static-content.cinepolis.com/redesign/MX/ingredients/termico_grande_icon.png
14434,Licor del 43®,,Bar,,simple,sellable,Licor del 43®.,,8,8#1#C7,,12,https://foods-static-content.cinepolis.com/redesign/MX/menus/vip/licor_43_small.png,https://foods-static-content.cinepolis.com/redesign/MX/menus/vip/licor_43_wide.png,https://foods-static-content.cinepolis.com/redesign/MX/menus/vip/licor_43_promotional.png,https://foods-static-content.cinepolis.com/redesign/MX/menus/vip/licor_43_small.png
15388,Capuccino,Grande,Bebidas calientes,,combo,sellable,Café capuccino marca Nespresso®.,,7,7#5#2,,5,https://foods-static-content.cinepolis.com/redesign/MX/menus/vip/frappe_capuccino_small.png,https://foods-static-content.cinepolis.com/redesign/MX/menus/vip/frappe_capuccino_wide.png,https://foods-static-content.cinepolis.com/redesign/MX/menus/vip/frappe_capuccino_promotional.png,https://foods-static-content.cinepolis.com/redesign/MX/ingredients/termico_grande_icon.png
18779,Frappé Leche Promo,Grande,Promociones,,combo,sellable,Descubre la refrescante colección de sabores en nuestra sección de frappés. Promoción exclusiva en compras por app o web.,,0,0#1#4,,1,https://foods-static-content.cinepolis.com/redesign/MX/menus/vip/frappe_favorito_small.png,https://foods-static-content.cinepolis.com/redesign/MX/menus/vip/frappe_favorito_wide.png,https://foods-static-content.cinepolis.com/redesign/MX/menus/vip/frappe_favorito_promotional.png,https://foods-static-content.cinepolis.com/redesign/MX/ingredients/frappe_grande.png
28485,Margarita Tajin,Grande,Bar,,combo,sellable,Margaritas variedad de sabores tajin.,,8,8#0#8,,4,https://foods-static-content.cinepolis.com/redesign/MX/menus/vip/margarita_small.png,https://foods-static-content.cinepolis.com/redesign/MX/menus/vip/margarita-tajin-wide.jpg,https://foods-static-content.cinepolis.com/redesign/MX/menus/vip/margarita-tajin-promotional.jpg,https://foods-static-content.cinepolis.com/redesign/MX/ingredients/margarita_small.png
15004,Quesadilla,Grandes,Snacks,,combo,sellable,"1 quesadilla de pechuga de pollo con queso manchego y nuestro delicioso guacamole, acompañada de chiles toreados.",,5,5#0D,,5,https://foods-static-content.cinepolis.com/redesign/MX/menus/vip/quesadilla_small.png,https://foods-static-content.cinepolis.com/redesign/MX/menus/vip/quesadilla_wide.png,https://foods-static-content.cinepolis.com/redesign/MX/menus/vip/quesadilla_promotional.png,https://foods-static-content.cinepolis.com/redesign/MX/menus/vip/quesadilla_small.png
26972,Mac&Cheese Boneless,,Snacks,,simple,sellable,Nuestros boneless acompañados de deliciosos mac&cheese.,,5,5#4,,5,https://foods-static-content.cinepolis.com/redesign/MX/menus/vip/Mac_Cheese_Boneless_small.png,https://foods-static-content.cinepolis.com/redesign/MX/menus/vip/Mac_Cheese_Boneless_wide.png,https://foods-static-content.cinepolis.com/redesign/MX/menus/vip/Mac_Cheese_Boneless_promotional.png,https://foods-static-content.cinepolis.com/redesign/MX/menus/vip/extraqueso_small.png
14965,Yakimeshi,Yakimeshi,Sushi,,combo,sellable,Yakimeshi.,,6,6#1#B5,,1,https://foods-static-content.cinepolis.com/redesign/MX/menus/vip/yakimeshi_small.png,https://foods-static-content.cinepolis.com/redesign/MX/menus/vip/yakimeshi_wide.png,https://foods-static-content.cinepolis.com/redesign/MX/menus/vip/yakimeshi_imperial_promotional.png,https://foods-static-content.cinepolis.com/redesign/MX/menus/vip/yakimeshi_small.png
24222,Captain Morgan®,,Bar,,simple,sellable,Captain Morgan®.,,8,8#1#B3,,1,https://foods-static-content.cinepolis.com/redesign/MX/menus/vip/capitan_morgan_small.jpg,https://foods-static-content.cinepolis.com/redesign/MX/menus/vip/capitan_morgan_wide.jpg,https://foods-static-content.cinepolis.com/redesign/MX/menus/vip/capitan_morgan_promotional.jpg,https://foods-static-content.cinepolis.com/redesign/MX/menus/vip/capitan_morgan_small.jpg
27782,Dippin dots,Vainilla con galleta,Postres y Helados,,combo,sellable,Dippin Dots,,9,9#1#1,,1,https://foods-static-content.cinepolis.com/redesign/MX/menus/tradicional/skwinkles_salsagheti_small.png,https://foods-static-content.cinepolis.com/redesign/MX/menus/vip/DIPPIN DOTS_APP_NUEVA_1440x476.jpg,https://foods-static-content.cinepolis.com/redesign/MX/menus/vip/DIPPIN DOTS_BOTON PRINCIPAL_400 x 268.jpg,https://foods-static-content.cinepolis.com/redesign/MX/ingredients/Vainilla_galleta.png
14396,Johnnie Walker® e. Roja,,Bar,,simple,sellable,Johnnie Walker® e. Roja.,,8,8#1#B9,,11,https://foods-static-content.cinepolis.com/redesign/MX/menus/vip/johnnie_walker_negra_small.png,https://foods-static-content.cinepolis.com/redesign/MX/menus/vip/johnnie_walker_roja_wide.png,https://foods-static-content.cinepolis.com/redesign/MX/menus/vip/johnnie_walker_roja_promotional.png,https://foods-static-content.cinepolis.com/redesign/MX/menus/vip/johnnie_walker_roja_small.png
14294,Margarita,Grande,Bar,,combo,sellable,Margaritas variedad de sabores.,,8,8#1#D3,,1,https://foods-static-content.cinepolis.com/redesign/MX/menus/vip/margarita_small.png,https://foods-static-content.cinepolis.com/redesign/MX/menus/vip/margarita_wide.png,https://foods-static-content.cinepolis.com/redesign/MX/menus/vip/margarita_promotional.png,https://foods-static-content.cinepolis.com/redesign/MX/ingredients/margarita_small.png
18579,Combo Cuates Promo,,Promociones,,combo,sellable,1 palomitas Jumbo y 2 refrescos jumbo (1.2 ltr). Promoción exclusiva en compras por app o web.,,0,0#1#9,,1,https://foods-static-content.cinepolis.com/redesign/MX/menus/vip/combo_cuates_promo_small_vip.png,https://foods-static-content.cinepolis.com/redesign/MX/menus/vip/combo_cuates_promo_wide_vip.png,https://foods-static-content.cinepolis.com/redesign/MX/menus/vip/combo_cuates_promo_promotional_vip.png,https://foods-static-content.cinepolis.com/redesign/MX/menus/vip/combo_cuates_promo_small_vip.png
16799,Crepas Dulces Premium,Grandes,Crepas,,combo,sellable,Crepas dulces premium.,,61,1#5#2,,1,https://foods-static-content.cinepolis.com/redesign/MX/menus/vip/crepa_oreo_small.png,https://foods-static-content.cinepolis.com/redesign/MX/menus/vip/crepa_premium_dulce_wide.png,https://foods-static-content.cinepolis.com/redesign/MX/menus/vip/crepa_premium_dulce_promotional.png,https://foods-static-content.cinepolis.com/redesign/MX/menus/vip/crepa_dulce_premium_small.png
14938,Makis,Grandes,Sushi,,combo,sellable,Makis.,,6,6#1#24,,1,https://foods-static-content.cinepolis.com/redesign/MX/menus/vip/sushi_small.png,https://foods-static-content.cinepolis.com/redesign/MX/menus/vip/sushi_wide.png,https://foods-static-content.cinepolis.com/redesign/MX/menus/vip/sushi_promotional.png,https://foods-static-content.cinepolis.com/redesign/MX/menus/vip/sushi_small.png
18588,Combo Boneless Promo,,Promociones,,combo,sellable,"250 g de boneless wings, acompañados de 1 palomitas grandes de mantequilla y 1 refresco jumbo. Promoción exclusiva en compras por app o web.",,0,0#1#0,,1,https://foods-static-content.cinepolis.com/redesign/MX/menus/vip/combo_boneless_small.png,https://foods-static-content.cinepolis.com/redesign/MX/menus/vip/combo_boneless_wide.png,https://foods-static-content.cinepolis.com/redesign/MX/menus/vip/combo_boneless_promotional.png,https://foods-static-content.cinepolis.com/redesign/MX/menus/vip/maxi_hotdog_small.png
15228,Combo Big Dipper,,Combos,,combo,sellable,"1 plato big dipper boneless (150 gr papas crisscut, 3 kushiages de manchego, 200 gr jalapeño pop, 250 gr de boneless wings) y 2 cervezas (clásicas, especiales o importadas).",,3,3#1#0C,,1,https://foods-static-content.cinepolis.com/redesign/MX/menus/vip/combo_big_dipper_small.png,https://foods-static-content.cinepolis.com/redesign/MX/menus/vip/combo-mundialista-big-dipper-wide.png,https://foods-static-content.cinepolis.com/redesign/MX/menus/vip/combo-mundialista-big-dipper-promotional.png,https://foods-static-content.cinepolis.com/redesign/MX/menus/vip/maxi_hotdog_small.png
18585,Combo Bagui Individual  Promo,,Promociones,,combo,sellable,"1 bagui a elegir, 1 refresco jumbo (1.2 ltr) y 1 palomitas grandes de mantequilla (155 gr). Promoción exclusiva en compras por app o web.",,0,0#1#1,,1,https://foods-static-content.cinepolis.com/redesign/MX/menus/vip/combo_bagui_individual_small.png,https://foods-static-content.cinepolis.com/redesign/MX/menus/vip/combo_bagui_individual_wide.png,https://foods-static-content.cinepolis.com/redesign/MX/menus/vip/combo_bagui_individual_promotional.png,https://foods-static-content.cinepolis.com/redesign/MX/menus/vip/maxi_hotdog_small.png
17223,Kushiage Queso Philadelphia®,,Sushi,,simple,sellable,4 piezas de brocheta empanizada estilo oriental: Queso Philadelphia®.,,6,6#1#B8,,1,https://foods-static-content.cinepolis.com/redesign/MX/menus/vip/kushiage_philadelphia_small.png,https://foods-static-content.cinepolis.com/redesign/MX/menus/vip/kushiage_philadelphia_wide.png,https://foods-static-content.cinepolis.com/redesign/MX/menus/vip/kushiage_philadelphia_promotional.png,https://foods-static-content.cinepolis.com/redesign/MX/ingredients/QUESO_PHILADELPHIA.png
17114,Nachos Premium,Grandes,Snacks,,combo,sellable,Exquisitos nachos Clásicos/Doritos® acompañados de queso.,,5,5#3,,5,https://foods-static-content.cinepolis.com/redesign/MX/menus/vip/nachos_premium_small.png,https://foods-static-content.cinepolis.com/redesign/MX/menus/vip/nachos_premium_wide.png,https://foods-static-content.cinepolis.com/redesign/MX/menus/vip/nachos_premium_promotional.png,https://foods-static-content.cinepolis.com/redesign/MX/ingredients/nachos_premium.png
15324,Americano,Grande,Bebidas calientes,,combo,sellable,Café americano Nespresso®.,,7,7#5#4,,5,https://foods-static-content.cinepolis.com/redesign/MX/menus/vip/cafe_americano_small.png,https://foods-static-content.cinepolis.com/redesign/MX/menus/vip/cafe_americano_wide.png,https://foods-static-content.cinepolis.com/redesign/MX/menus/vip/cafe_americano_promotional.png,https://foods-static-content.cinepolis.com/redesign/MX/ingredients/termico_grande_icon.png
17102,Bagui Chicken Crunch,Grandes,Baguis,,combo,sellable,"Bagui con trozos de boneless wings, tocino y queso a elegir, acompañado con papas twister.",,51,5A#1#A5,,1,https://foods-static-content.cinepolis.com/redesign/MX/menus/vip/bagui_chicken_crunch_small.png,https://foods-static-content.cinepolis.com/redesign/MX/menus/vip/bagui_chicken_crunch_wide.png,https://foods-static-content.cinepolis.com/redesign/MX/menus/vip/bagui_chicken_crunch_promotional.png,https://foods-static-content.cinepolis.com/redesign/MX/menus/atmosfera/bagui_favorito.png
25681,Tropical Ice,Grande,Bebidas frías,,combo,sellable,Bebida fría preparada con esencias Monin® sabor Mango y Durazno.,,63,6C#1#1C,,1,https://foods-static-content.cinepolis.com/redesign/MX/menus/vip/tropical_ice_small.png,https://foods-static-content.cinepolis.com/redesign/MX/menus/vip/tropicalf-wide.jpg,https://foods-static-content.cinepolis.com/redesign/MX/menus/vip/tropicalf-promotional.jpg,https://foods-static-content.cinepolis.com/redesign/MX/ingredients/frappe_mediano.png
17097,Bagui de Tres Quesos,Grandes,Baguis,,combo,sellable,"Bagui de queso Philadelphia®, suizo y cheddar, acompañado con papas twister.",,51,5A#1#A2,,1,https://foods-static-content.cinepolis.com/redesign/MX/menus/vip/bagui_3_quesos_small.png,https://foods-static-content.cinepolis.com/redesign/MX/menus/vip/bagui_3_quesos_wide.png,https://foods-static-content.cinepolis.com/redesign/MX/menus/vip/bagui_3_quesos_promotional.png,https://foods-static-content.cinepolis.com/redesign/MX/menus/atmosfera/bagui_favorito.png
14424,Hennessy® VSOP,,Bar,,simple,sellable,Hennessy® VSOP.,,8,8#1#B5,,10,https://foods-static-content.cinepolis.com/redesign/MX/menus/vip/hennessy_small.png,https://foods-static-content.cinepolis.com/redesign/MX/menus/vip/hennessy_wide.png,https://foods-static-content.cinepolis.com/redesign/MX/menus/vip/hennessy_promotional.png,https://foods-static-content.cinepolis.com/redesign/MX/menus/vip/hennessy_small.png
14979,Ensalada Mango y Aguacate,,Ensaladas,,simple,sellable,"La mejor selección de lechuga acompañada con pollo, tocino, aguacate, queso crema Philadelphia®, mango y salsa buffalo wings.",,52,5B#1#C1,,1,https://foods-static-content.cinepolis.com/redesign/MX/menus/vip/ensalada_mango_small.png,https://foods-static-content.cinepolis.com/redesign/MX/menus/vip/ensalada_mango_wide.png,https://foods-static-content.cinepolis.com/redesign/MX/menus/vip/ensalada_mango_promotional.png,https://foods-static-content.cinepolis.com/redesign/MX/menus/vip/ensalada_mango_small.png
18616,Combo Nachos en Pareja,,Combos,,combo,sellable,"1 palomitas para llevar (285 gr), 2 refrescos jumbo (1.2 ltr) y 1 nachos clásicos chicos (120 gr).",,3,3#2#4,,1,https://foods-static-content.cinepolis.com/redesign/MX/menus/vip/combo_nachos_pareja_small.png,https://foods-static-content.cinepolis.com/redesign/MX/menus/vip/combo_nachos_pareja_wide.png,https://foods-static-content.cinepolis.com/redesign/MX/menus/vip/combo_nachos_pareja_promotional.png,https://foods-static-content.cinepolis.com/redesign/MX/menus/vip/combo_nachos_pareja_small.png
28218,Nachos Al Pastor,Grandes,Snacks,,combo,sellable,Exquisitos nachos Clásicos/Doritos® acompañados de queso y carne al pastor.,,5,5#1,,5,https://foods-static-content.cinepolis.com/redesign/MX/menus/vip/nachos_premium_small.png,https://foods-static-content.cinepolis.com/redesign/MX/menus/vip/nachos_pastor_wide.png,https://foods-static-content.cinepolis.com/redesign/MX/menus/vip/nachos_pastor_promotional.png,https://foods-static-content.cinepolis.com/redesign/MX/ingredients/nachos_premium.png
14420,Hendricks®,,Bar,,simple,sellable,45 ml de licor.,,8,8#1#A8,,1,https://foods-static-content.cinepolis.com/redesign/MX/menus/vip/hendricks_small.png,https://foods-static-content.cinepolis.com/redesign/MX/menus/vip/hendricks_wide.png,https://foods-static-content.cinepolis.com/redesign/MX/menus/vip/hendricks_promotional.png,https://foods-static-content.cinepolis.com/redesign/MX/menus/vip/hendricks_small.png
14359,Ron Bacardi® Blanco,,Bar,,simple,sellable,Ron Bacardi® Blanco.,,8,8#1#B1,,1,https://foods-static-content.cinepolis.com/redesign/MX/menus/vip/bacardi_small.png,https://foods-static-content.cinepolis.com/redesign/MX/menus/vip/bacardi_wide.png,https://foods-static-content.cinepolis.com/redesign/MX/menus/vip/bacardi_promotional.png,https://foods-static-content.cinepolis.com/redesign/MX/menus/vip/bacardi_small.png
14423,Tanqueray®,,Bar,,simple,sellable,Tanqueray®.,,8,8#1#A9,,2,https://foods-static-content.cinepolis.com/redesign/MX/menus/vip/tanqueray_small.png,https://foods-static-content.cinepolis.com/redesign/MX/menus/vip/tanqueray_wide.png,https://foods-static-content.cinepolis.com/redesign/MX/menus/vip/tanqueray_promotional.png,https://foods-static-content.cinepolis.com/redesign/MX/menus/vip/tanqueray_small.png
24975,Jack&Coke®,,Bar,,simple,sellable,Bebida alcohólica preparada de Tennessee Whiskey 350 ml.,,8,8#1#B9,,1,https://foods-static-content.cinepolis.com/redesign/MX/menus/vip/jackcoke_small.png,https://foods-static-content.cinepolis.com/redesign/MX/menus/vip/jackcoke_wide.png,https://foods-static-content.cinepolis.com/redesign/MX/menus/vip/jackcoke_promotional.png,https://foods-static-content.cinepolis.com/redesign/MX/ingredients/jack&coke-icon.png
18234,Combo Makis individual,,Combos,,combo,sellable,1 Maki a elegir 1 Kushiage de Queso Manchego 1 Kushiage de Queso Crema Philadelphia® y 1 refresco jumbo (1.2 ltr).,,3,3#2#1,,1,https://foods-static-content.cinepolis.com/redesign/MX/menus/vip/combo_makis_individual_small.png,https://foods-static-content.cinepolis.com/redesign/MX/menus/vip/combo_makis_wide.png,https://foods-static-content.cinepolis.com/redesign/MX/menus/vip/combo_makis_promotional.png,https://foods-static-content.cinepolis.com/redesign/MX/menus/vip/combo_cuates_small.png
14733,Té Chai Latte,Grande,Bebidas calientes,,combo,sellable,Descubre la refrescante colección de sabores en nuestra sección de agua.,,7,7#6#1,,1,https://foods-static-content.cinepolis.com/redesign/MX/menus/vip/te_chai_late_small.png,https://foods-static-content.cinepolis.com/redesign/MX/menus/vip/te_chai_late_wide.png,https://foods-static-content.cinepolis.com/redesign/MX/menus/vip/te_chai_late_promotional.png,https://foods-static-content.cinepolis.com/redesign/MX/ingredients/termico_grande_icon.png
28514,Tequesitos Hechos Con Biscoff® 8 Piezas,,Snacks,,simple,sellable,Tequesitos hechos con biscoff 8 piezas,,5,5#0A,,4,https://foods-static-content.cinepolis.com/redesign/MX/menus/tradicional/Mac_Cheese_Boneless_small.png,https://foods-static-content.cinepolis.com/redesign/MX/menus/tradicional/biscoff-wide.jpg,https://foods-static-content.cinepolis.com/redesign/MX/menus/tradicional/biscoff-promotional.jpg,https://foods-static-content.cinepolis.com/redesign/MX/menus/tradicional/extraqueso_small.png
18778,Frappé Agua Promo,Grande,Promociones,,combo,sellable,Descubre la refrescante colección de sabores en nuestra sección de agua. Promoción exclusiva en compras por app o web.,,0,0#1#5,,1,https://foods-static-content.cinepolis.com/redesign/MX/menus/vip/frappe_agua_small.png,https://foods-static-content.cinepolis.com/redesign/MX/menus/vip/frappe_agua_wide.png,https://foods-static-content.cinepolis.com/redesign/MX/menus/vip/frappe_agua_promotional.png,https://foods-static-content.cinepolis.com/redesign/MX/ingredients/frappe_mediano.png
25679,Pink Lemonade,Grande,Bebidas frías,,combo,sellable,Bebida fría preparada con esencias Monin® sabor Fresa y Limón amarillo.,,63,6C#1#1C,,1,https://foods-static-content.cinepolis.com/redesign/MX/menus/vip/pink_lemonade_small.png,https://foods-static-content.cinepolis.com/redesign/MX/menus/vip/pinkLemonaf-wide.jpg,https://foods-static-content.cinepolis.com/redesign/MX/menus/vip/pinkLemonaf-promotional.jpg,https://foods-static-content.cinepolis.com/redesign/MX/ingredients/frappe_mediano.png
17095,Bagui de Pavo,Grandes,Baguis,,combo,sellable,"Bagui de jamón de pavo y queso a elegir, acompañado con papas twister.",,51,5A#1#A,,1,https://foods-static-content.cinepolis.com/redesign/MX/menus/vip/bagui_pavo_small.png,https://foods-static-content.cinepolis.com/redesign/MX/menus/vip/bagui_pavo_wide.png,https://foods-static-content.cinepolis.com/redesign/MX/menus/vip/bagui_pavo_promotional.png,https://foods-static-content.cinepolis.com/redesign/MX/menus/atmosfera/bagui_favorito.png
25647,Ron Havana Club 7,,Bar,,simple,sellable,Ron Havana Club 7.,,8,8#1#B4,,1,https://foods-static-content.cinepolis.com/redesign/MX/menus/vip/ron_small.png,https://foods-static-content.cinepolis.com/redesign/MX/menus/vip/ron_wide.png,https://foods-static-content.cinepolis.com/redesign/MX/menus/vip/ron_promotional.png,https://foods-static-content.cinepolis.com/redesign/MX/menus/vip/bacardi_small.png
25983,Orden De Empanadas,Grande,Nuevos Lanzamientos,,combo,sellable,Orden de 3 empanadas de cualquier sabor (rajas con queso o carne de res).,,4,4#0C,,4,https://foods-static-content.cinepolis.com/redesign/MX/menus/vip/empanadas_small.png,https://foods-static-content.cinepolis.com/redesign/MX/menus/vip/empanadas-carne-molida-wide.png,https://foods-static-content.cinepolis.com/redesign/MX/menus/vip/empanadas-carne-molida-promotional.png,https://foods-static-content.cinepolis.com/redesign/MX/ingredients/hotdog_chico_icon.png
26692,Combo Burger Para Compartir,,Combos,,combo,sellable,Combo burger para compartir pal jumbo,,3,3#1#0B,,0,https://foods-static-content.cinepolis.com/redesign/MX/menus/tradicional/generic.png,https://foods-static-content.cinepolis.com/redesign/MX/menus/vip/comboburguer-paracompartir-wide.png,https://foods-static-content.cinepolis.com/redesign/MX/menus/vip/comboburguer-paracompartir-promotional.png,https://foods-static-content.cinepolis.com/redesign/MX/menus/tradicional/generic.png
27223,Combo Mac & Cheese Boneless,,Combos,,combo,sellable,"1 refrescos jumbo (1.2 ltr), 1 palomitas para grandes (155 gr) y 200g Mac & Cheese Boneless.",,3,3#2#8,,1,https://foods-static-content.cinepolis.com/redesign/MX/menus/vip/combo_mac_Cheese_boneless-VIP-small.jpg,https://foods-static-content.cinepolis.com/redesign/MX/menus/vip/combo_mac_Cheese_boneless-VIP-wide.jpg,https://foods-static-content.cinepolis.com/redesign/MX/menus/vip/combo_mac_Cheese_boneless-VIP-promotional.jpg,https://foods-static-content.cinepolis.com/redesign/MX/menus/vip/combo_mac_Cheese_boneless-VIP-small.jpg
26051,Frappé de Pelón®  Pelonada,Jumbo,Bebidas frías,,combo,sellable,Frappé de Pelón®  Pelonada.,,63,6C#1#5,,1,https://foods-static-content.cinepolis.com/redesign/MX/menus/vip/frappe_pelon_small.png,https://foods-static-content.cinepolis.com/redesign/MX/menus/vip/frappe_pelon_wide.png,https://foods-static-content.cinepolis.com/redesign/MX/menus/vip/frappe_pelon_promotional.png,https://foods-static-content.cinepolis.com/redesign/MX/ingredients/frappe_mediano.png
25297,Combo Crepa Individual,,Combos,,combo,sellable,"1 crepa, 1 frappé grande y unas palomitas grandes de mantequilla.",,3,3#6#1,,1,https://foods-static-content.cinepolis.com/redesign/MX/menus/vip/combo_crepa_individual_small.png,https://foods-static-content.cinepolis.com/redesign/MX/menus/vip/combo_crepa_individual_wide.png,https://foods-static-content.cinepolis.com/redesign/MX/menus/vip/combo_crepa_individual_promotional.png,https://foods-static-content.cinepolis.com/redesign/MX/menus/vip/combo_nachos_small.png
25610,Papas Trufadas,,Snacks,,simple,sellable,250g de exquisitas papas trufadas con queso parmesano y perejil.,,5,5#A2,,5,https://foods-static-content.cinepolis.com/redesign/MX/menus/vip/papas_trufadas_small.png,https://foods-static-content.cinepolis.com/redesign/MX/menus/vip/papas_trufadas_wide.png,https://foods-static-content.cinepolis.com/redesign/MX/menus/vip/papas_trufadas_promotional.png,https://foods-static-content.cinepolis.com/redesign/MX/ingredients/papas_trufadas.png
25929,Cheesy Boneless Dog,Cheesy Boneless,Snacks,,combo,sellable,"Irresistible hot dog con salchicha Oscar Mayer®, boneless de pollo, queso Manchego gratinado y papas Twister crujientes. Una fusión perfecta de sabores que te cautivará.",,5,5#8,,5,https://foods-static-content.cinepolis.com/redesign/MX/menus/vip/hotdog_boneless_small.png,https://foods-static-content.cinepolis.com/redesign/MX/menus/vip/hotdog_boneless_wide.png,https://foods-static-content.cinepolis.com/redesign/MX/menus/vip/hotdog_boneless_promotional.png,https://foods-static-content.cinepolis.com/redesign/MX/ingredients/Cheesy Boneless Dog.png
26261,Cheese Burger,,Snacks,,simple,sellable,"Deliciosa hamburguesa con queso cheddar, carne de la marca Certified Angus Beef®, vegetales y aderezo, acompañada de una orden de papas twister y chile toreado.",,5,5#0,,5,https://foods-static-content.cinepolis.com/redesign/MX/menus/vip/baconburger_vip_small.jpg,https://foods-static-content.cinepolis.com/redesign/MX/menus/vip/baconburger_vip_wide.png,https://foods-static-content.cinepolis.com/redesign/MX/menus/vip/baconburger_vip_promotional.jpg,https://foods-static-content.cinepolis.com/redesign/MX/menus/vip/sliders_queso_small.png
18790,Frappé Premium Promo,Grande,Promociones,,combo,sellable,Descubre la refrescante colección de sabores en nuestra sección de frappés de leche. Promoción exclusiva en compras por app o web.,,0,0#1#3,,1,https://foods-static-content.cinepolis.com/redesign/MX/menus/vip/frappe_premium_small.png,https://foods-static-content.cinepolis.com/redesign/MX/menus/vip/frappe_premium_wide.png,https://foods-static-content.cinepolis.com/redesign/MX/menus/vip/frappe_premium_promotional.png,https://foods-static-content.cinepolis.com/redesign/MX/ingredients/frappe_grande.png
27233,Combo Alitas,,Combos,,combo,sellable,"1 refrescos jumbo (1.2 ltr), 1 palomitas para grandes (155 gr) y Alitas.",,3,3#1#0B,,1,https://foods-static-content.cinepolis.com/redesign/MX/menus/vip/combo_mac_Cheese_boneless-VIP-small.jpg,https://foods-static-content.cinepolis.com/redesign/MX/menus/vip/combo-alitas-promotional.png,https://foods-static-content.cinepolis.com/redesign/MX/menus/vip/combo-alitas-promotional.png,https://foods-static-content.cinepolis.com/redesign/MX/menus/vip/combo_mac_Cheese_boneless-VIP-small.jpg
24935,Mega Combo Vip,,Combos,,combo,sellable,Mega combo vip jumbo,,3,3#1#0,,0,https://foods-static-content.cinepolis.com/redesign/MX/menus/tradicional/generic.png,https://foods-static-content.cinepolis.com/redesign/MX/menus/vip/mega-combo-vip-wide.png,https://foods-static-content.cinepolis.com/redesign/MX/menus/vip/mega-combo-vip-promotional.png,https://foods-static-content.cinepolis.com/redesign/MX/menus/tradicional/generic.png
14846,Hot Dog Guacamole,Guacamole,Snacks,,combo,sellable,"Delicioso Hot Dog con guacamole, acompañado de papas twister y pico de gallo.",,5,5#6,,5,https://foods-static-content.cinepolis.com/redesign/MX/menus/vip/hotdog_guacamole_small.png,https://foods-static-content.cinepolis.com/redesign/MX/menus/vip/hotdog_guacamole_wide.png,https://foods-static-content.cinepolis.com/redesign/MX/menus/vip/hotdog_guacamole_promotional.png,https://foods-static-content.cinepolis.com/redesign/MX/ingredients/Hot Dog Guacamole.PNG
22471,Mix Granel Chico,Chico,Dulces y Chocolates,,combo,sellable,"2 productos de la dulcería a granel, a elegir.",,11,B#3B#5,,1,https://foods-static-content.cinepolis.com/redesign/MX/menus/vip/granel_chico_small.png,https://foods-static-content.cinepolis.com/redesign/MX/menus/vip/granel_chico_wide.png,https://foods-static-content.cinepolis.com/redesign/MX/menus/vip/granel_chico_promotional.png,https://foods-static-content.cinepolis.com/redesign/MX/ingredients/termico_grande_icon.png
25677,Dragon Ice Milk,Grande,Bebidas frías,,combo,sellable,"Bebida fría con leche, preparada con esencias Monin® sabor Pitahaya y Fresa.",,63,6C#1#1C,,1,https://foods-static-content.cinepolis.com/redesign/MX/menus/vip/dragon_ice_milk_small.png,https://foods-static-content.cinepolis.com/redesign/MX/menus/vip/dragonMilkf-wide.jpg,https://foods-static-content.cinepolis.com/redesign/MX/menus/vip/dragonMilkf-promotional.jpg,https://foods-static-content.cinepolis.com/redesign/MX/ingredients/frappe_mediano.png
27808,Quesadilla Pastor,,Snacks,,simple,sellable,"Deliciosa quesadilla, con carne estilo al pastor, y nuestro delicioso guacamole.",,5,5#3,,1,https://foods-static-content.cinepolis.com/redesign/MX/menus/vip/baconburger_vip_small.jpg,https://foods-static-content.cinepolis.com/redesign/MX/menus/vip/Quesadilla_pastor_vip_wide.png,https://foods-static-content.cinepolis.com/redesign/MX/menus/vip/Quesadilla_pastor_vip_promotional.png,https://foods-static-content.cinepolis.com/redesign/MX/menus/vip/sliders_queso_small.png
17208,Kushiage Camarón con Queso,,Sushi,,simple,sellable,4 piezas de brocheta empanizada estilo oriental de camarón con queso.,,6,6#1#B6,,1,https://foods-static-content.cinepolis.com/redesign/MX/menus/vip/kushiage_camaron_small.png,https://foods-static-content.cinepolis.com/redesign/MX/menus/vip/kushiage_camaron_wide.png,https://foods-static-content.cinepolis.com/redesign/MX/menus/vip/kushiage_camaron_promotional.png,https://foods-static-content.cinepolis.com/redesign/MX/menus/vip/extraqueso_small.png
927,Negra Modelo,,Bar,,simple,sellable,Cerveza Negra Modelo,,8,8#1#A,,1,https://foods-static-content.cinepolis.com/redesign/MX/menus/vip/cerveza_small.png,https://foods-static-content.cinepolis.com/redesign/MX/menus/vip/cerveza_wide.png,https://foods-static-content.cinepolis.com/redesign/MX/menus/vip/cerveza_promotional.png,https://foods-static-content.cinepolis.com/redesign/MX/ingredients/cerveza_icon.png
24525,Malteada Helado,Jumbo,Bebidas frías,,combo,sellable,Descubre la refrescante colección de sabores en nuestra sección de malteadas helado.,,63,6C#1#2,,1,https://foods-static-content.cinepolis.com/redesign/MX/menus/atmosfera/frappe_premium_small.png,https://foods-static-content.cinepolis.com/redesign/MX/menus/atmosfera/frappe_premium_wide.png,https://foods-static-content.cinepolis.com/redesign/MX/menus/atmosfera/frappe_premium_promorinal.png,https://foods-static-content.cinepolis.com/redesign/MX/ingredients/frappe_mediano.png
14430,Licor Amaretto Disaronno®,,Bar,,simple,sellable,Licor Amaretto Disaronno®.,,8,8#1#C6,,12,https://foods-static-content.cinepolis.com/redesign/MX/menus/vip/amaretto_disaronno_small.png,https://foods-static-content.cinepolis.com/redesign/MX/menus/vip/amaretto_disaronno_wide.png,https://foods-static-content.cinepolis.com/redesign/MX/menus/vip/amaretto_disaronno_promotional.png,https://foods-static-content.cinepolis.com/redesign/MX/menus/vip/amaretto_disaronno_small.png
17533,Cheesecake Con Mermelada,,Postres y Helados,,simple,sellable,Deliciosa rebanada de cheesecake elaborada con Queso Crema Philadelphia® y mermelada de fresa o zarzamora.,,9,9#1#3,,2,https://foods-static-content.cinepolis.com/redesign/MX/menus/vip/cheesecake_white_small.png,https://foods-static-content.cinepolis.com/redesign/MX/menus/vip/cheesecake_wide.png,https://foods-static-content.cinepolis.com/redesign/MX/menus/vip/cheesecake_white_promotional.png,https://foods-static-content.cinepolis.com/redesign/MX/menus/vip/cheesecake_wide.png
28223,Cheese Boneless Fries,,Snacks,,simple,sellable,250 grs de Papas Twister bañados en 5oz de queso para Nachos.,,5,5#1,,5,https://foods-static-content.cinepolis.com/redesign/MX/menus/vip/Mac_Cheese_Boneless_small.png,https://foods-static-content.cinepolis.com/redesign/MX/menus/vip/cheese_boneless_fries_wide.png,https://foods-static-content.cinepolis.com/redesign/MX/menus/vip/cheese_boneless_fries_promotional.png,https://foods-static-content.cinepolis.com/redesign/MX/menus/vip/extraqueso_small.png
15340,Moka,Grande,Bebidas calientes,,combo,sellable,Café moka Nespresso®.,,7,7#5#3,,5,https://foods-static-content.cinepolis.com/redesign/MX/menus/vip/cafe_moka_small.png,https://foods-static-content.cinepolis.com/redesign/MX/menus/vip/cafe_moka_wide.png,https://foods-static-content.cinepolis.com/redesign/MX/menus/vip/cafe_moka_promotional.png,https://foods-static-content.cinepolis.com/redesign/MX/ingredients/termico_grande_icon.png
15374,Café Capuccino Bailey's®,Grande,Bebidas calientes,,combo,sellable,Café capuccino Bailey's® Nespresso®.,,7,7#5#9,,5,https://foods-static-content.cinepolis.com/redesign/MX/menus/vip/cafe_capuccino_bailey_small.png,https://foods-static-content.cinepolis.com/redesign/MX/menus/vip/cafe_capuccino_bailey_wide.png,https://foods-static-content.cinepolis.com/redesign/MX/menus/vip/cafe_capuccino_bailey_promotional.png,https://foods-static-content.cinepolis.com/redesign/MX/ingredients/termico_grande_icon.png
17209,Kushiage Queso Manchego,,Sushi,,simple,sellable,4 piezas de brocheta empanizada estilo oriental.,,6,6#1#B7,,1,https://foods-static-content.cinepolis.com/redesign/MX/menus/vip/kushiages_macheho_small.png,https://foods-static-content.cinepolis.com/redesign/MX/menus/vip/kushiages_macheho_wide.png,https://foods-static-content.cinepolis.com/redesign/MX/menus/vip/kushiages_macheho_promotional.png,https://foods-static-content.cinepolis.com/redesign/MX/menus/vip/extraqueso_small.png
15188,Combo Plato Snack Boneless,,Combos,,combo,sellable,"1 plato snacks boneless (1 papas twister, 4 tequesitos® y  200g de boneless) y 2 cervezas (clásicas, especiales o importadas).",,3,3#4#4,,0,https://foods-static-content.cinepolis.com/redesign/MX/menus/vip/combo_plato_boneless_small.png,https://foods-static-content.cinepolis.com/redesign/MX/menus/vip/combo_plato_boneless_wide.png,https://foods-static-content.cinepolis.com/redesign/MX/menus/vip/combo_plato_boneless_promotional.png,https://foods-static-content.cinepolis.com/redesign/MX/menus/vip/maxi_hotdog_small.png
26052,Frappé Aguas,Jumbo,Bebidas frías,,combo,sellable,Descubre la refrescante colección de sabores en nuestra sección de agua.,,63,6C#1#2,,1,https://foods-static-content.cinepolis.com/redesign/MX/menus/vip/frappe_agua_small.png,https://foods-static-content.cinepolis.com/redesign/MX/menus/vip/frappe-skwinkles-chunks-sandia-vip-wide.png,https://foods-static-content.cinepolis.com/redesign/MX/menus/vip/frappe-skwinkles-chunks-sandia-vip-promotional.png,https://foods-static-content.cinepolis.com/redesign/MX/ingredients/frappe_mediano.png
15211,Combo Mundial Boneless,,Combos,,combo,sellable,"250 g de boneless wings con 1 palomitas grandes de mantequilla y refresco jumbo o cerveza clásica, a elegir.",,3,3#1#0C,,1,https://foods-static-content.cinepolis.com/redesign/MX/menus/vip/combo_boneless_small.png,https://foods-static-content.cinepolis.com/redesign/MX/menus/vip/combo-mundialista-boneless-wide.png,https://foods-static-content.cinepolis.com/redesign/MX/menus/vip/combo-mundialista-boneless-promotional.png,https://foods-static-content.cinepolis.com/redesign/MX/menus/vip/maxi_hotdog_small.png
24221,Bombay Sapphire®,,Bar,,simple,sellable,45 ml de licor.,,8,8#1#B,,3,https://foods-static-content.cinepolis.com/redesign/MX/menus/vip/bombay_small.png,https://foods-static-content.cinepolis.com/redesign/MX/menus/vip/bombay_wide.png,https://foods-static-content.cinepolis.com/redesign/MX/menus/vip/bombay_promotional.png,https://foods-static-content.cinepolis.com/redesign/MX/menus/vip/bombay_small.png
17691,Topo Chico®,,Bebidas frías,,simple,sellable,Topo Chico® 355ml.,,63,6C#1#3,,1,https://foods-static-content.cinepolis.com/redesign/MX/menus/vip/agua_topo_chico_small.png,https://foods-static-content.cinepolis.com/redesign/MX/menus/vip/agua_topo_chico_wide.png,https://foods-static-content.cinepolis.com/redesign/MX/menus/vip/agua_topo_chico_promotional.png,https://foods-static-content.cinepolis.com/redesign/MX/menus/vip/agua_topo_chico_small.png
14416,Smirnoff®,,Bar,,simple,sellable,45 ml de licor.,,8,8#1#D,,7,https://foods-static-content.cinepolis.com/redesign/MX/menus/vip/smirnoff_small.png,https://foods-static-content.cinepolis.com/redesign/MX/menus/vip/smirnoff_wide.png,https://foods-static-content.cinepolis.com/redesign/MX/menus/vip/smirnoff_promotional.png,https://foods-static-content.cinepolis.com/redesign/MX/menus/vip/smirnoff_small.png
24940,Bagui Milanesa de Pollo,Grandes,Baguis,,combo,sellable,"Baguette preparado con milanesa de pollo, tocino, guacamole y queso.",,51,5A#1#A7,,1,https://foods-static-content.cinepolis.com/redesign/MX/menus/vip/bagui_milanesa_small.png,https://foods-static-content.cinepolis.com/redesign/MX/menus/vip/bagui_milanesa_wide.png,https://foods-static-content.cinepolis.com/redesign/MX/menus/vip/bagui_milanesa_promotional.png,https://foods-static-content.cinepolis.com/redesign/MX/menus/atmosfera/bagui_favorito.png
21743,M&M'S® Mega Chocolate,,Dulces y Chocolates,,simple,sellable,M&M's® Mega Chocolate.,,11,B#1#A6,,2,https://foods-static-content.cinepolis.com/redesign/MX/menus/vip/m&m_mega_chocolate_small.png,https://foods-static-content.cinepolis.com/redesign/MX/menus/vip/m&m_mega_chocolate_wide.png,https://foods-static-content.cinepolis.com/redesign/MX/menus/vip/m&m_mega_chocolate_promotional.png,https://foods-static-content.cinepolis.com/redesign/MX/ingredients/Mm_cafe.png
15342,Hot Dog,Chico,Snacks,,combo,sellable,"Delicioso Hot Dog Cinépolis, acompañado de papas twister y aderezo chipotle o salsa Buffalo.",,5,5#4,,5,https://foods-static-content.cinepolis.com/redesign/MX/menus/vip/hotdog_con_papas_small.png,https://foods-static-content.cinepolis.com/redesign/MX/menus/vip/hotdog_con_papas_wide.png,https://foods-static-content.cinepolis.com/redesign/MX/menus/vip/hotdog_con_papas_promotional.png,https://foods-static-content.cinepolis.com/redesign/MX/ingredients/hotdog_chico_icon.png
28578,Boba Dragon Ice,Grande,Bebidas frías,,combo,sellable,"Bebida fría preparada con esencias Monin® sabor Pitahaya y Mango, y con perlas explosivas sabor Blueberry.",,63,6C#1#1,,4,https://foods-static-content.cinepolis.com/redesign/MX/menus/atmosfera/small_dragon_ice.png,https://foods-static-content.cinepolis.com/redesign/MX/menus/vip/dragonIce-wide.jpg,https://foods-static-content.cinepolis.com/redesign/MX/menus/vip/dragonIce-promotional.jpg,https://foods-static-content.cinepolis.com/redesign/MX/ingredients/frappe_mediano.png
24527,Malteadas Premium,Malteada,Bebidas frías,,combo,sellable,Malteadas Premium.,,63,6C#7#3,,1,https://foods-static-content.cinepolis.com/redesign/MX/menus/vip/malteada_brownie_small.png,https://foods-static-content.cinepolis.com/redesign/MX/menus/vip/malteada_brownie_wide.png,https://foods-static-content.cinepolis.com/redesign/MX/menus/vip/malteada_brownie_promotional.png,https://foods-static-content.cinepolis.com/redesign/MX/ingredients/termico_grande_icon.png
14399,Johnnie Walker® e. Negra,,Bar,,simple,sellable,Johnnie Walker® e. Negra.,,8,8#1#C,,11,https://foods-static-content.cinepolis.com/redesign/MX/menus/vip/johnnie_walker_negra_small.png,https://foods-static-content.cinepolis.com/redesign/MX/menus/vip/johnnie_walker_negra_wide.png,https://foods-static-content.cinepolis.com/redesign/MX/menus/vip/johnnie_walker_negra_promotional.png,https://foods-static-content.cinepolis.com/redesign/MX/menus/vip/johnnie_walker_negra_small.png
24227,Maestro Dobel® Diamante,,Bar,,simple,sellable,Maestro Dobel® Diamante.,,8,8#1#A5,,1,https://foods-static-content.cinepolis.com/redesign/MX/menus/vip/maestro_doble_small.png,https://foods-static-content.cinepolis.com/redesign/MX/menus/vip/maestro_doble_wide.png,https://foods-static-content.cinepolis.com/redesign/MX/menus/vip/maestro_doble_promotional.png,https://foods-static-content.cinepolis.com/redesign/MX/menus/vip/maestro_doble_small.png
17104,Bagui de Res,Grandes,Baguis,,combo,sellable,"Bagui de brisket de res, frijoles refritos, queso a elegir, acompañado de guacamole y papas twister.",,51,5A#1#A7,,1,https://foods-static-content.cinepolis.com/redesign/MX/menus/vip/bagui_brisket_small.png,https://foods-static-content.cinepolis.com/redesign/MX/menus/vip/bagui_brisket_wide.png,https://foods-static-content.cinepolis.com/redesign/MX/menus/vip/bagui_brisket_promorional.png,https://foods-static-content.cinepolis.com/redesign/MX/menus/atmosfera/bagui_favorito.png
16794,Crepas Saladas Favoritas,,Crepas,,combo,sellable,Crepas saladas favoritas.,,61,61#2#B,,1,https://foods-static-content.cinepolis.com/redesign/MX/menus/vip/crepa_salada_favorita_small.png,https://foods-static-content.cinepolis.com/redesign/MX/menus/vip/crepa_salada_favorita_wide.png,https://foods-static-content.cinepolis.com/redesign/MX/menus/vip/crepa_salada_favorita_promotional.png,https://foods-static-content.cinepolis.com/redesign/MX/menus/vip/crepa_salada_2_small.png
22472,Mix Granel Grande,Grande,Dulces y Chocolates,,combo,sellable,"3 productos de la dulcería a granel, a elegir.",,11,B#3B#6,,1,https://foods-static-content.cinepolis.com/redesign/MX/menus/vip/granel_grande_small.png,https://foods-static-content.cinepolis.com/redesign/MX/menus/vip/granel_grande_wide.png,https://foods-static-content.cinepolis.com/redesign/MX/menus/vip/granel_grande_promotional.png,https://foods-static-content.cinepolis.com/redesign/MX/ingredients/termico_grande_icon.png
14414,Absolut®,,Bar,,simple,sellable,45 ml de licor.,,8,8#1#C9,,7,https://foods-static-content.cinepolis.com/redesign/MX/menus/vip/absolute_small.png,https://foods-static-content.cinepolis.com/redesign/MX/menus/vip/absolute_wide.png,https://foods-static-content.cinepolis.com/redesign/MX/menus/vip/absolute_promotional.png,https://foods-static-content.cinepolis.com/redesign/MX/menus/vip/absolute_small.png
27230,NIGIRIS,Grandes,Sushi,,combo,sellable,NIGIRIS.,,6,6#1#C1,,1,https://foods-static-content.cinepolis.com/redesign/MX/menus/vip/VIP_Nigiris_360x400.jpg,https://foods-static-content.cinepolis.com/redesign/MX/menus/vip/VIP_Nigiris_1440x476.jpg,https://foods-static-content.cinepolis.com/redesign/MX/menus/vip/VIP_Nigiris_414x268.jpg,https://foods-static-content.cinepolis.com/redesign/MX/menus/vip/VIP_Nigiris_360x400.jpg
17536,Pastel de Chocolate Hecho con Hershey's®,,Postres y Helados,,simple,sellable,Exquisita rebanada de pastel de chocolate elaborada con chispas de chocolate Hershey's®.,,9,9#1#3,,2,https://foods-static-content.cinepolis.com/redesign/MX/menus/vip/pastel_hersheys_small.png,https://foods-static-content.cinepolis.com/redesign/MX/menus/vip/pastel_hersheys_wide.png,https://foods-static-content.cinepolis.com/redesign/MX/menus/vip/pastel_hersheys_promotional.png,https://foods-static-content.cinepolis.com/redesign/MX/menus/vip/pastel_hersheys_small.png
14974,Ensalada César,,Ensaladas,,simple,sellable,"La mejor selección de lechuga acompañada con pollo a la parrilla, crotones sazonados, queso parmesano y aderezo César.",,52,5B#1#C,,1,https://foods-static-content.cinepolis.com/redesign/MX/menus/vip/ensalada_cesar_small.png,https://foods-static-content.cinepolis.com/redesign/MX/menus/vip/ensalada_cesar_wide.png,https://foods-static-content.cinepolis.com/redesign/MX/menus/vip/ensalada_cesar_promotional.png,https://foods-static-content.cinepolis.com/redesign/MX/ingredients/CESAR_icon.png
17103,Bagui Italiano,Grandes,Baguis,,combo,sellable,"Bagui de jamón de pierna, salami, pepperoni y queso a elegir, acompañado con papas twister.",,51,5A#1#A6,,1,https://foods-static-content.cinepolis.com/redesign/MX/menus/vip/bagui_italiano_small.png,https://foods-static-content.cinepolis.com/redesign/MX/menus/vip/bagui_italiano_wide.png,https://foods-static-content.cinepolis.com/redesign/MX/menus/vip/bagui_italiano_promotional.png,https://foods-static-content.cinepolis.com/redesign/MX/menus/atmosfera/bagui_favorito.png
18329,Combo Bagui Individual,,Combos,,combo,sellable,"1 Bagui a elegir, refresco jumbo y palomitas grandes.",,3,3#3#8,,1,https://foods-static-content.cinepolis.com/redesign/MX/menus/vip/combo_bagui_individual_small.png,https://foods-static-content.cinepolis.com/redesign/MX/menus/vip/combo_bagui_individual_wide.png,https://foods-static-content.cinepolis.com/redesign/MX/menus/vip/combo_bagui_individual_promotional.png,https://foods-static-content.cinepolis.com/redesign/MX/menus/vip/maxi_hotdog_small.png
25298,Combo Crepa en Pareja,,Combos,,combo,sellable,"2 crepas, 2 frappés grande y unas palomitas grandes de mantequilla.",,3,3#6#2,,1,https://foods-static-content.cinepolis.com/redesign/MX/menus/vip/combo_crepa_pareja_small.png,https://foods-static-content.cinepolis.com/redesign/MX/menus/vip/combo_crepa_pareja_wide.png,https://foods-static-content.cinepolis.com/redesign/MX/menus/vip/combo_crepa_pareja_promotional.png,https://foods-static-content.cinepolis.com/redesign/MX/menus/vip/combo_nachos_small.png
15404,Boneless Wings,,Snacks,,simple,sellable,"250g de alitas de pollo sin hueso, acompañadas de aderezo blue cheese.",,5,5#B3,,5,https://foods-static-content.cinepolis.com/redesign/MX/menus/vip/boneless_small.png,https://foods-static-content.cinepolis.com/redesign/MX/menus/vip/boneless_wide.png,https://foods-static-content.cinepolis.com/redesign/MX/menus/vip/boneless_promotional.png,https://foods-static-content.cinepolis.com/redesign/MX/menus/vip/boneless_small.png
14473,Limonada,,Bebidas frías,,simple,sellable,Deliciosa limonada.,,63,6C#1#A,,1,https://foods-static-content.cinepolis.com/redesign/MX/menus/vip/limonada_small.png,https://foods-static-content.cinepolis.com/redesign/MX/menus/vip/limonada_wide.png,https://foods-static-content.cinepolis.com/redesign/MX/menus/vip/limonada_promotional.png,https://foods-static-content.cinepolis.com/redesign/MX/menus/vip/limonada_small.png
28513,Tequesitos Hechos Con Biscoff® 5 Piezas,,Snacks,,simple,sellable,"Tequesitos hechos con biscoff, 5 piezas",,5,5#0B,,4,https://foods-static-content.cinepolis.com/redesign/MX/menus/tradicional/Mac_Cheese_Boneless_small.png,https://foods-static-content.cinepolis.com/redesign/MX/menus/tradicional/biscoff-wide.jpg,https://foods-static-content.cinepolis.com/redesign/MX/menus/tradicional/biscoff-promotional.jpg,https://foods-static-content.cinepolis.com/redesign/MX/menus/tradicional/extraqueso_small.png
28072,Vaso promocional wicked 2D,Vaso,Promocionales,,simple,sellable,Vaso promocional wicked 2D,,91,9A#E,,1,https://foods-static-content.cinepolis.com/redesign/MX/menus/tradicional/small_Wicked.png,https://foods-static-content.cinepolis.com/redesign/MX/menus/tradicional/cup_green_wide.png,https://foods-static-content.cinepolis.com/redesign/MX/menus/tradicional/cup_green_promotional.png,https://foods-static-content.cinepolis.com/redesign/MX/ingredients/refresco_jumbo_icon.png
16272,Crepas Dulces Premium,Grandes,Crepas,,combo,sellable,Crepas dulces premium.,,72,7B#2,,1,https://foods-static-content.cinepolis.com/redesign/MX/menus/atmosfera/crepa_dulce_premium_small.png,https://foods-static-content.cinepolis.com/redesign/MX/menus/tradicional/1440x476_crepa_trad_canelitas_wide.jpg,https://foods-static-content.cinepolis.com/redesign/MX/menus/tradicional/414x268_crepa_trad_canelitas_promotional.jpg,https://foods-static-content.cinepolis.com/redesign/MX/menus/atmosfera/crepa_dulce_premium_small.png
15658,Crepa salada + Frappé leche,,Combos,,combo,sellable,Crepa salada 2 ingredientes + Frappé leche.,,2,2#5,,4,https://foods-static-content.cinepolis.com/redesign/MX/menus/atmosfera/combo_crepa_salado_small.png,https://foods-static-content.cinepolis.com/redesign/MX/menus/atmosfera/combo_crepa_salado_wide.png,https://foods-static-content.cinepolis.com/redesign/MX/menus/atmosfera/combo_crepa_salado_promotional.png,https://foods-static-content.cinepolis.com/redesign/MX/menus/tradicional/combo_nachos_small.png
28120,Crepa + Frappé leche,,Promociones,,combo,sellable,Crepa dulce 2 ingredientes + Frappé leche.,,1,1#4,,4,https://foods-static-content.cinepolis.com/redesign/MX/menus/atmosfera/combo_crepa_frappe_small.png,https://foods-static-content.cinepolis.com/redesign/MX/menus/atmosfera/combo_crepa_frappe_wide.png,https://foods-static-content.cinepolis.com/redesign/MX/menus/atmosfera/combo_crepa_frappe_promotional.png,https://foods-static-content.cinepolis.com/redesign/MX/menus/tradicional/combo_nachos_small.png
15176,Capuccino,Grande,Bebidas Calientes,,combo,sellable,Café Capuccino,,81,8A#3,,6,https://foods-static-content.cinepolis.com/redesign/MX/menus/atmosfera/cafe_capuccino_wide.png,https://foods-static-content.cinepolis.com/redesign/MX/menus/atmosfera/cafe_capuccino_wide.png,https://foods-static-content.cinepolis.com/redesign/MX/menus/atmosfera/cafe_capuccino_promotional.png,https://foods-static-content.cinepolis.com/redesign/MX/ingredients/termico_grande_icon.png
24758,Baguis Especiales,Baguis Especiales,Baguis,,combo,sellable,Baguis Especiales,,7,7#1,,1,https://foods-static-content.cinepolis.com/redesign/MX/menus/atmosfera/bagui_favorito_small.png,https://foods-static-content.cinepolis.com/redesign/MX/menus/atmosfera/bagui_favorito_wide.png,https://foods-static-content.cinepolis.com/redesign/MX/menus/atmosfera/bagui_favorito_promotional.png,https://foods-static-content.cinepolis.com/redesign/MX/ingredients/bagui_calsico_icon.png
24200,Combo Plato Snack,,Combos,,combo,sellable,Refresco Jumbo y Plato Snack.,,2,2#2,,5,https://foods-static-content.cinepolis.com/redesign/MX/menus/atmosfera/combo_plato_snack_small.jpg,https://foods-static-content.cinepolis.com/redesign/MX/menus/atmosfera/combo_plato_snack_wide.jpg,https://foods-static-content.cinepolis.com/redesign/MX/menus/atmosfera/combo_plato_snack_promotional.jpg,https://foods-static-content.cinepolis.com/redesign/MX/menus/tradicional/combo_nachos_small.png
22528,Boneless,Grandes,Snacks,,combo,sellable,Alitas de pollo sin hueso (250 g contenido aproximado) acompañadas de una salsa de las disponibles.,,73,7C#3,,1,https://foods-static-content.cinepolis.com/redesign/MX/menus/atmosfera/boneless_small.png,https://foods-static-content.cinepolis.com/redesign/MX/menus/atmosfera/boneless_wide.png,https://foods-static-content.cinepolis.com/redesign/MX/menus/atmosfera/boneless_promotional.png,https://foods-static-content.cinepolis.com/redesign/MX/menus/atmosfera/boneless_small.png
15698,Baguis Premium,Baguis Premium,Baguis,,combo,sellable,Baguis Premium,,7,7#0,,1,https://foods-static-content.cinepolis.com/redesign/MX/menus/atmosfera/bagui_premium_small.png,https://foods-static-content.cinepolis.com/redesign/MX/menus/tradicional/Bagui_Cochinita_Pibil_wide.jpg,https://foods-static-content.cinepolis.com/redesign/MX/menus/tradicional/Bagui_Cochinita_Pibil_promotional.jpg,https://foods-static-content.cinepolis.com/redesign/MX/ingredients/bagui_español_icon.png
17773,Combo ICEE® Pal Jumbo,,Combos,,combo,sellable,"Dos ICEE® del sabor de tu preferencia, unas palomitas sabor mantequilla y unos Skwinkles Salsaghetti®.",,2,2#8,,1,https://foods-static-content.cinepolis.com/redesign/MX/menus/tradicional/combo_icee_small.png,https://foods-static-content.cinepolis.com/redesign/MX/menus/tradicional/combo_icee_wide.png,https://foods-static-content.cinepolis.com/redesign/MX/menus/tradicional/combo_icee_promotional.png,https://foods-static-content.cinepolis.com/redesign/MX/menus/tradicional/combo_icee_small.png
15549,Pastel + Capuccino,,Combos,,combo,sellable,Escoge cualquier pastel más un capuccino grande (591 ml).,,2,2#2,,4,https://foods-static-content.cinepolis.com/redesign/MX/menus/atmosfera/capuccino_pastel_small.png,https://foods-static-content.cinepolis.com/redesign/MX/menus/atmosfera/capuccino_pastel_wide.png,https://foods-static-content.cinepolis.com/redesign/MX/menus/atmosfera/capuccino_pastel_promotional.png,https://foods-static-content.cinepolis.com/redesign/MX/menus/tradicional/combo_nachos_small.png
24195,Plato Snack Boneless,Grandes,Snacks,,combo,sellable,"4 Tequesitos manchego, 250 gr papas twister y 200 gr de boneless.",,73,7C#2,,1,https://foods-static-content.cinepolis.com/redesign/MX/menus/atmosfera/small_plato_snacks.png,https://foods-static-content.cinepolis.com/redesign/MX/menus/atmosfera/wide_plato_snacks.png,https://foods-static-content.cinepolis.com/redesign/MX/menus/atmosfera/promotional_plato_snacks.png,https://foods-static-content.cinepolis.com/redesign/MX/menus/atmosfera/boneless_small.png
15060,Chocolate,Grande,Bebidas Calientes,,combo,sellable,Descubre la colección de sabores en nuestra sección de chocolates,,81,8A#3,,6,https://foods-static-content.cinepolis.com/redesign/MX/menus/atmosfera/small_Chocolate_obscuro.png,https://foods-static-content.cinepolis.com/redesign/MX/menus/atmosfera/wide_Chocolate_obscuro.png,https://foods-static-content.cinepolis.com/redesign/MX/menus/atmosfera/promotional_Chocolate_obscuro.png,https://foods-static-content.cinepolis.com/redesign/MX/ingredients/termico_grande_icon.png
21408,Tequesitos,Grandes,Snacks,,combo,sellable,Deditos hechos con pasta de harina de trigo rellenos.,,73,7C#1,,0,https://foods-static-content.cinepolis.com/redesign/MX/menus/atmosfera/tequesitos_small.png,https://foods-static-content.cinepolis.com/redesign/MX/menus/tradicional/tequesitos-glorias-wide.jpg,https://foods-static-content.cinepolis.com/redesign/MX/menus/tradicional/tequesitos-glorias-promotional.jpg,https://foods-static-content.cinepolis.com/redesign/MX/ingredients/tequesitos_jumbo_icon.png
28748,Frappé Futbolista,Jumbo,Nuevos Lanzamientos,,combo,sellable,"Frappé sabor chocolate blanco, con una base de mermelada de fresa y una cubierta de jarabe de manzana verde y topping de crema batida.",,4,4#1,,1,https://foods-static-content.cinepolis.com/redesign/MX/menus/atmosfera/frappe_agua_small.png,https://foods-static-content.cinepolis.com/redesign/MX/menus/tradicional/frappe-mundialista-wide.png,https://foods-static-content.cinepolis.com/redesign/MX/menus/tradicional/frappe-mundialista-promotional.png,https://foods-static-content.cinepolis.com/redesign/MX/ingredients/frappe_mediano.png
28717,Combo Hamburguesa Tradicional,,Nuevos Lanzamientos,,combo,sellable,Combo hamburguesa tradicional,,4,4#0A,,0,https://foods-static-content.cinepolis.com/redesign/MX/menus/tradicional/generic.png,https://foods-static-content.cinepolis.com/redesign/MX/menus/atmosfera/combo-hamburguesa-trad-wide.png,https://foods-static-content.cinepolis.com/redesign/MX/menus/atmosfera/combo-hamburguesa-trad-promotional.png,https://foods-static-content.cinepolis.com/redesign/MX/menus/tradicional/generic.png
27592,Malteadas Sencillas,Malteada,Bebidas Frías,,combo,sellable,Malteadas sabor a elegir.,,6,6#8,,1,https://foods-static-content.cinepolis.com/redesign/MX/menus/vip/malteada_vainilla_small.png,https://foods-static-content.cinepolis.com/redesign/MX/menus/atmosfera/TRAD_Maletada_fresa_wide.jpg,https://foods-static-content.cinepolis.com/redesign/MX/menus/atmosfera/TRAD_Maletada_fresa_promotional.jpg,https://foods-static-content.cinepolis.com/redesign/MX/ingredients/termico_grande_icon.png
15655,Crepas Saladas 2 ingredientes,,Crepas,,combo,sellable,Crepas saladas 2 ingredientes.,,72,7B#4,,4,https://foods-static-content.cinepolis.com/redesign/MX/menus/atmosfera/crepa_salada_2_small.png,https://foods-static-content.cinepolis.com/redesign/MX/menus/atmosfera/crepa_salada_2_wide.png,https://foods-static-content.cinepolis.com/redesign/MX/menus/atmosfera/crepa_salada_2_promotional.png,https://foods-static-content.cinepolis.com/redesign/MX/ingredients/crepa_icon.png
27622,Combo Bagui,,Combos,,combo,sellable,1 refresco jumbo (1.2 ltr) y 1 bagui a elegir.,,2,2#2,,3,https://foods-static-content.cinepolis.com/redesign/MX/menus/atmosfera/combo_bagui_especial_small.png,https://foods-static-content.cinepolis.com/redesign/MX/menus/atmosfera/combo_bagui_wide.png,https://foods-static-content.cinepolis.com/redesign/MX/menus/atmosfera/combo_bagui_promotional.png,https://foods-static-content.cinepolis.com/redesign/MX/menus/tradicional/combo_clasico_small.png
17718,Combo Clásico Pal Jumbo,,Combos,,combo,sellable,"1 palomitas para llevar (285 gr), 1 refresco jumbo (1.2 ltr) y 1 hot dog.",,2,2#1,,1,https://foods-static-content.cinepolis.com/redesign/MX/menus/tradicional/combo_clasico_small.png,https://foods-static-content.cinepolis.com/redesign/MX/menus/tradicional/combo_clasico_wide.png,https://foods-static-content.cinepolis.com/redesign/MX/menus/tradicional/combo_clasico_promotional.png,https://foods-static-content.cinepolis.com/redesign/MX/menus/tradicional/combo_clasico_small.png
14662,Papas Twister,Papas Twister,Snacks,,combo,sellable,Papas con corte espiral crujientes y deliciosamente sazonadas (Jumbo: 250 gr - Tradicional: 170 gr).,,73,7C#5,,0,https://foods-static-content.cinepolis.com/redesign/MX/menus/atmosfera/papas_twister_small.png,https://foods-static-content.cinepolis.com/redesign/MX/menus/atmosfera/papas_twister_wide.png,https://foods-static-content.cinepolis.com/redesign/MX/menus/atmosfera/papas_twister_promotional.png,https://foods-static-content.cinepolis.com/redesign/MX/ingredients/papas_twister_grandes_icon.png
15147,Latte Frío,Latte Frío,Bebidas Frías,,combo,sellable,Café latte Frío,,6,6#A,,1,https://foods-static-content.cinepolis.com/redesign/MX/menus/atmosfera/latte_helado_small.png,https://foods-static-content.cinepolis.com/redesign/MX/menus/atmosfera/latte_helado_wide.png,https://foods-static-content.cinepolis.com/redesign/MX/menus/atmosfera/latte_helado_promotional.png,https://foods-static-content.cinepolis.com/redesign/MX/ingredients/termico_grande_icon.png
15117,Moka Obscuro,Grande,Bebidas Calientes,,combo,sellable,Descubre la refrescante colección de sabores en nuestra sección de Frappés.,,81,8A#5,,6,https://foods-static-content.cinepolis.com/redesign/MX/menus/atmosfera/moka_oscuro_small.png,https://foods-static-content.cinepolis.com/redesign/MX/menus/atmosfera/moka_oscuro_wide.png,https://foods-static-content.cinepolis.com/redesign/MX/menus/atmosfera/moka_oscuro_promotional.png,https://foods-static-content.cinepolis.com/redesign/MX/ingredients/termico_grande_icon.png
24687,Crepa salada + Frappé agua,,Combos,,combo,sellable,Crepa salada 2 ingredientes + Frappé agua.,,2,2#5,,4,https://foods-static-content.cinepolis.com/redesign/MX/menus/atmosfera/combo_crepa_salado_small.png,https://foods-static-content.cinepolis.com/redesign/MX/menus/atmosfera/combo_crepa_salado_wide.png,https://foods-static-content.cinepolis.com/redesign/MX/menus/atmosfera/combo_crepa_salado_promotional.png,https://foods-static-content.cinepolis.com/redesign/MX/menus/tradicional/combo_nachos_small.png
28098,Crepa + Frappé agua,,Promociones,,combo,sellable,Crepa dulce 2 ingredientes + Frappé agua.,,1,1#4,,4,https://foods-static-content.cinepolis.com/redesign/MX/menus/atmosfera/combo_crepa_frappe_small.png,https://foods-static-content.cinepolis.com/redesign/MX/menus/atmosfera/combo_crepa_frappe_wide.png,https://foods-static-content.cinepolis.com/redesign/MX/menus/atmosfera/combo_crepa_frappe_promotional.png,https://foods-static-content.cinepolis.com/redesign/MX/menus/tradicional/combo_nachos_small.png
28780,Combo Crepa Duo Frappe Leche,,Combos,,combo,sellable,"Elige tu frappé favorito tamaño jumbo, acompañado de la crepa de tu elección.",,2,2#0 ,,0,https://foods-static-content.cinepolis.com/redesign/MX/menus/tradicional/generic.png,https://foods-static-content.cinepolis.com/redesign/MX/menus/atmosfera/combo-crepa-duo-frappe-leche-wide.png,https://foods-static-content.cinepolis.com/redesign/MX/menus/atmosfera/combo-crepa-duo-frappe-leche-promotional.png,https://foods-static-content.cinepolis.com/redesign/MX/menus/tradicional/generic.png
15437,Pastel + Frappé,,Combos,,combo,sellable,Escoge cualquier pastel más un frappé grande (591 ml).,,2,2#3,,4,https://foods-static-content.cinepolis.com/redesign/MX/menus/atmosfera/combo_frappe_pastel_small.png,https://foods-static-content.cinepolis.com/redesign/MX/menus/atmosfera/combo_frappe_pastel_small.png,https://foods-static-content.cinepolis.com/redesign/MX/menus/atmosfera/combo_frappe_pastel_promotional.png,https://foods-static-content.cinepolis.com/redesign/MX/menus/tradicional/combo_nachos_small.png
15477,Crepas Saladas 1 Ingrediente,Grandes,Crepas,,combo,sellable,Crepas saladas 1 ingrediente.,,72,7B#5,,5,https://foods-static-content.cinepolis.com/redesign/MX/menus/atmosfera/crepa_salada_1_small.png,https://foods-static-content.cinepolis.com/redesign/MX/menus/atmosfera/crepa_salada_1_wide.png,https://foods-static-content.cinepolis.com/redesign/MX/menus/atmosfera/crepa_salada_1_promotional.png,https://foods-static-content.cinepolis.com/redesign/MX/menus/atmosfera/crepa_slada_1_small.png
15443,Pastel + Café,,Combos,,combo,sellable,Escoge cualquier pastel más un café grande (591 ml).,,2,2#1,,4,https://foods-static-content.cinepolis.com/redesign/MX/menus/atmosfera/combo_pastel_americano_small.png,https://foods-static-content.cinepolis.com/redesign/MX/menus/atmosfera/combo_pastel_americano_wide.png,https://foods-static-content.cinepolis.com/redesign/MX/menus/atmosfera/combo_pastel_americano_promotional.png,https://foods-static-content.cinepolis.com/redesign/MX/menus/tradicional/combo_nachos_small.png
27625,MaxiCombo Bagui,,Para Compartir,,combo,sellable,"2 baguis a elegir, 2 refrescos jumbo (1.2 ltr) y un complemento.",,3,3#3,,3,https://foods-static-content.cinepolis.com/redesign/MX/menus/atmosfera/combo_bagui_pareja_small.png,https://foods-static-content.cinepolis.com/redesign/MX/menus/atmosfera/combo_bagui_pareja_wide.png,https://foods-static-content.cinepolis.com/redesign/MX/menus/atmosfera/combo_bagui_pareja_promotional.png,https://foods-static-content.cinepolis.com/redesign/MX/menus/tradicional/combo_clasico_small.png
5400,Pretzel,,Postres y Helados,,simple,sellable,Pretzel.,,8,8#1,,8,https://foods-static-content.cinepolis.com/redesign/MX/menus/atmosfera/pretzel_small.png,https://foods-static-content.cinepolis.com/redesign/MX/menus/atmosfera/pretzel_wide.png,https://foods-static-content.cinepolis.com/redesign/MX/menus/atmosfera/pretzel_promotional.png,https://foods-static-content.cinepolis.com/redesign/MX/ingredients/pastel_zanahoria_icon.png
16260,Crepas Saladas Premium,Grandes,Crepas,,combo,sellable,Crepas saladas premium.,,72,7B#3,,3,https://foods-static-content.cinepolis.com/redesign/MX/menus/atmosfera/crepa_salada_premium_small.png,https://foods-static-content.cinepolis.com/redesign/MX/menus/atmosfera/crepa_salada_premium_wide.png,https://foods-static-content.cinepolis.com/redesign/MX/menus/atmosfera/crepa_salada_premium_promorional.png,https://foods-static-content.cinepolis.com/redesign/MX/menus/atmosfera/crepa_premium_small.png
14734,Americano,Grande,Bebidas Calientes,,combo,sellable,Café americano.,,81,8A#1,,6,https://foods-static-content.cinepolis.com/redesign/MX/menus/atmosfera/cafe_americano_small.png,https://foods-static-content.cinepolis.com/redesign/MX/menus/atmosfera/cafe_americano_wide.png,https://foods-static-content.cinepolis.com/redesign/MX/menus/atmosfera/cafe_americano_promotional.png,https://foods-static-content.cinepolis.com/redesign/MX/ingredients/termico_grande_icon.png
15640,Crepa dulce + Frappé leche,,Combos,,combo,sellable,Crepa dulce 2 ingredientes + Frappé leche.,,2,2#4,,4,https://foods-static-content.cinepolis.com/redesign/MX/menus/atmosfera/combo_crepa_frappe_small.png,https://foods-static-content.cinepolis.com/redesign/MX/menus/atmosfera/combo_crepa_frappe_wide.png,https://foods-static-content.cinepolis.com/redesign/MX/menus/atmosfera/combo_crepa_frappe_promotional.png,https://foods-static-content.cinepolis.com/redesign/MX/menus/tradicional/combo_nachos_small.png
15143,Latte,Grande,Bebidas Calientes,,combo,sellable,Café Latte.,,81,8A#4,,6,https://foods-static-content.cinepolis.com/redesign/MX/menus/atmosfera/cafe_late_small.png,https://foods-static-content.cinepolis.com/redesign/MX/menus/atmosfera/cafe_late_wide.png,https://foods-static-content.cinepolis.com/redesign/MX/menus/atmosfera/cafe_late_promotional.png,https://foods-static-content.cinepolis.com/redesign/MX/ingredients/termico_grande_icon.png
17535,Brownie Oreo®,,Postres y Helados,,simple,sellable,Brownie sabor Oreo® con una cama de cheesecake y tozos de galleta Oreo®.,,8,8#2,,8,https://foods-static-content.cinepolis.com/redesign/MX/menus/atmosfera/brownie_oreo_promotional.png,https://foods-static-content.cinepolis.com/redesign/MX/menus/atmosfera/brownie_oreo_wide.png,https://foods-static-content.cinepolis.com/redesign/MX/menus/atmosfera/brownie_oreo_promotional.png,https://foods-static-content.cinepolis.com/redesign/MX/ingredients/brownie_oreo_icon.png
15118,Moka Obscuro Frío,Grande,Bebidas Frías,,combo,sellable,Café moka obscuro frío.,,6,6#9,,1,https://foods-static-content.cinepolis.com/redesign/MX/menus/atmosfera/cafe_moka_frio_small.png,https://foods-static-content.cinepolis.com/redesign/MX/menus/atmosfera/cafe_moka_frio_wide.png,https://foods-static-content.cinepolis.com/redesign/MX/menus/atmosfera/cafe_moka_frio_promotional.png,https://foods-static-content.cinepolis.com/redesign/MX/ingredients/termico_grande_icon.png
28190,Boneless Mix,,Snacks,,simple,sellable,Boneless Mix.,,73,7C#2,,3,https://foods-static-content.cinepolis.com/redesign/MX/menus/tradicional/Mac_Cheese_Boneless_small.png,https://foods-static-content.cinepolis.com/redesign/MX/menus/tradicional/boneless_mix_wide.png,https://foods-static-content.cinepolis.com/redesign/MX/menus/tradicional/boneless_mix_promotional.png,https://foods-static-content.cinepolis.com/redesign/MX/menus/tradicional/extraqueso_small.png
14220,Hot Dog Jumbo,Jumbo,Clásicos,,simple,sellable,"Delicioso Hot Dog Cinépolis, elaborado con salchicha Oscar Mayer®.",,5,5#3,,1,https://foods-static-content.cinepolis.com/redesign/MX/menus/tradicional/hot_dog_small.png,https://foods-static-content.cinepolis.com/redesign/MX/menus/atmosfera/Hotdog_mx_wide.png,https://foods-static-content.cinepolis.com/redesign/MX/menus/atmosfera/hotdog_mx_promotional.png,https://foods-static-content.cinepolis.com/redesign/MX/ingredients/hotdog_chico_icon.png
28088,Combo Bagui Individual,,Promociones,,combo,sellable,"1 refresco jumbo (1.2 ltr), 1 bagui premium  y 1 complemento.",,1,1#2,,3,https://foods-static-content.cinepolis.com/redesign/MX/menus/atmosfera/combo_bagui_premium_small.jpg,https://foods-static-content.cinepolis.com/redesign/MX/menus/atmosfera/combo_bagui_premium_wide.jpg,https://foods-static-content.cinepolis.com/redesign/MX/menus/atmosfera/combo_bagui_premium_promotional.jpg,https://foods-static-content.cinepolis.com/redesign/MX/menus/tradicional/combo_clasico_small.png
23142,Combo Boneless,,Combos,,combo,sellable,Boneless (250 gr) acompañados de papas twister (250 gr) y un refresco jumbo (1.2 L).,,2,2#1,,5,https://foods-static-content.cinepolis.com/redesign/MX/menus/atmosfera/combo_boneless_small.png,https://foods-static-content.cinepolis.com/redesign/MX/menus/atmosfera/combo_boneless_wide.png,https://foods-static-content.cinepolis.com/redesign/MX/menus/atmosfera/combo_boneless_promotional.png,https://foods-static-content.cinepolis.com/redesign/MX/menus/tradicional/combo_nachos_small.png
14739,Americano Frío,Grande,Bebidas Frías,,combo,sellable,Cafe Americano Frío.,,6,6#8,,1,https://foods-static-content.cinepolis.com/redesign/MX/menus/atmosfera/americano_frio_small.png,https://foods-static-content.cinepolis.com/redesign/MX/menus/atmosfera/americano_frio_wide.png,https://foods-static-content.cinepolis.com/redesign/MX/menus/atmosfera/americano_frio_promotional.png,https://foods-static-content.cinepolis.com/redesign/MX/ingredients/termico_grande_icon.png
14580,Espresso,Grande,Bebidas Calientes,,combo,sellable,Café Espresso,,81,8A#2,,1,https://foods-static-content.cinepolis.com/redesign/MX/menus/atmosfera/expresso_small.png,https://foods-static-content.cinepolis.com/redesign/MX/menus/atmosfera/expresso_wide.png,https://foods-static-content.cinepolis.com/redesign/MX/menus/atmosfera/expresso_promotional.png,https://foods-static-content.cinepolis.com/redesign/MX/ingredients/termico_grande_icon.png
15642,Crepa dulce + Frappé agua,,Combos,,combo,sellable,Crepa dulce 2 ingredientes + Frappé agua.,,2,2#4,,4,https://foods-static-content.cinepolis.com/redesign/MX/menus/atmosfera/combo_crepa_frappe_small.png,https://foods-static-content.cinepolis.com/redesign/MX/menus/atmosfera/combo_crepa_frappe_wide.png,https://foods-static-content.cinepolis.com/redesign/MX/menus/atmosfera/combo_crepa_frappe_promotional.png,https://foods-static-content.cinepolis.com/redesign/MX/menus/tradicional/combo_nachos_small.png
28715,Hamburguesa Tradicional.,,Nuevos Lanzamientos,,simple,sellable,Hamburguesa tradicional,,4,4#0A,,0,https://foods-static-content.cinepolis.com/redesign/MX/menus/tradicional/generic.png,https://foods-static-content.cinepolis.com/redesign/MX/menus/tradicional/hamburguesa-individual-trad-wide.png,https://foods-static-content.cinepolis.com/redesign/MX/menus/tradicional/hamburguesa-individual-trad-promotional.png,https://foods-static-content.cinepolis.com/redesign/MX/menus/tradicional/generic.png
25177,La Bru® Lager Iztaccíhuatl,,Bar,,simple,sellable,"Ligera como la nieve, brillante y fresca gracias al noble lúpulo llegado de Europa y a la cebada malteada de México. 355 ml.",,8,8#1#6,,1,https://foods-static-content.cinepolis.com/redesign/MX/menus/vip/la_bru_iztaccihuatl_small.png,https://foods-static-content.cinepolis.com/redesign/MX/menus/vip/la_bru_iztaccihuatl_wide.png,https://foods-static-content.cinepolis.com/redesign/MX/menus/vip/la_bru_iztaccihuatl_promotional.png,https://foods-static-content.cinepolis.com/redesign/MX/menus/vip/la_bru_iztaccihuatl_small.png
20788,Combo Papas Crisscut con Boneless,,Combos,,combo,sellable,"Plato con boneless, papas crisscut, tocino y queso, acompañado con 1 palomitas grandes de mantequilla y un refresco jumbo.",,3,3#3#2,,1,https://foods-static-content.cinepolis.com/redesign/MX/menus/vip/combo_boneless_crisscut_small.jpg,https://foods-static-content.cinepolis.com/redesign/MX/menus/vip/combo_boneless_crisscut_wide.jpg,https://foods-static-content.cinepolis.com/redesign/MX/menus/vip/combo_boneless_crisscut_promotional.jpg,https://foods-static-content.cinepolis.com/redesign/MX/menus/vip/maxi_hotdog_small.png
25178,La Bru® Dark Lager Calakmul,,Bar,,simple,sellable,"Su color, oscuro como el bosque que resguarda dos pirámides, contrasta con su cuerpo suave y equilibrado. Con un amargor amigable y tonos tostados con notas a caramelo 355 ml.",,8,8#1#7,,1,https://foods-static-content.cinepolis.com/redesign/MX/menus/vip/la_bru_calakmul_small.png,https://foods-static-content.cinepolis.com/redesign/MX/menus/vip/la_bru_calakmul_wide.png,https://foods-static-content.cinepolis.com/redesign/MX/menus/vip/la_bru_calakmul_promotional.png,https://foods-static-content.cinepolis.com/redesign/MX/menus/vip/la_bru_calakmul_small.png
28716,Bagui Cochinita,,Nuevos Lanzamientos,,combo,sellable,Bagui cochinita,,4,4#0D,,4,https://foods-static-content.cinepolis.com/redesign/MX/menus/tradicional/generic.png,https://foods-static-content.cinepolis.com/redesign/MX/menus/vip/bagui-cochinita-vip-wide.png,https://foods-static-content.cinepolis.com/redesign/MX/menus/vip/bagui-cochinita-vip-promotional.png,https://foods-static-content.cinepolis.com/redesign/MX/menus/tradicional/generic.png
18115,Combo Magnum®,,Combos,,combo,sellable,"1 paleta Magnum® , 2 refrescos jumbo y 1 palomitas jumbo de mantequilla.",,3,3#2#6,,1,https://foods-static-content.cinepolis.com/redesign/MX/menus/vip/combo_magnum_small.png,https://foods-static-content.cinepolis.com/redesign/MX/menus/vip/combo_magnum_wide.png,https://foods-static-content.cinepolis.com/redesign/MX/menus/vip/combo_magnum_promotional.png,https://foods-static-content.cinepolis.com/redesign/MX/menus/vip/combo_lifesavers_small.png
17996,Combo Lifesavers®,,Combos,,combo,sellable,"1 refrescos jumbo (1.2 ltr), 1 palomitas para llevar (285 gr) y 1 Lifesavers®.",,3,3#2#8,,1,https://foods-static-content.cinepolis.com/redesign/MX/menus/vip/combo_lifesavers_VIP_small.png,https://foods-static-content.cinepolis.com/redesign/MX/menus/vip/combo_lifesavers_VIP_wide.png,https://foods-static-content.cinepolis.com/redesign/MX/menus/vip/combo_lifesavers_VIP_promotional.png,https://foods-static-content.cinepolis.com/redesign/MX/menus/tradicional/combo_lifesavers_VIP_small.png
27830,Churros Oreo®,Oreo®,Postres y Helados,,combo,sellable,Churros sabor Oreo®.,,9,9#1B#9,,1,https://foods-static-content.cinepolis.com/redesign/MX/menus/vip/tequesitos_small.png,https://foods-static-content.cinepolis.com/redesign/MX/menus/vip/oreo_churros_wide.png,https://foods-static-content.cinepolis.com/redesign/MX/menus/vip/oreo_churros_promotional.png,https://foods-static-content.cinepolis.com/redesign/MX/ingredients/oreo_churros_icon.png
24269,Sliders con Queso,,Snacks,,simple,sellable,3 mini burgers de carne calidad de la marca Certified Angus Beef®.,,5,5#6,,5,https://foods-static-content.cinepolis.com/redesign/MX/menus/vip/sliders_queso_small.png,https://foods-static-content.cinepolis.com/redesign/MX/menus/vip/sliders_queso_wide.png,https://foods-static-content.cinepolis.com/redesign/MX/menus/vip/sliders_queso_promotional.png,https://foods-static-content.cinepolis.com/redesign/MX/menus/vip/sliders_queso_small.png
28888,Palomera 3D Krypto,,Promocionales,,combo,sellable,Palomera 3D krypto con palomitas,,91,9A#0,,0,https://foods-static-content.cinepolis.com/redesign/MX/menus/tradicional/generic.png,https://foods-static-content.cinepolis.com/redesign/MX/menus/tradicional/palomera-supergirl-wide.png,https://foods-static-content.cinepolis.com/redesign/MX/menus/tradicional/palomera-supergirl-promotional.png,https://foods-static-content.cinepolis.com/redesign/MX/menus/tradicional/generic.png
28603,Cubeta Futbolera Coca Cola,Palomera,Promocionales,,simple,sellable,Palomera metalica mundial coca cola,,91,9A#E,,1,https://foods-static-content.cinepolis.com/redesign/MX/menus/tradicional/small_Wicked.png,https://foods-static-content.cinepolis.com/redesign/MX/menus/tradicional/palomera-mundial-coca-cola-wide.png,https://foods-static-content.cinepolis.com/redesign/MX/menus/tradicional/palomera-mundial-coca-cola-promotional.png,https://foods-static-content.cinepolis.com/redesign/MX/ingredients/refresco_jumbo_icon.png
28782,Combo Crepa En Pareja Frappé Leche,,Combos,,combo,sellable,Combo crepa en pareja frappé leche,,2,2#0,,0,https://foods-static-content.cinepolis.com/redesign/MX/menus/tradicional/generic.png,https://foods-static-content.cinepolis.com/redesign/MX/menus/tradicional/combo-crepa-en-pareja1-wide.png,https://foods-static-content.cinepolis.com/redesign/MX/menus/tradicional/combo-crepa-en-pareja1-promotional.png,https://foods-static-content.cinepolis.com/redesign/MX/menus/tradicional/generic.png
28781,Combo Crepa Mix Frappe Leche,,Combos,,combo,sellable,"Elige tu frappé favorito tamaño jumbo, acompañado de la crepa y el snack de tu elección.",,2,2#0C,,0,https://foods-static-content.cinepolis.com/redesign/MX/menus/tradicional/generic.png,https://foods-static-content.cinepolis.com/redesign/MX/menus/atmosfera/combo-crepa-en-pareja-frappe-leche-wide.png,https://foods-static-content.cinepolis.com/redesign/MX/menus/atmosfera/combo-crepa-en-pareja-frappe-leche-promotional.png,https://foods-static-content.cinepolis.com/redesign/MX/menus/tradicional/generic.png
27829,Churro Oreo®,Grandes,Postres y Helados,,combo,sellable,Churro Oreo®.,,8,8#2,,8,https://foods-static-content.cinepolis.com/redesign/MX/menus/atmosfera/churro_small.png,https://foods-static-content.cinepolis.com/redesign/MX/menus/atmosfera/Churros_Oreo_wide.png,https://foods-static-content.cinepolis.com/redesign/MX/menus/atmosfera/Churros_Oreo_promotional.png,https://foods-static-content.cinepolis.com/redesign/MX/menus/atmosfera/boneless_small.png
28188,Vaso Promocional Bob Esponja,Vaso,Promocionales,,simple,sellable,Vaso Promocional Bob Esponja,,91,9A#7,,1,https://foods-static-content.cinepolis.com/redesign/MX/menus/tradicional/small_Wicked.png,https://foods-static-content.cinepolis.com/redesign/MX/menus/tradicional/Vaso_Promocional_Bob Esponja_wide.png,https://foods-static-content.cinepolis.com/redesign/MX/menus/tradicional/Vaso_Promocional_Bob Esponja_promo.png,https://foods-static-content.cinepolis.com/redesign/MX/ingredients/refresco_jumbo_icon.png
28742,Arma Tu Combo En Pareja,,Nuevos Lanzamientos,,combo,sellable,"Disfruta tu combo eligiendo dos platillos y dos bebidas, acompañado de palomitas, papas y postre.",,4,4#0,,4,https://foods-static-content.cinepolis.com/redesign/MX/menus/tradicional/generic.png,https://foods-static-content.cinepolis.com/redesign/MX/menus/vip/arma-tu-combo-vip-wide.png,https://foods-static-content.cinepolis.com/redesign/MX/menus/vip/arma-tu-combo-vip-promotional.png,https://foods-static-content.cinepolis.com/redesign/MX/menus/tradicional/generic.png
27838,Churros,Oreo®,Postres y Helados,,combo,sellable,Churros.,,9,9#1B#9,,1,https://foods-static-content.cinepolis.com/redesign/MX/menus/vip/tequesitos_small.png,https://foods-static-content.cinepolis.com/redesign/MX/menus/vip/churros_bites_wide.png,https://foods-static-content.cinepolis.com/redesign/MX/menus/vip/churros_bites_promotional.png,https://foods-static-content.cinepolis.com/redesign/MX/ingredients/churros_bites_icon.png
14622,Espresso,Grande,Bebidas calientes,,combo,sellable,Café espresso sencillo marca Nespresso®.,,7,7#5#5,,5,https://foods-static-content.cinepolis.com/redesign/MX/menus/vip/nespresso_small.png,https://foods-static-content.cinepolis.com/redesign/MX/menus/vip/nespresso_wide.png,https://foods-static-content.cinepolis.com/redesign/MX/menus/vip/nespresso_promotional.png,https://foods-static-content.cinepolis.com/redesign/MX/ingredients/termico_grande_icon.png
14755,Ben & Jerry´s®,Ben & Jerry´s®,Postres y Helados,,combo,sellable,Ben & Jerry's® 473 ml.,,9,9#1#5B,,4,https://foods-static-content.cinepolis.com/redesign/MX/menus/vip/ben_jerry_smal.png,https://foods-static-content.cinepolis.com/redesign/MX/menus/vip/ben_jerry_wide.png,https://foods-static-content.cinepolis.com/redesign/MX/menus/vip/ben_jerry_promotional.png,https://foods-static-content.cinepolis.com/redesign/MX/menus/vip/ben_jerry_smal.png
27837,Churro Bites,Grandes,Postres y Helados,,combo,sellable,Churro Bites.,,8,8#2,,8,https://foods-static-content.cinepolis.com/redesign/MX/menus/atmosfera/churro_small.png,https://foods-static-content.cinepolis.com/redesign/MX/menus/atmosfera/Churros_wide.png,https://foods-static-content.cinepolis.com/redesign/MX/menus/atmosfera/Churros_promotional.png,https://foods-static-content.cinepolis.com/redesign/MX/menus/atmosfera/boneless_small.png
28667,Palomera 3D Mortal Kombat 2 Con Palomitas,,Promocionales,,combo,sellable,Palomera 3d mortal kombat 2 con palomitas,,91,9A#1,,0,https://foods-static-content.cinepolis.com/redesign/MX/menus/tradicional/generic.png,https://foods-static-content.cinepolis.com/redesign/MX/menus/tradicional/palomera_mortal_kombat_wide.png,https://foods-static-content.cinepolis.com/redesign/MX/menus/tradicional/palomera_mortal_kombat_promotional.png,https://foods-static-content.cinepolis.com/redesign/MX/menus/tradicional/generic.png
