complejo_slug,cinema_vista_id,session_id,datetime,numero_sala,formato,idioma,experiencia,movie_id
cinepolis-la-florida-acayucan,611,51793,2026-08-07T14:30:00,3,2D,ESPAÑOL,Tradicional,la-muerte-de-robin-hood
cinepolis-la-florida-acayucan,611,51794,2026-08-07T17:50:00,3,2D,ESPAÑOL,Tradicional,la-muerte-de-robin-hood
cinepolis-la-florida-acayucan,611,51795,2026-08-07T20:30:00,3,2D,ESPAÑOL,Tradicional,la-muerte-de-robin-hood
cinepolis-la-florida-acayucan,611,51828,2026-08-08T11:20:00,2,2D,ESPAÑOL,Tradicional,la-muerte-de-robin-hood
cinepolis-la-florida-acayucan,611,51829,2026-08-08T14:00:00,2,2D,ESPAÑOL,Tradicional,la-muerte-de-robin-hood
cinepolis-la-florida-acayucan,611,51830,2026-08-08T16:40:00,2,2D,ESPAÑOL,Tradicional,la-muerte-de-robin-hood
cinepolis-la-florida-acayucan,611,51831,2026-08-08T19:15:00,2,2D,ESPAÑOL,Tradicional,la-muerte-de-robin-hood
cinepolis-la-florida-acayucan,611,51832,2026-08-08T22:00:00,2,2D,ESPAÑOL,Tradicional,la-muerte-de-robin-hood
cinepolis-la-florida-acayucan,611,51807,2026-08-09T11:20:00,2,2D,ESPAÑOL,Tradicional,la-muerte-de-robin-hood
cinepolis-la-florida-acayucan,611,51808,2026-08-09T14:00:00,2,2D,ESPAÑOL,Tradicional,la-muerte-de-robin-hood
cinepolis-la-florida-acayucan,611,51809,2026-08-09T16:40:00,2,2D,ESPAÑOL,Tradicional,la-muerte-de-robin-hood
cinepolis-la-florida-acayucan,611,51810,2026-08-09T19:15:00,2,2D,ESPAÑOL,Tradicional,la-muerte-de-robin-hood
cinepolis-la-florida-acayucan,611,51811,2026-08-09T22:00:00,2,2D,ESPAÑOL,Tradicional,la-muerte-de-robin-hood
cinepolis-la-florida-acayucan,611,51853,2026-08-10T11:50:00,3,2D,ESPAÑOL,Tradicional,la-muerte-de-robin-hood
cinepolis-la-florida-acayucan,611,51854,2026-08-10T14:30:00,3,2D,ESPAÑOL,Tradicional,la-muerte-de-robin-hood
cinepolis-la-florida-acayucan,611,51855,2026-08-10T17:50:00,3,2D,ESPAÑOL,Tradicional,la-muerte-de-robin-hood
cinepolis-la-florida-acayucan,611,51856,2026-08-10T20:30:00,3,2D,ESPAÑOL,Tradicional,la-muerte-de-robin-hood
cinepolis-la-florida-acayucan,611,51872,2026-08-11T11:50:00,3,2D,ESPAÑOL,Tradicional,la-muerte-de-robin-hood
cinepolis-la-florida-acayucan,611,51873,2026-08-11T14:30:00,3,2D,ESPAÑOL,Tradicional,la-muerte-de-robin-hood
cinepolis-la-florida-acayucan,611,51874,2026-08-11T17:50:00,3,2D,ESPAÑOL,Tradicional,la-muerte-de-robin-hood
cinepolis-la-florida-acayucan,611,51875,2026-08-11T20:30:00,3,2D,ESPAÑOL,Tradicional,la-muerte-de-robin-hood
cinepolis-la-florida-acayucan,611,51801,2026-08-07T17:20:00,5,2D,ESPAÑOL,Tradicional,la-odisea
cinepolis-la-florida-acayucan,611,51802,2026-08-07T21:00:00,5,2D,ESPAÑOL,Tradicional,la-odisea
cinepolis-la-florida-acayucan,611,51833,2026-08-08T16:10:00,3,2D,ESPAÑOL,Tradicional,la-odisea
cinepolis-la-florida-acayucan,611,51834,2026-08-08T20:00:00,3,2D,ESPAÑOL,Tradicional,la-odisea
cinepolis-la-florida-acayucan,611,51812,2026-08-09T16:10:00,3,2D,ESPAÑOL,Tradicional,la-odisea
cinepolis-la-florida-acayucan,611,51813,2026-08-09T20:00:00,3,2D,ESPAÑOL,Tradicional,la-odisea
cinepolis-la-florida-acayucan,611,51862,2026-08-10T17:20:00,5,2D,ESPAÑOL,Tradicional,la-odisea
cinepolis-la-florida-acayucan,611,51863,2026-08-10T21:00:00,5,2D,ESPAÑOL,Tradicional,la-odisea
cinepolis-la-florida-acayucan,611,51881,2026-08-11T17:20:00,5,2D,ESPAÑOL,Tradicional,la-odisea
cinepolis-la-florida-acayucan,611,51882,2026-08-11T21:00:00,5,2D,ESPAÑOL,Tradicional,la-odisea
cinepolis-la-florida-acayucan,611,51796,2026-08-07T13:50:00,4,2D,ESPAÑOL,Tradicional,moana-live-action
cinepolis-la-florida-acayucan,611,51789,2026-08-07T16:10:00,2,2D,ESPAÑOL,Tradicional,moana-live-action
cinepolis-la-florida-acayucan,611,51836,2026-08-08T10:40:00,3,2D,ESPAÑOL,Tradicional,moana-live-action
cinepolis-la-florida-acayucan,611,51835,2026-08-08T13:20:00,3,2D,ESPAÑOL,Tradicional,moana-live-action
cinepolis-la-florida-acayucan,611,51815,2026-08-09T10:40:00,3,2D,ESPAÑOL,Tradicional,moana-live-action
cinepolis-la-florida-acayucan,611,51814,2026-08-09T13:20:00,3,2D,ESPAÑOL,Tradicional,moana-live-action
cinepolis-la-florida-acayucan,611,51857,2026-08-10T13:50:00,4,2D,ESPAÑOL,Tradicional,moana-live-action
cinepolis-la-florida-acayucan,611,51850,2026-08-10T16:10:00,2,2D,ESPAÑOL,Tradicional,moana-live-action
cinepolis-la-florida-acayucan,611,51876,2026-08-11T13:50:00,4,2D,ESPAÑOL,Tradicional,moana-live-action
cinepolis-la-florida-acayucan,611,51869,2026-08-11T16:10:00,2,2D,ESPAÑOL,Tradicional,moana-live-action
cinepolis-la-florida-acayucan,611,51497,2026-08-12T10:45:00,2,2D,ESPAÑOL,Tradicional,paw-patrol-la-dino-pelicula
cinepolis-la-florida-acayucan,611,51498,2026-08-12T13:10:00,2,2D,ESPAÑOL,Tradicional,paw-patrol-la-dino-pelicula
cinepolis-la-florida-acayucan,611,51499,2026-08-12T15:45:00,2,2D,ESPAÑOL,Tradicional,paw-patrol-la-dino-pelicula
cinepolis-la-florida-acayucan,611,51500,2026-08-12T18:15:00,2,2D,ESPAÑOL,Tradicional,paw-patrol-la-dino-pelicula
cinepolis-la-florida-acayucan,611,51516,2026-08-13T12:30:00,5,2D,ESPAÑOL,Tradicional,paw-patrol-la-dino-pelicula
cinepolis-la-florida-acayucan,611,51517,2026-08-13T14:30:00,5,2D,ESPAÑOL,Tradicional,paw-patrol-la-dino-pelicula
cinepolis-la-florida-acayucan,611,51518,2026-08-13T16:30:00,5,2D,ESPAÑOL,Tradicional,paw-patrol-la-dino-pelicula
cinepolis-la-florida-acayucan,611,51519,2026-08-13T18:30:00,5,2D,ESPAÑOL,Tradicional,paw-patrol-la-dino-pelicula
cinepolis-la-florida-acayucan,611,51520,2026-08-13T20:30:00,5,2D,ESPAÑOL,Tradicional,paw-patrol-la-dino-pelicula
cinepolis-la-florida-acayucan,611,51521,2026-08-14T12:30:00,5,2D,ESPAÑOL,Tradicional,paw-patrol-la-dino-pelicula
cinepolis-la-florida-acayucan,611,51522,2026-08-14T14:30:00,5,2D,ESPAÑOL,Tradicional,paw-patrol-la-dino-pelicula
cinepolis-la-florida-acayucan,611,51523,2026-08-14T16:30:00,5,2D,ESPAÑOL,Tradicional,paw-patrol-la-dino-pelicula
cinepolis-la-florida-acayucan,611,51524,2026-08-14T18:30:00,5,2D,ESPAÑOL,Tradicional,paw-patrol-la-dino-pelicula
cinepolis-la-florida-acayucan,611,51525,2026-08-14T20:30:00,5,2D,ESPAÑOL,Tradicional,paw-patrol-la-dino-pelicula
cinepolis-la-florida-acayucan,611,51526,2026-08-15T12:05:00,5,2D,ESPAÑOL,Tradicional,paw-patrol-la-dino-pelicula
cinepolis-la-florida-acayucan,611,51527,2026-08-15T14:15:00,5,2D,ESPAÑOL,Tradicional,paw-patrol-la-dino-pelicula
cinepolis-la-florida-acayucan,611,51528,2026-08-15T16:20:00,5,2D,ESPAÑOL,Tradicional,paw-patrol-la-dino-pelicula
cinepolis-la-florida-acayucan,611,51529,2026-08-15T18:20:00,5,2D,ESPAÑOL,Tradicional,paw-patrol-la-dino-pelicula
cinepolis-la-florida-acayucan,611,51530,2026-08-15T20:25:00,5,2D,ESPAÑOL,Tradicional,paw-patrol-la-dino-pelicula
cinepolis-la-florida-acayucan,611,51531,2026-08-16T12:05:00,5,2D,ESPAÑOL,Tradicional,paw-patrol-la-dino-pelicula
cinepolis-la-florida-acayucan,611,51532,2026-08-16T14:15:00,5,2D,ESPAÑOL,Tradicional,paw-patrol-la-dino-pelicula
cinepolis-la-florida-acayucan,611,51533,2026-08-16T16:20:00,5,2D,ESPAÑOL,Tradicional,paw-patrol-la-dino-pelicula
cinepolis-la-florida-acayucan,611,51534,2026-08-16T18:20:00,5,2D,ESPAÑOL,Tradicional,paw-patrol-la-dino-pelicula
cinepolis-la-florida-acayucan,611,51535,2026-08-16T20:25:00,5,2D,ESPAÑOL,Tradicional,paw-patrol-la-dino-pelicula
cinepolis-la-florida-acayucan,611,51501,2026-08-17T12:30:00,5,2D,ESPAÑOL,Tradicional,paw-patrol-la-dino-pelicula
cinepolis-la-florida-acayucan,611,51502,2026-08-17T14:30:00,5,2D,ESPAÑOL,Tradicional,paw-patrol-la-dino-pelicula
cinepolis-la-florida-acayucan,611,51503,2026-08-17T16:30:00,5,2D,ESPAÑOL,Tradicional,paw-patrol-la-dino-pelicula
cinepolis-la-florida-acayucan,611,51504,2026-08-17T18:30:00,5,2D,ESPAÑOL,Tradicional,paw-patrol-la-dino-pelicula
cinepolis-la-florida-acayucan,611,51505,2026-08-17T20:30:00,5,2D,ESPAÑOL,Tradicional,paw-patrol-la-dino-pelicula
cinepolis-la-florida-acayucan,611,51506,2026-08-18T12:30:00,5,2D,ESPAÑOL,Tradicional,paw-patrol-la-dino-pelicula
cinepolis-la-florida-acayucan,611,51507,2026-08-18T14:30:00,5,2D,ESPAÑOL,Tradicional,paw-patrol-la-dino-pelicula
cinepolis-la-florida-acayucan,611,51508,2026-08-18T16:30:00,5,2D,ESPAÑOL,Tradicional,paw-patrol-la-dino-pelicula
cinepolis-la-florida-acayucan,611,51509,2026-08-18T18:30:00,5,2D,ESPAÑOL,Tradicional,paw-patrol-la-dino-pelicula
cinepolis-la-florida-acayucan,611,51510,2026-08-18T20:30:00,5,2D,ESPAÑOL,Tradicional,paw-patrol-la-dino-pelicula
cinepolis-la-florida-acayucan,611,51511,2026-08-19T12:30:00,5,2D,ESPAÑOL,Tradicional,paw-patrol-la-dino-pelicula
cinepolis-la-florida-acayucan,611,51512,2026-08-19T14:30:00,5,2D,ESPAÑOL,Tradicional,paw-patrol-la-dino-pelicula
cinepolis-la-florida-acayucan,611,51513,2026-08-19T16:30:00,5,2D,ESPAÑOL,Tradicional,paw-patrol-la-dino-pelicula
cinepolis-la-florida-acayucan,611,51514,2026-08-19T18:30:00,5,2D,ESPAÑOL,Tradicional,paw-patrol-la-dino-pelicula
cinepolis-la-florida-acayucan,611,51515,2026-08-19T20:30:00,5,2D,ESPAÑOL,Tradicional,paw-patrol-la-dino-pelicula
cinepolis-la-florida-acayucan,611,51785,2026-08-07T15:30:00,1,3D,ESPAÑOL,Tradicional,spider-man-un-nuevo-dia
cinepolis-la-florida-acayucan,611,51797,2026-08-07T16:50:00,4,2D,ESPAÑOL,Tradicional,spider-man-un-nuevo-dia
cinepolis-la-florida-acayucan,611,51786,2026-08-07T18:30:00,1,3D,ESPAÑOL,Tradicional,spider-man-un-nuevo-dia
cinepolis-la-florida-acayucan,611,51790,2026-08-07T19:00:00,2,2D,ESPAÑOL,Tradicional,spider-man-un-nuevo-dia
cinepolis-la-florida-acayucan,611,51798,2026-08-07T19:50:00,4,2D,ESPAÑOL,Tradicional,spider-man-un-nuevo-dia
cinepolis-la-florida-acayucan,611,51787,2026-08-07T21:30:00,1,3D,ESPAÑOL,Tradicional,spider-man-un-nuevo-dia
cinepolis-la-florida-acayucan,611,51791,2026-08-07T22:00:00,2,2D,ESPAÑOL,Tradicional,spider-man-un-nuevo-dia
cinepolis-la-florida-acayucan,611,51841,2026-08-08T11:00:00,5,2D,ESPAÑOL,Tradicional,spider-man-un-nuevo-dia
cinepolis-la-florida-acayucan,611,51837,2026-08-08T12:00:00,4,2D,ESPAÑOL,Tradicional,spider-man-un-nuevo-dia
cinepolis-la-florida-acayucan,611,51842,2026-08-08T14:30:00,5,2D,ESPAÑOL,Tradicional,spider-man-un-nuevo-dia
cinepolis-la-florida-acayucan,611,51838,2026-08-08T15:00:00,4,2D,ESPAÑOL,Tradicional,spider-man-un-nuevo-dia
cinepolis-la-florida-acayucan,611,51825,2026-08-08T15:30:00,1,3D,ESPAÑOL,Tradicional,spider-man-un-nuevo-dia
cinepolis-la-florida-acayucan,611,51843,2026-08-08T17:30:00,5,2D,ESPAÑOL,Tradicional,spider-man-un-nuevo-dia
cinepolis-la-florida-acayucan,611,51839,2026-08-08T18:00:00,4,2D,ESPAÑOL,Tradicional,spider-man-un-nuevo-dia
cinepolis-la-florida-acayucan,611,51826,2026-08-08T18:30:00,1,3D,ESPAÑOL,Tradicional,spider-man-un-nuevo-dia
cinepolis-la-florida-acayucan,611,51844,2026-08-08T20:30:00,5,2D,ESPAÑOL,Tradicional,spider-man-un-nuevo-dia
cinepolis-la-florida-acayucan,611,51840,2026-08-08T21:00:00,4,2D,ESPAÑOL,Tradicional,spider-man-un-nuevo-dia
cinepolis-la-florida-acayucan,611,51827,2026-08-08T21:30:00,1,3D,ESPAÑOL,Tradicional,spider-man-un-nuevo-dia
cinepolis-la-florida-acayucan,611,51820,2026-08-09T11:00:00,5,2D,ESPAÑOL,Tradicional,spider-man-un-nuevo-dia
cinepolis-la-florida-acayucan,611,51816,2026-08-09T12:00:00,4,2D,ESPAÑOL,Tradicional,spider-man-un-nuevo-dia
cinepolis-la-florida-acayucan,611,51821,2026-08-09T14:30:00,5,2D,ESPAÑOL,Tradicional,spider-man-un-nuevo-dia
cinepolis-la-florida-acayucan,611,51817,2026-08-09T15:00:00,4,2D,ESPAÑOL,Tradicional,spider-man-un-nuevo-dia
cinepolis-la-florida-acayucan,611,51804,2026-08-09T15:30:00,1,3D,ESPAÑOL,Tradicional,spider-man-un-nuevo-dia
cinepolis-la-florida-acayucan,611,51822,2026-08-09T17:30:00,5,2D,ESPAÑOL,Tradicional,spider-man-un-nuevo-dia
cinepolis-la-florida-acayucan,611,51818,2026-08-09T18:00:00,4,2D,ESPAÑOL,Tradicional,spider-man-un-nuevo-dia
cinepolis-la-florida-acayucan,611,51805,2026-08-09T18:30:00,1,3D,ESPAÑOL,Tradicional,spider-man-un-nuevo-dia
cinepolis-la-florida-acayucan,611,51823,2026-08-09T20:30:00,5,2D,ESPAÑOL,Tradicional,spider-man-un-nuevo-dia
cinepolis-la-florida-acayucan,611,51819,2026-08-09T21:00:00,4,2D,ESPAÑOL,Tradicional,spider-man-un-nuevo-dia
cinepolis-la-florida-acayucan,611,51806,2026-08-09T21:30:00,1,3D,ESPAÑOL,Tradicional,spider-man-un-nuevo-dia
cinepolis-la-florida-acayucan,611,51845,2026-08-10T12:30:00,1,3D,ESPAÑOL,Tradicional,spider-man-un-nuevo-dia
cinepolis-la-florida-acayucan,611,51849,2026-08-10T13:10:00,2,2D,ESPAÑOL,Tradicional,spider-man-un-nuevo-dia
cinepolis-la-florida-acayucan,611,51846,2026-08-10T15:30:00,1,3D,ESPAÑOL,Tradicional,spider-man-un-nuevo-dia
cinepolis-la-florida-acayucan,611,51858,2026-08-10T16:50:00,4,2D,ESPAÑOL,Tradicional,spider-man-un-nuevo-dia
cinepolis-la-florida-acayucan,611,51847,2026-08-10T18:30:00,1,3D,ESPAÑOL,Tradicional,spider-man-un-nuevo-dia
cinepolis-la-florida-acayucan,611,51851,2026-08-10T19:00:00,2,2D,ESPAÑOL,Tradicional,spider-man-un-nuevo-dia
cinepolis-la-florida-acayucan,611,51859,2026-08-10T19:50:00,4,2D,ESPAÑOL,Tradicional,spider-man-un-nuevo-dia
cinepolis-la-florida-acayucan,611,51848,2026-08-10T21:30:00,1,3D,ESPAÑOL,Tradicional,spider-man-un-nuevo-dia
cinepolis-la-florida-acayucan,611,51852,2026-08-10T22:00:00,2,2D,ESPAÑOL,Tradicional,spider-man-un-nuevo-dia
cinepolis-la-florida-acayucan,611,51864,2026-08-11T12:30:00,1,3D,ESPAÑOL,Tradicional,spider-man-un-nuevo-dia
cinepolis-la-florida-acayucan,611,51868,2026-08-11T13:10:00,2,2D,ESPAÑOL,Tradicional,spider-man-un-nuevo-dia
cinepolis-la-florida-acayucan,611,51865,2026-08-11T15:30:00,1,3D,ESPAÑOL,Tradicional,spider-man-un-nuevo-dia
cinepolis-la-florida-acayucan,611,51877,2026-08-11T16:50:00,4,2D,ESPAÑOL,Tradicional,spider-man-un-nuevo-dia
cinepolis-la-florida-acayucan,611,51866,2026-08-11T18:30:00,1,3D,ESPAÑOL,Tradicional,spider-man-un-nuevo-dia
cinepolis-la-florida-acayucan,611,51870,2026-08-11T19:00:00,2,2D,ESPAÑOL,Tradicional,spider-man-un-nuevo-dia
cinepolis-la-florida-acayucan,611,51878,2026-08-11T19:50:00,4,2D,ESPAÑOL,Tradicional,spider-man-un-nuevo-dia
cinepolis-la-florida-acayucan,611,51867,2026-08-11T21:30:00,1,3D,ESPAÑOL,Tradicional,spider-man-un-nuevo-dia
cinepolis-la-florida-acayucan,611,51871,2026-08-11T22:00:00,2,2D,ESPAÑOL,Tradicional,spider-man-un-nuevo-dia
cinepolis-la-florida-acayucan,611,51800,2026-08-07T15:00:00,5,2D,ESPAÑOL,Tradicional,toy-story-5
cinepolis-la-florida-acayucan,611,51824,2026-08-08T12:40:00,1,2D,ESPAÑOL,Tradicional,toy-story-5
cinepolis-la-florida-acayucan,611,51803,2026-08-09T12:40:00,1,2D,ESPAÑOL,Tradicional,toy-story-5
cinepolis-la-florida-acayucan,611,51860,2026-08-10T12:10:00,5,2D,ESPAÑOL,Tradicional,toy-story-5
cinepolis-la-florida-acayucan,611,51861,2026-08-10T15:00:00,5,2D,ESPAÑOL,Tradicional,toy-story-5
cinepolis-la-florida-acayucan,611,51879,2026-08-11T12:10:00,5,2D,ESPAÑOL,Tradicional,toy-story-5
cinepolis-la-florida-acayucan,611,51880,2026-08-11T15:00:00,5,2D,ESPAÑOL,Tradicional,toy-story-5
cinepolis-vip-el-dorado-veracruz,545,52062,2026-08-07T19:00:00,1,2D,SUBTITULADA,Tradicional,el-dia-d-bajo-presion
cinepolis-vip-el-dorado-veracruz,545,52064,2026-08-08T13:00:00,1,2D,SUBTITULADA,Tradicional,el-dia-d-bajo-presion
cinepolis-vip-el-dorado-veracruz,545,52066,2026-08-08T19:30:00,1,2D,SUBTITULADA,Tradicional,el-dia-d-bajo-presion
cinepolis-vip-el-dorado-veracruz,545,52200,2026-08-09T13:00:00,1,2D,SUBTITULADA,Tradicional,el-dia-d-bajo-presion
cinepolis-vip-el-dorado-veracruz,545,52202,2026-08-09T19:30:00,1,2D,SUBTITULADA,Tradicional,el-dia-d-bajo-presion
cinepolis-vip-el-dorado-veracruz,545,52106,2026-08-10T19:00:00,1,2D,SUBTITULADA,Tradicional,el-dia-d-bajo-presion
cinepolis-vip-el-dorado-veracruz,545,52127,2026-08-11T19:00:00,1,2D,SUBTITULADA,Tradicional,el-dia-d-bajo-presion
cinepolis-vip-el-dorado-veracruz,545,52148,2026-08-12T19:00:00,1,2D,SUBTITULADA,Tradicional,el-dia-d-bajo-presion
cinepolis-vip-el-dorado-veracruz,545,51813,2026-08-27T18:15:00,2,2D,ESPAÑOL,Tradicional,harry-potter-y-la-piedra-filosofal-25
cinepolis-vip-el-dorado-veracruz,545,51811,2026-08-28T18:15:00,2,2D,ESPAÑOL,Tradicional,harry-potter-y-la-piedra-filosofal-25
cinepolis-vip-el-dorado-veracruz,545,51960,2026-08-29T18:15:00,2,2D,ESPAÑOL,Tradicional,harry-potter-y-la-piedra-filosofal-25
cinepolis-vip-el-dorado-veracruz,545,51961,2026-08-30T18:15:00,2,2D,ESPAÑOL,Tradicional,harry-potter-y-la-piedra-filosofal-25
cinepolis-vip-el-dorado-veracruz,545,51812,2026-08-31T18:15:00,2,2D,ESPAÑOL,Tradicional,harry-potter-y-la-piedra-filosofal-25
cinepolis-vip-el-dorado-veracruz,545,51963,2026-09-02T18:15:00,2,2D,ESPAÑOL,Tradicional,harry-potter-y-la-piedra-filosofal-25
cinepolis-vip-el-dorado-veracruz,545,52061,2026-08-07T15:50:00,1,2D,SUBTITULADA,Tradicional,la-muerte-de-robin-hood
cinepolis-vip-el-dorado-veracruz,545,52063,2026-08-07T21:30:00,1,2D,SUBTITULADA,Tradicional,la-muerte-de-robin-hood
cinepolis-vip-el-dorado-veracruz,545,52024,2026-08-08T11:30:00,4,2D,SUBTITULADA,Tradicional,la-muerte-de-robin-hood
cinepolis-vip-el-dorado-veracruz,545,52027,2026-08-08T21:00:00,4,2D,SUBTITULADA,Tradicional,la-muerte-de-robin-hood
cinepolis-vip-el-dorado-veracruz,545,52212,2026-08-09T11:30:00,4,2D,SUBTITULADA,Tradicional,la-muerte-de-robin-hood
cinepolis-vip-el-dorado-veracruz,545,52215,2026-08-09T21:00:00,4,2D,SUBTITULADA,Tradicional,la-muerte-de-robin-hood
cinepolis-vip-el-dorado-veracruz,545,52105,2026-08-10T15:45:00,1,2D,SUBTITULADA,Tradicional,la-muerte-de-robin-hood
cinepolis-vip-el-dorado-veracruz,545,52107,2026-08-10T21:30:00,1,2D,SUBTITULADA,Tradicional,la-muerte-de-robin-hood
cinepolis-vip-el-dorado-veracruz,545,52126,2026-08-11T15:45:00,1,2D,SUBTITULADA,Tradicional,la-muerte-de-robin-hood
cinepolis-vip-el-dorado-veracruz,545,52128,2026-08-11T21:30:00,1,2D,SUBTITULADA,Tradicional,la-muerte-de-robin-hood
cinepolis-vip-el-dorado-veracruz,545,52147,2026-08-12T15:45:00,1,2D,SUBTITULADA,Tradicional,la-muerte-de-robin-hood
cinepolis-vip-el-dorado-veracruz,545,52149,2026-08-12T21:30:00,1,2D,SUBTITULADA,Tradicional,la-muerte-de-robin-hood
cinepolis-vip-el-dorado-veracruz,545,52021,2026-08-07T13:50:00,4,2D,SUBTITULADA,Tradicional,la-odisea
cinepolis-vip-el-dorado-veracruz,545,52022,2026-08-07T17:20:00,4,2D,SUBTITULADA,Tradicional,la-odisea
cinepolis-vip-el-dorado-veracruz,545,52005,2026-08-07T19:30:00,6,2D,SUBTITULADA,Tradicional,la-odisea
cinepolis-vip-el-dorado-veracruz,545,52045,2026-08-08T17:00:00,3,2D,SUBTITULADA,Tradicional,la-odisea
cinepolis-vip-el-dorado-veracruz,545,52046,2026-08-08T20:30:00,3,2D,SUBTITULADA,Tradicional,la-odisea
cinepolis-vip-el-dorado-veracruz,545,52067,2026-08-08T22:00:00,1,2D,SUBTITULADA,Tradicional,la-odisea
cinepolis-vip-el-dorado-veracruz,545,52210,2026-08-09T17:00:00,3,2D,SUBTITULADA,Tradicional,la-odisea
cinepolis-vip-el-dorado-veracruz,545,52211,2026-08-09T20:30:00,3,2D,SUBTITULADA,Tradicional,la-odisea
cinepolis-vip-el-dorado-veracruz,545,52203,2026-08-09T22:00:00,1,2D,SUBTITULADA,Tradicional,la-odisea
cinepolis-vip-el-dorado-veracruz,545,52115,2026-08-10T13:50:00,4,2D,SUBTITULADA,Tradicional,la-odisea
cinepolis-vip-el-dorado-veracruz,545,52116,2026-08-10T17:20:00,4,2D,SUBTITULADA,Tradicional,la-odisea
cinepolis-vip-el-dorado-veracruz,545,52124,2026-08-10T19:30:00,6,2D,SUBTITULADA,Tradicional,la-odisea
cinepolis-vip-el-dorado-veracruz,545,52136,2026-08-11T13:50:00,4,2D,SUBTITULADA,Tradicional,la-odisea
cinepolis-vip-el-dorado-veracruz,545,52137,2026-08-11T17:20:00,4,2D,SUBTITULADA,Tradicional,la-odisea
cinepolis-vip-el-dorado-veracruz,545,52145,2026-08-11T19:30:00,6,2D,SUBTITULADA,Tradicional,la-odisea
cinepolis-vip-el-dorado-veracruz,545,52157,2026-08-12T13:50:00,4,2D,SUBTITULADA,Tradicional,la-odisea
cinepolis-vip-el-dorado-veracruz,545,52158,2026-08-12T17:20:00,4,2D,SUBTITULADA,Tradicional,la-odisea
cinepolis-vip-el-dorado-veracruz,545,52166,2026-08-12T19:30:00,6,2D,SUBTITULADA,Tradicional,la-odisea
cinepolis-vip-el-dorado-veracruz,545,51810,2026-08-15T21:00:00,1,2D,ESPAÑOL,Tradicional,lmd-solo-la-mas-2
cinepolis-vip-el-dorado-veracruz,545,52222,2026-08-15T21:00:00,2,2D,ESPAÑOL,Tradicional,lmd-solo-la-mas-2
cinepolis-vip-el-dorado-veracruz,545,52083,2026-08-07T17:50:00,2,2D,ESPAÑOL,Tradicional,minions-y-monstruos
cinepolis-vip-el-dorado-veracruz,545,52085,2026-08-08T12:30:00,2,2D,ESPAÑOL,Tradicional,minions-y-monstruos
cinepolis-vip-el-dorado-veracruz,545,52199,2026-08-08T14:35:00,3,2D,ESPAÑOL,Tradicional,minions-y-monstruos
cinepolis-vip-el-dorado-veracruz,545,52026,2026-08-08T17:45:00,4,2D,ESPAÑOL,Tradicional,minions-y-monstruos
cinepolis-vip-el-dorado-veracruz,545,52204,2026-08-09T12:30:00,2,2D,ESPAÑOL,Tradicional,minions-y-monstruos
cinepolis-vip-el-dorado-veracruz,545,52209,2026-08-09T14:35:00,3,2D,ESPAÑOL,Tradicional,minions-y-monstruos
cinepolis-vip-el-dorado-veracruz,545,52214,2026-08-09T17:45:00,4,2D,ESPAÑOL,Tradicional,minions-y-monstruos
cinepolis-vip-el-dorado-veracruz,545,52110,2026-08-10T17:50:00,2,2D,ESPAÑOL,Tradicional,minions-y-monstruos
cinepolis-vip-el-dorado-veracruz,545,52131,2026-08-11T17:50:00,2,2D,ESPAÑOL,Tradicional,minions-y-monstruos
cinepolis-vip-el-dorado-veracruz,545,52152,2026-08-12T17:50:00,2,2D,ESPAÑOL,Tradicional,minions-y-monstruos
cinepolis-vip-el-dorado-veracruz,545,52187,2026-08-07T14:40:00,2,2D,ESPAÑOL,Tradicional,spider-man-un-nuevo-dia
cinepolis-vip-el-dorado-veracruz,545,52102,2026-08-07T16:20:00,6,2D,ESPAÑOL,Tradicional,spider-man-un-nuevo-dia
cinepolis-vip-el-dorado-veracruz,545,52043,2026-08-07T20:30:00,3,2D,ESPAÑOL,Tradicional,spider-man-un-nuevo-dia
cinepolis-vip-el-dorado-veracruz,545,52186,2026-08-07T13:25:00,3,2D,SUBTITULADA,Tradicional,spider-man-un-nuevo-dia
cinepolis-vip-el-dorado-veracruz,545,51983,2026-08-07T15:20:00,5,2D,SUBTITULADA,Tradicional,spider-man-un-nuevo-dia
cinepolis-vip-el-dorado-veracruz,545,52042,2026-08-07T16:50:00,3,2D,SUBTITULADA,Tradicional,spider-man-un-nuevo-dia
cinepolis-vip-el-dorado-veracruz,545,51984,2026-08-07T18:30:00,5,2D,SUBTITULADA,Tradicional,spider-man-un-nuevo-dia
cinepolis-vip-el-dorado-veracruz,545,52084,2026-08-07T20:00:00,2,2D,SUBTITULADA,Tradicional,spider-man-un-nuevo-dia
cinepolis-vip-el-dorado-veracruz,545,52023,2026-08-07T21:00:00,4,2D,SUBTITULADA,Tradicional,spider-man-un-nuevo-dia
cinepolis-vip-el-dorado-veracruz,545,51985,2026-08-07T22:00:00,5,2D,SUBTITULADA,Tradicional,spider-man-un-nuevo-dia
cinepolis-vip-el-dorado-veracruz,545,52198,2026-08-08T11:00:00,3,2D,ESPAÑOL,Tradicional,spider-man-un-nuevo-dia
cinepolis-vip-el-dorado-veracruz,545,52194,2026-08-08T12:00:00,6,2D,ESPAÑOL,Tradicional,spider-man-un-nuevo-dia
cinepolis-vip-el-dorado-veracruz,545,51986,2026-08-08T13:25:00,5,2D,ESPAÑOL,Tradicional,spider-man-un-nuevo-dia
cinepolis-vip-el-dorado-veracruz,545,52195,2026-08-08T15:00:00,2,2D,ESPAÑOL,Tradicional,spider-man-un-nuevo-dia
cinepolis-vip-el-dorado-veracruz,545,52006,2026-08-08T15:30:00,6,3D,ESPAÑOL,Tradicional,spider-man-un-nuevo-dia
cinepolis-vip-el-dorado-veracruz,545,52196,2026-08-08T18:15:00,2,2D,ESPAÑOL,Tradicional,spider-man-un-nuevo-dia
cinepolis-vip-el-dorado-veracruz,545,51988,2026-08-08T20:00:00,5,2D,ESPAÑOL,Tradicional,spider-man-un-nuevo-dia
cinepolis-vip-el-dorado-veracruz,545,52025,2026-08-08T14:10:00,4,2D,SUBTITULADA,Tradicional,spider-man-un-nuevo-dia
cinepolis-vip-el-dorado-veracruz,545,52065,2026-08-08T16:00:00,1,2D,SUBTITULADA,Tradicional,spider-man-un-nuevo-dia
cinepolis-vip-el-dorado-veracruz,545,51987,2026-08-08T16:30:00,5,2D,SUBTITULADA,Tradicional,spider-man-un-nuevo-dia
cinepolis-vip-el-dorado-veracruz,545,52008,2026-08-08T18:55:00,6,2D,SUBTITULADA,Tradicional,spider-man-un-nuevo-dia
cinepolis-vip-el-dorado-veracruz,545,52088,2026-08-08T21:30:00,2,2D,SUBTITULADA,Tradicional,spider-man-un-nuevo-dia
cinepolis-vip-el-dorado-veracruz,545,52208,2026-08-09T11:00:00,3,2D,ESPAÑOL,Tradicional,spider-man-un-nuevo-dia
cinepolis-vip-el-dorado-veracruz,545,52219,2026-08-09T12:00:00,6,2D,ESPAÑOL,Tradicional,spider-man-un-nuevo-dia
cinepolis-vip-el-dorado-veracruz,545,52216,2026-08-09T13:25:00,5,2D,ESPAÑOL,Tradicional,spider-man-un-nuevo-dia
cinepolis-vip-el-dorado-veracruz,545,52205,2026-08-09T15:00:00,2,2D,ESPAÑOL,Tradicional,spider-man-un-nuevo-dia
cinepolis-vip-el-dorado-veracruz,545,52220,2026-08-09T15:30:00,6,3D,ESPAÑOL,Tradicional,spider-man-un-nuevo-dia
cinepolis-vip-el-dorado-veracruz,545,52206,2026-08-09T18:15:00,2,2D,ESPAÑOL,Tradicional,spider-man-un-nuevo-dia
cinepolis-vip-el-dorado-veracruz,545,52218,2026-08-09T20:00:00,5,2D,ESPAÑOL,Tradicional,spider-man-un-nuevo-dia
cinepolis-vip-el-dorado-veracruz,545,52213,2026-08-09T14:10:00,4,2D,SUBTITULADA,Tradicional,spider-man-un-nuevo-dia
cinepolis-vip-el-dorado-veracruz,545,52201,2026-08-09T16:00:00,1,2D,SUBTITULADA,Tradicional,spider-man-un-nuevo-dia
cinepolis-vip-el-dorado-veracruz,545,52217,2026-08-09T16:30:00,5,2D,SUBTITULADA,Tradicional,spider-man-un-nuevo-dia
cinepolis-vip-el-dorado-veracruz,545,52221,2026-08-09T18:55:00,6,2D,SUBTITULADA,Tradicional,spider-man-un-nuevo-dia
cinepolis-vip-el-dorado-veracruz,545,52207,2026-08-09T21:30:00,2,2D,SUBTITULADA,Tradicional,spider-man-un-nuevo-dia
cinepolis-vip-el-dorado-veracruz,545,52188,2026-08-10T14:30:00,2,2D,ESPAÑOL,Tradicional,spider-man-un-nuevo-dia
cinepolis-vip-el-dorado-veracruz,545,52123,2026-08-10T16:15:00,6,2D,ESPAÑOL,Tradicional,spider-man-un-nuevo-dia
cinepolis-vip-el-dorado-veracruz,545,52114,2026-08-10T20:30:00,3,2D,ESPAÑOL,Tradicional,spider-man-un-nuevo-dia
cinepolis-vip-el-dorado-veracruz,545,52189,2026-08-10T13:20:00,3,2D,SUBTITULADA,Tradicional,spider-man-un-nuevo-dia
cinepolis-vip-el-dorado-veracruz,545,52119,2026-08-10T15:10:00,5,2D,SUBTITULADA,Tradicional,spider-man-un-nuevo-dia
cinepolis-vip-el-dorado-veracruz,545,52113,2026-08-10T16:50:00,3,2D,SUBTITULADA,Tradicional,spider-man-un-nuevo-dia
cinepolis-vip-el-dorado-veracruz,545,52120,2026-08-10T18:30:00,5,2D,SUBTITULADA,Tradicional,spider-man-un-nuevo-dia
cinepolis-vip-el-dorado-veracruz,545,52111,2026-08-10T20:00:00,2,2D,SUBTITULADA,Tradicional,spider-man-un-nuevo-dia
cinepolis-vip-el-dorado-veracruz,545,52117,2026-08-10T21:00:00,4,2D,SUBTITULADA,Tradicional,spider-man-un-nuevo-dia
cinepolis-vip-el-dorado-veracruz,545,52121,2026-08-10T22:00:00,5,2D,SUBTITULADA,Tradicional,spider-man-un-nuevo-dia
cinepolis-vip-el-dorado-veracruz,545,52190,2026-08-11T14:30:00,2,2D,ESPAÑOL,Tradicional,spider-man-un-nuevo-dia
cinepolis-vip-el-dorado-veracruz,545,52144,2026-08-11T16:15:00,6,2D,ESPAÑOL,Tradicional,spider-man-un-nuevo-dia
cinepolis-vip-el-dorado-veracruz,545,52135,2026-08-11T20:30:00,3,2D,ESPAÑOL,Tradicional,spider-man-un-nuevo-dia
cinepolis-vip-el-dorado-veracruz,545,52191,2026-08-11T13:20:00,3,2D,SUBTITULADA,Tradicional,spider-man-un-nuevo-dia
cinepolis-vip-el-dorado-veracruz,545,52140,2026-08-11T15:10:00,5,2D,SUBTITULADA,Tradicional,spider-man-un-nuevo-dia
cinepolis-vip-el-dorado-veracruz,545,52134,2026-08-11T16:50:00,3,2D,SUBTITULADA,Tradicional,spider-man-un-nuevo-dia
cinepolis-vip-el-dorado-veracruz,545,52141,2026-08-11T18:30:00,5,2D,SUBTITULADA,Tradicional,spider-man-un-nuevo-dia
cinepolis-vip-el-dorado-veracruz,545,52132,2026-08-11T20:00:00,2,2D,SUBTITULADA,Tradicional,spider-man-un-nuevo-dia
cinepolis-vip-el-dorado-veracruz,545,52138,2026-08-11T21:00:00,4,2D,SUBTITULADA,Tradicional,spider-man-un-nuevo-dia
cinepolis-vip-el-dorado-veracruz,545,52142,2026-08-11T22:00:00,5,2D,SUBTITULADA,Tradicional,spider-man-un-nuevo-dia
cinepolis-vip-el-dorado-veracruz,545,52192,2026-08-12T14:30:00,2,2D,ESPAÑOL,Tradicional,spider-man-un-nuevo-dia
cinepolis-vip-el-dorado-veracruz,545,52165,2026-08-12T16:15:00,6,2D,ESPAÑOL,Tradicional,spider-man-un-nuevo-dia
cinepolis-vip-el-dorado-veracruz,545,52156,2026-08-12T20:30:00,3,2D,ESPAÑOL,Tradicional,spider-man-un-nuevo-dia
cinepolis-vip-el-dorado-veracruz,545,52193,2026-08-12T13:20:00,3,2D,SUBTITULADA,Tradicional,spider-man-un-nuevo-dia
cinepolis-vip-el-dorado-veracruz,545,52161,2026-08-12T15:10:00,5,2D,SUBTITULADA,Tradicional,spider-man-un-nuevo-dia
cinepolis-vip-el-dorado-veracruz,545,52155,2026-08-12T16:50:00,3,2D,SUBTITULADA,Tradicional,spider-man-un-nuevo-dia
cinepolis-vip-el-dorado-veracruz,545,52162,2026-08-12T18:30:00,5,2D,SUBTITULADA,Tradicional,spider-man-un-nuevo-dia
cinepolis-vip-el-dorado-veracruz,545,52153,2026-08-12T20:00:00,2,2D,SUBTITULADA,Tradicional,spider-man-un-nuevo-dia
cinepolis-vip-el-dorado-veracruz,545,52159,2026-08-12T21:00:00,4,2D,SUBTITULADA,Tradicional,spider-man-un-nuevo-dia
cinepolis-vip-el-dorado-veracruz,545,52163,2026-08-12T22:00:00,5,2D,SUBTITULADA,Tradicional,spider-man-un-nuevo-dia
cinepolis-las-americas-veracruz,126,130595,2026-08-14T17:00:00,4,2D,ORIGINAL,Tradicional,2026-cortis-tour-put-your-phone-down-en-vivo
cinepolis-las-americas-veracruz,126,130581,2026-08-14T17:00:00,8,2D,ORIGINAL,Tradicional,2026-cortis-tour-put-your-phone-down-en-vivo
cinepolis-las-americas-veracruz,126,128119,2026-08-08T16:00:00,8,2D,SUBTITULADA,Tradicional,ateez-light-the-way-en-cines
cinepolis-las-americas-veracruz,126,129436,2026-08-08T17:40:00,8,2D,SUBTITULADA,Tradicional,ateez-light-the-way-en-cines
cinepolis-las-americas-veracruz,126,130962,2026-08-07T15:20:00,6,2D,SUBTITULADA,Tradicional,el-dia-d-bajo-presion
cinepolis-las-americas-veracruz,126,130963,2026-08-07T17:30:00,6,2D,SUBTITULADA,Tradicional,el-dia-d-bajo-presion
cinepolis-las-americas-veracruz,126,130964,2026-08-07T20:00:00,6,2D,SUBTITULADA,Tradicional,el-dia-d-bajo-presion
cinepolis-las-americas-veracruz,126,130847,2026-08-08T12:35:00,6,2D,SUBTITULADA,Tradicional,el-dia-d-bajo-presion
cinepolis-las-americas-veracruz,126,130848,2026-08-08T14:50:00,6,2D,SUBTITULADA,Tradicional,el-dia-d-bajo-presion
cinepolis-las-americas-veracruz,126,130849,2026-08-08T17:20:00,6,2D,SUBTITULADA,Tradicional,el-dia-d-bajo-presion
cinepolis-las-americas-veracruz,126,130850,2026-08-08T19:40:00,6,2D,SUBTITULADA,Tradicional,el-dia-d-bajo-presion
cinepolis-las-americas-veracruz,126,130851,2026-08-08T22:00:00,6,2D,SUBTITULADA,Tradicional,el-dia-d-bajo-presion
cinepolis-las-americas-veracruz,126,131177,2026-08-09T12:35:00,6,2D,SUBTITULADA,Tradicional,el-dia-d-bajo-presion
cinepolis-las-americas-veracruz,126,131178,2026-08-09T14:50:00,6,2D,SUBTITULADA,Tradicional,el-dia-d-bajo-presion
cinepolis-las-americas-veracruz,126,131179,2026-08-09T17:20:00,6,2D,SUBTITULADA,Tradicional,el-dia-d-bajo-presion
cinepolis-las-americas-veracruz,126,131180,2026-08-09T19:40:00,6,2D,SUBTITULADA,Tradicional,el-dia-d-bajo-presion
cinepolis-las-americas-veracruz,126,131181,2026-08-09T22:00:00,6,2D,SUBTITULADA,Tradicional,el-dia-d-bajo-presion
cinepolis-las-americas-veracruz,126,131016,2026-08-10T13:10:00,6,2D,SUBTITULADA,Tradicional,el-dia-d-bajo-presion
cinepolis-las-americas-veracruz,126,131017,2026-08-10T15:20:00,6,2D,SUBTITULADA,Tradicional,el-dia-d-bajo-presion
cinepolis-las-americas-veracruz,126,131018,2026-08-10T17:30:00,6,2D,SUBTITULADA,Tradicional,el-dia-d-bajo-presion
cinepolis-las-americas-veracruz,126,131019,2026-08-10T20:00:00,6,2D,SUBTITULADA,Tradicional,el-dia-d-bajo-presion
cinepolis-las-americas-veracruz,126,131067,2026-08-11T13:10:00,6,2D,SUBTITULADA,Tradicional,el-dia-d-bajo-presion
cinepolis-las-americas-veracruz,126,131068,2026-08-11T15:20:00,6,2D,SUBTITULADA,Tradicional,el-dia-d-bajo-presion
cinepolis-las-americas-veracruz,126,131069,2026-08-11T17:30:00,6,2D,SUBTITULADA,Tradicional,el-dia-d-bajo-presion
cinepolis-las-americas-veracruz,126,131070,2026-08-11T20:00:00,6,2D,SUBTITULADA,Tradicional,el-dia-d-bajo-presion
cinepolis-las-americas-veracruz,126,131123,2026-08-12T13:10:00,6,2D,SUBTITULADA,Tradicional,el-dia-d-bajo-presion
cinepolis-las-americas-veracruz,126,131124,2026-08-12T15:20:00,6,2D,SUBTITULADA,Tradicional,el-dia-d-bajo-presion
cinepolis-las-americas-veracruz,126,131125,2026-08-12T17:30:00,6,2D,SUBTITULADA,Tradicional,el-dia-d-bajo-presion
cinepolis-las-americas-veracruz,126,131126,2026-08-12T20:00:00,6,2D,SUBTITULADA,Tradicional,el-dia-d-bajo-presion
cinepolis-las-americas-veracruz,126,131215,2026-08-11T19:20:00,7,2D,SUBTITULADA,Tradicional,el-final-de-la-calle-oak
cinepolis-las-americas-veracruz,126,131216,2026-08-11T21:30:00,7,2D,SUBTITULADA,Tradicional,el-final-de-la-calle-oak
cinepolis-las-americas-veracruz,126,130049,2026-08-26T18:40:00,14,2D,SUBTITULADA,IMAX,ghost-2-big-to-ring-en-cines
cinepolis-las-americas-veracruz,126,130051,2026-08-27T18:00:00,11,2D,SUBTITULADA,Tradicional,ghost-2-big-to-ring-en-cines
cinepolis-las-americas-veracruz,126,130050,2026-08-29T13:00:00,11,2D,SUBTITULADA,Tradicional,ghost-2-big-to-ring-en-cines
cinepolis-las-americas-veracruz,126,130295,2026-08-27T14:10:00,10,2D,ESPAÑOL,Tradicional,harry-potter-y-la-piedra-filosofal-25
cinepolis-las-americas-veracruz,126,130296,2026-08-27T17:25:00,10,2D,ESPAÑOL,Tradicional,harry-potter-y-la-piedra-filosofal-25
cinepolis-las-americas-veracruz,126,130297,2026-08-27T20:40:00,10,2D,SUBTITULADA,Tradicional,harry-potter-y-la-piedra-filosofal-25
cinepolis-las-americas-veracruz,126,130283,2026-08-28T14:10:00,10,2D,ESPAÑOL,Tradicional,harry-potter-y-la-piedra-filosofal-25
cinepolis-las-americas-veracruz,126,130284,2026-08-28T17:25:00,10,2D,ESPAÑOL,Tradicional,harry-potter-y-la-piedra-filosofal-25
cinepolis-las-americas-veracruz,126,130285,2026-08-28T20:40:00,10,2D,SUBTITULADA,Tradicional,harry-potter-y-la-piedra-filosofal-25
cinepolis-las-americas-veracruz,126,130286,2026-08-29T12:50:00,10,2D,ESPAÑOL,Tradicional,harry-potter-y-la-piedra-filosofal-25
cinepolis-las-americas-veracruz,126,130287,2026-08-29T16:05:00,10,2D,ESPAÑOL,Tradicional,harry-potter-y-la-piedra-filosofal-25
cinepolis-las-americas-veracruz,126,130288,2026-08-29T19:30:00,10,2D,SUBTITULADA,Tradicional,harry-potter-y-la-piedra-filosofal-25
cinepolis-las-americas-veracruz,126,130289,2026-08-30T12:50:00,10,2D,ESPAÑOL,Tradicional,harry-potter-y-la-piedra-filosofal-25
cinepolis-las-americas-veracruz,126,130290,2026-08-30T16:05:00,10,2D,ESPAÑOL,Tradicional,harry-potter-y-la-piedra-filosofal-25
cinepolis-las-americas-veracruz,126,130291,2026-08-30T19:30:00,10,2D,SUBTITULADA,Tradicional,harry-potter-y-la-piedra-filosofal-25
cinepolis-las-americas-veracruz,126,130292,2026-08-31T14:10:00,10,2D,ESPAÑOL,Tradicional,harry-potter-y-la-piedra-filosofal-25
cinepolis-las-americas-veracruz,126,130293,2026-08-31T17:25:00,10,2D,ESPAÑOL,Tradicional,harry-potter-y-la-piedra-filosofal-25
cinepolis-las-americas-veracruz,126,130294,2026-08-31T20:40:00,10,2D,SUBTITULADA,Tradicional,harry-potter-y-la-piedra-filosofal-25
cinepolis-las-americas-veracruz,126,130511,2026-09-01T14:10:00,10,2D,ESPAÑOL,Tradicional,harry-potter-y-la-piedra-filosofal-25
cinepolis-las-americas-veracruz,126,130512,2026-09-01T17:25:00,10,2D,ESPAÑOL,Tradicional,harry-potter-y-la-piedra-filosofal-25
cinepolis-las-americas-veracruz,126,130513,2026-09-01T20:40:00,10,2D,SUBTITULADA,Tradicional,harry-potter-y-la-piedra-filosofal-25
cinepolis-las-americas-veracruz,126,130508,2026-09-02T14:10:00,10,2D,ESPAÑOL,Tradicional,harry-potter-y-la-piedra-filosofal-25
cinepolis-las-americas-veracruz,126,130509,2026-09-02T17:25:00,10,2D,ESPAÑOL,Tradicional,harry-potter-y-la-piedra-filosofal-25
cinepolis-las-americas-veracruz,126,130510,2026-09-02T20:40:00,10,2D,SUBTITULADA,Tradicional,harry-potter-y-la-piedra-filosofal-25
cinepolis-las-americas-veracruz,126,130941,2026-08-07T14:55:00,1,2D,ESPAÑOL,Tradicional,hasta-el-fin-del-mundo
cinepolis-las-americas-veracruz,126,130960,2026-08-07T21:10:00,5,2D,ESPAÑOL,Tradicional,hasta-el-fin-del-mundo
cinepolis-las-americas-veracruz,126,130662,2026-08-08T14:30:00,5,2D,ESPAÑOL,Tradicional,hasta-el-fin-del-mundo
cinepolis-las-americas-veracruz,126,131174,2026-08-09T14:30:00,5,2D,ESPAÑOL,Tradicional,hasta-el-fin-del-mundo
cinepolis-las-americas-veracruz,126,130996,2026-08-10T14:55:00,1,2D,ESPAÑOL,Tradicional,hasta-el-fin-del-mundo
cinepolis-las-americas-veracruz,126,131015,2026-08-10T21:10:00,5,2D,ESPAÑOL,Tradicional,hasta-el-fin-del-mundo
cinepolis-las-americas-veracruz,126,131051,2026-08-11T14:55:00,1,2D,ESPAÑOL,Tradicional,hasta-el-fin-del-mundo
cinepolis-las-americas-veracruz,126,131103,2026-08-11T21:50:00,5,2D,ESPAÑOL,Tradicional,hasta-el-fin-del-mundo
cinepolis-las-americas-veracruz,126,131105,2026-08-12T14:55:00,1,2D,ESPAÑOL,Tradicional,hasta-el-fin-del-mundo
cinepolis-las-americas-veracruz,126,130952,2026-08-07T14:00:00,4,2D,ESPAÑOL,Tradicional,insaciable
cinepolis-las-americas-veracruz,126,130953,2026-08-07T17:10:00,4,2D,ESPAÑOL,Tradicional,insaciable
cinepolis-las-americas-veracruz,126,130955,2026-08-07T22:00:00,4,2D,ESPAÑOL,Tradicional,insaciable
cinepolis-las-americas-veracruz,126,130954,2026-08-07T19:40:00,4,2D,SUBTITULADA,Tradicional,insaciable
cinepolis-las-americas-veracruz,126,130631,2026-08-08T11:45:00,4,2D,ESPAÑOL,Tradicional,insaciable
cinepolis-las-americas-veracruz,126,130632,2026-08-08T14:10:00,4,2D,ESPAÑOL,Tradicional,insaciable
cinepolis-las-americas-veracruz,126,130633,2026-08-08T16:30:00,4,2D,ESPAÑOL,Tradicional,insaciable
cinepolis-las-americas-veracruz,126,130635,2026-08-08T21:20:00,4,2D,ESPAÑOL,Tradicional,insaciable
cinepolis-las-americas-veracruz,126,130634,2026-08-08T18:55:00,4,2D,SUBTITULADA,Tradicional,insaciable
cinepolis-las-americas-veracruz,126,131168,2026-08-09T11:45:00,4,2D,ESPAÑOL,Tradicional,insaciable
cinepolis-las-americas-veracruz,126,131169,2026-08-09T14:10:00,4,2D,ESPAÑOL,Tradicional,insaciable
cinepolis-las-americas-veracruz,126,131170,2026-08-09T16:30:00,4,2D,ESPAÑOL,Tradicional,insaciable
cinepolis-las-americas-veracruz,126,131172,2026-08-09T21:20:00,4,2D,ESPAÑOL,Tradicional,insaciable
cinepolis-las-americas-veracruz,126,131171,2026-08-09T18:55:00,4,2D,SUBTITULADA,Tradicional,insaciable
cinepolis-las-americas-veracruz,126,131007,2026-08-10T14:00:00,4,2D,ESPAÑOL,Tradicional,insaciable
cinepolis-las-americas-veracruz,126,131008,2026-08-10T17:10:00,4,2D,ESPAÑOL,Tradicional,insaciable
cinepolis-las-americas-veracruz,126,131010,2026-08-10T22:00:00,4,2D,ESPAÑOL,Tradicional,insaciable
cinepolis-las-americas-veracruz,126,131009,2026-08-10T19:40:00,4,2D,SUBTITULADA,Tradicional,insaciable
cinepolis-las-americas-veracruz,126,131062,2026-08-11T14:00:00,4,2D,ESPAÑOL,Tradicional,insaciable
cinepolis-las-americas-veracruz,126,131063,2026-08-11T16:20:00,4,2D,ESPAÑOL,Tradicional,insaciable
cinepolis-las-americas-veracruz,126,131102,2026-08-11T21:10:00,4,2D,ESPAÑOL,Tradicional,insaciable
cinepolis-las-americas-veracruz,126,131116,2026-08-12T14:00:00,4,2D,ESPAÑOL,Tradicional,insaciable
cinepolis-las-americas-veracruz,126,131117,2026-08-12T17:10:00,4,2D,ESPAÑOL,Tradicional,insaciable
cinepolis-las-americas-veracruz,126,131119,2026-08-12T22:00:00,4,2D,ESPAÑOL,Tradicional,insaciable
cinepolis-las-americas-veracruz,126,131118,2026-08-12T19:40:00,4,2D,SUBTITULADA,Tradicional,insaciable
cinepolis-las-americas-veracruz,126,128853,2026-08-12T19:00:00,5,2D,SUBTITULADA,Tradicional,katseye-wild-hearts-en-cines
cinepolis-las-americas-veracruz,126,129785,2026-08-12T21:10:00,5,2D,SUBTITULADA,Tradicional,katseye-wild-hearts-en-cines
cinepolis-las-americas-veracruz,126,129786,2026-08-15T12:00:00,1,2D,SUBTITULADA,Tradicional,katseye-wild-hearts-en-cines
cinepolis-las-americas-veracruz,126,128854,2026-08-15T12:00:00,5,2D,SUBTITULADA,Tradicional,katseye-wild-hearts-en-cines
cinepolis-las-americas-veracruz,126,130582,2026-09-02T18:05:00,4,2D,SUBTITULADA,Tradicional,katy-perry-the-lifetimes-tour-en-vivo
cinepolis-las-americas-veracruz,126,130583,2026-09-05T14:55:00,4,2D,SUBTITULADA,Tradicional,katy-perry-the-lifetimes-tour-en-vivo
cinepolis-las-americas-veracruz,126,130965,2026-08-07T13:45:00,7,2D,ESPAÑOL,Tradicional,la-muerte-de-robin-hood
cinepolis-las-americas-veracruz,126,130966,2026-08-07T16:25:00,7,2D,ESPAÑOL,Tradicional,la-muerte-de-robin-hood
cinepolis-las-americas-veracruz,126,130967,2026-08-07T19:20:00,7,2D,SUBTITULADA,Tradicional,la-muerte-de-robin-hood
cinepolis-las-americas-veracruz,126,130968,2026-08-07T21:50:00,7,2D,SUBTITULADA,Tradicional,la-muerte-de-robin-hood
cinepolis-las-americas-veracruz,126,130893,2026-08-08T11:15:00,7,2D,ESPAÑOL,Tradicional,la-muerte-de-robin-hood
cinepolis-las-americas-veracruz,126,130894,2026-08-08T14:00:00,7,2D,ESPAÑOL,Tradicional,la-muerte-de-robin-hood
cinepolis-las-americas-veracruz,126,130895,2026-08-08T17:00:00,7,2D,ESPAÑOL,Tradicional,la-muerte-de-robin-hood
cinepolis-las-americas-veracruz,126,130896,2026-08-08T19:30:00,7,2D,SUBTITULADA,Tradicional,la-muerte-de-robin-hood
cinepolis-las-americas-veracruz,126,131182,2026-08-09T11:15:00,7,2D,ESPAÑOL,Tradicional,la-muerte-de-robin-hood
cinepolis-las-americas-veracruz,126,131183,2026-08-09T14:00:00,7,2D,ESPAÑOL,Tradicional,la-muerte-de-robin-hood
cinepolis-las-americas-veracruz,126,131184,2026-08-09T17:00:00,7,2D,ESPAÑOL,Tradicional,la-muerte-de-robin-hood
cinepolis-las-americas-veracruz,126,131185,2026-08-09T19:30:00,7,2D,SUBTITULADA,Tradicional,la-muerte-de-robin-hood
cinepolis-las-americas-veracruz,126,131020,2026-08-10T13:50:00,7,2D,ESPAÑOL,Tradicional,la-muerte-de-robin-hood
cinepolis-las-americas-veracruz,126,131021,2026-08-10T16:25:00,7,2D,ESPAÑOL,Tradicional,la-muerte-de-robin-hood
cinepolis-las-americas-veracruz,126,131022,2026-08-10T19:20:00,7,2D,SUBTITULADA,Tradicional,la-muerte-de-robin-hood
cinepolis-las-americas-veracruz,126,131023,2026-08-10T21:50:00,7,2D,SUBTITULADA,Tradicional,la-muerte-de-robin-hood
cinepolis-las-americas-veracruz,126,131071,2026-08-11T13:50:00,7,2D,ESPAÑOL,Tradicional,la-muerte-de-robin-hood
cinepolis-las-americas-veracruz,126,131072,2026-08-11T16:30:00,7,2D,ESPAÑOL,Tradicional,la-muerte-de-robin-hood
cinepolis-las-americas-veracruz,126,131127,2026-08-12T13:50:00,7,2D,ESPAÑOL,Tradicional,la-muerte-de-robin-hood
cinepolis-las-americas-veracruz,126,131128,2026-08-12T16:20:00,7,2D,ESPAÑOL,Tradicional,la-muerte-de-robin-hood
cinepolis-las-americas-veracruz,126,131129,2026-08-12T19:20:00,7,2D,SUBTITULADA,Tradicional,la-muerte-de-robin-hood
cinepolis-las-americas-veracruz,126,131130,2026-08-12T21:50:00,7,2D,SUBTITULADA,Tradicional,la-muerte-de-robin-hood
cinepolis-las-americas-veracruz,126,130983,2026-08-07T20:50:00,11,2D,SUBTITULADA,Tradicional,la-negociacion
cinepolis-las-americas-veracruz,126,130804,2026-08-08T20:20:00,11,2D,SUBTITULADA,Tradicional,la-negociacion
cinepolis-las-americas-veracruz,126,131201,2026-08-09T20:20:00,11,2D,SUBTITULADA,Tradicional,la-negociacion
cinepolis-las-americas-veracruz,126,131039,2026-08-10T20:50:00,11,2D,SUBTITULADA,Tradicional,la-negociacion
cinepolis-las-americas-veracruz,126,131090,2026-08-11T20:50:00,11,2D,SUBTITULADA,Tradicional,la-negociacion
cinepolis-las-americas-veracruz,126,131143,2026-08-12T20:50:00,11,2D,SUBTITULADA,Tradicional,la-negociacion
cinepolis-las-americas-veracruz,126,130989,2026-08-07T15:45:00,13,2D,ESPAÑOL,Tradicional,la-odisea
cinepolis-las-americas-veracruz,126,130990,2026-08-07T19:30:00,13,2D,ESPAÑOL,Tradicional,la-odisea
cinepolis-las-americas-veracruz,126,130992,2026-08-07T17:00:00,14,2D,SUBTITULADA,IMAX,la-odisea
cinepolis-las-americas-veracruz,126,130993,2026-08-07T20:30:00,14,2D,SUBTITULADA,IMAX,la-odisea
cinepolis-las-americas-veracruz,126,130661,2026-08-08T11:00:00,5,2D,ESPAÑOL,Tradicional,la-odisea
cinepolis-las-americas-veracruz,126,130801,2026-08-08T11:40:00,11,2D,ESPAÑOL,Tradicional,la-odisea
cinepolis-las-americas-veracruz,126,130873,2026-08-08T13:10:00,14,2D,ESPAÑOL,IMAX,la-odisea
cinepolis-las-americas-veracruz,126,130663,2026-08-08T16:40:00,5,2D,ESPAÑOL,Tradicional,la-odisea
cinepolis-las-americas-veracruz,126,130664,2026-08-08T20:10:00,5,2D,ESPAÑOL,Tradicional,la-odisea
cinepolis-las-americas-veracruz,126,130875,2026-08-08T21:00:00,14,2D,ESPAÑOL,IMAX,la-odisea
cinepolis-las-americas-veracruz,126,130933,2026-08-08T17:10:00,14,2D,SUBTITULADA,IMAX,la-odisea
cinepolis-las-americas-veracruz,126,130780,2026-08-08T18:00:00,1,2D,SUBTITULADA,Tradicional,la-odisea
cinepolis-las-americas-veracruz,126,131154,2026-08-08T21:30:00,1,2D,SUBTITULADA,Tradicional,la-odisea
cinepolis-las-americas-veracruz,126,131173,2026-08-09T11:00:00,5,2D,ESPAÑOL,Tradicional,la-odisea
cinepolis-las-americas-veracruz,126,131198,2026-08-09T11:40:00,11,2D,ESPAÑOL,Tradicional,la-odisea
cinepolis-las-americas-veracruz,126,131210,2026-08-09T13:10:00,14,2D,ESPAÑOL,IMAX,la-odisea
cinepolis-las-americas-veracruz,126,131175,2026-08-09T16:40:00,5,2D,ESPAÑOL,Tradicional,la-odisea
cinepolis-las-americas-veracruz,126,131176,2026-08-09T20:10:00,5,2D,ESPAÑOL,Tradicional,la-odisea
cinepolis-las-americas-veracruz,126,131212,2026-08-09T21:00:00,14,2D,ESPAÑOL,IMAX,la-odisea
cinepolis-las-americas-veracruz,126,131211,2026-08-09T17:10:00,14,2D,SUBTITULADA,IMAX,la-odisea
cinepolis-las-americas-veracruz,126,131158,2026-08-09T18:00:00,1,2D,SUBTITULADA,Tradicional,la-odisea
cinepolis-las-americas-veracruz,126,131159,2026-08-09T21:40:00,1,2D,SUBTITULADA,Tradicional,la-odisea
cinepolis-las-americas-veracruz,126,131047,2026-08-10T13:20:00,14,2D,ESPAÑOL,IMAX,la-odisea
cinepolis-las-americas-veracruz,126,131045,2026-08-10T15:45:00,13,2D,ESPAÑOL,Tradicional,la-odisea
cinepolis-las-americas-veracruz,126,131219,2026-08-10T17:00:00,14,2D,ESPAÑOL,IMAX,la-odisea
cinepolis-las-americas-veracruz,126,131046,2026-08-10T19:30:00,13,2D,ESPAÑOL,Tradicional,la-odisea
cinepolis-las-americas-veracruz,126,131049,2026-08-10T20:30:00,14,2D,SUBTITULADA,IMAX,la-odisea
cinepolis-las-americas-veracruz,126,131098,2026-08-11T13:20:00,14,2D,ESPAÑOL,IMAX,la-odisea
cinepolis-las-americas-veracruz,126,131096,2026-08-11T15:45:00,13,2D,ESPAÑOL,Tradicional,la-odisea
cinepolis-las-americas-veracruz,126,131220,2026-08-11T17:00:00,14,2D,ESPAÑOL,IMAX,la-odisea
cinepolis-las-americas-veracruz,126,131097,2026-08-11T19:30:00,13,2D,ESPAÑOL,Tradicional,la-odisea
cinepolis-las-americas-veracruz,126,131100,2026-08-11T20:30:00,14,2D,SUBTITULADA,IMAX,la-odisea
cinepolis-las-americas-veracruz,126,131151,2026-08-12T13:20:00,14,2D,ESPAÑOL,IMAX,la-odisea
cinepolis-las-americas-veracruz,126,131149,2026-08-12T15:45:00,13,2D,ESPAÑOL,Tradicional,la-odisea
cinepolis-las-americas-veracruz,126,131218,2026-08-12T17:00:00,14,2D,ESPAÑOL,IMAX,la-odisea
cinepolis-las-americas-veracruz,126,131150,2026-08-12T19:30:00,13,2D,ESPAÑOL,Tradicional,la-odisea
cinepolis-las-americas-veracruz,126,131153,2026-08-12T20:30:00,14,2D,SUBTITULADA,IMAX,la-odisea
cinepolis-las-americas-veracruz,126,129443,2026-08-15T21:00:00,8,2D,ESPAÑOL,Tradicional,lmd-solo-la-mas-2
cinepolis-las-americas-veracruz,126,130262,2026-08-15T21:00:00,4,2D,ESPAÑOL,Tradicional,lmd-solo-la-mas-2
cinepolis-las-americas-veracruz,126,130263,2026-08-15T21:00:00,12,2D,ESPAÑOL,Tradicional,lmd-solo-la-mas-2
cinepolis-las-americas-veracruz,126,130590,2026-09-03T21:50:00,8,2D,ESPAÑOL,Tradicional,los-mejores-anos-de-nuestra-vida
cinepolis-las-americas-veracruz,126,130589,2026-09-04T21:50:00,8,2D,ESPAÑOL,Tradicional,los-mejores-anos-de-nuestra-vida
cinepolis-las-americas-veracruz,126,130592,2026-09-05T16:45:00,8,2D,ESPAÑOL,Tradicional,los-mejores-anos-de-nuestra-vida
cinepolis-las-americas-veracruz,126,130591,2026-09-06T16:45:00,8,2D,ESPAÑOL,Tradicional,los-mejores-anos-de-nuestra-vida
cinepolis-las-americas-veracruz,126,130587,2026-09-07T21:50:00,8,2D,ESPAÑOL,Tradicional,los-mejores-anos-de-nuestra-vida
cinepolis-las-americas-veracruz,126,130586,2026-09-08T21:50:00,8,2D,ESPAÑOL,Tradicional,los-mejores-anos-de-nuestra-vida
cinepolis-las-americas-veracruz,126,130588,2026-09-09T21:50:00,8,2D,ESPAÑOL,Tradicional,los-mejores-anos-de-nuestra-vida
cinepolis-las-americas-veracruz,126,130957,2026-08-07T14:30:00,5,2D,ESPAÑOL,Tradicional,marsupilami-caos-a-bordo
cinepolis-las-americas-veracruz,126,130778,2026-08-08T13:25:00,1,2D,ESPAÑOL,Tradicional,marsupilami-caos-a-bordo
cinepolis-las-americas-veracruz,126,130779,2026-08-08T15:45:00,1,2D,ESPAÑOL,Tradicional,marsupilami-caos-a-bordo
cinepolis-las-americas-veracruz,126,131156,2026-08-09T13:25:00,1,2D,ESPAÑOL,Tradicional,marsupilami-caos-a-bordo
cinepolis-las-americas-veracruz,126,131157,2026-08-09T15:45:00,1,2D,ESPAÑOL,Tradicional,marsupilami-caos-a-bordo
cinepolis-las-americas-veracruz,126,131011,2026-08-10T12:20:00,5,2D,ESPAÑOL,Tradicional,marsupilami-caos-a-bordo
cinepolis-las-americas-veracruz,126,131012,2026-08-10T14:30:00,5,2D,ESPAÑOL,Tradicional,marsupilami-caos-a-bordo
cinepolis-las-americas-veracruz,126,131064,2026-08-11T12:20:00,5,2D,ESPAÑOL,Tradicional,marsupilami-caos-a-bordo
cinepolis-las-americas-veracruz,126,131065,2026-08-11T14:30:00,5,2D,ESPAÑOL,Tradicional,marsupilami-caos-a-bordo
cinepolis-las-americas-veracruz,126,131120,2026-08-12T12:25:00,5,2D,ESPAÑOL,Tradicional,marsupilami-caos-a-bordo
cinepolis-las-americas-veracruz,126,131121,2026-08-12T14:30:00,5,2D,ESPAÑOL,Tradicional,marsupilami-caos-a-bordo
cinepolis-las-americas-veracruz,126,130958,2026-08-07T16:40:00,5,2D,ESPAÑOL,Tradicional,minions-y-monstruos
cinepolis-las-americas-veracruz,126,130982,2026-08-07T18:20:00,11,2D,ESPAÑOL,Tradicional,minions-y-monstruos
cinepolis-las-americas-veracruz,126,130959,2026-08-07T19:00:00,5,2D,ESPAÑOL,Tradicional,minions-y-monstruos
cinepolis-las-americas-veracruz,126,130777,2026-08-08T11:20:00,1,2D,ESPAÑOL,Tradicional,minions-y-monstruos
cinepolis-las-americas-veracruz,126,130802,2026-08-08T15:15:00,11,2D,ESPAÑOL,Tradicional,minions-y-monstruos
cinepolis-las-americas-veracruz,126,130803,2026-08-08T18:20:00,11,2D,ESPAÑOL,Tradicional,minions-y-monstruos
cinepolis-las-americas-veracruz,126,131155,2026-08-09T11:20:00,1,2D,ESPAÑOL,Tradicional,minions-y-monstruos
cinepolis-las-americas-veracruz,126,131199,2026-08-09T15:15:00,11,2D,ESPAÑOL,Tradicional,minions-y-monstruos
cinepolis-las-americas-veracruz,126,131200,2026-08-09T18:20:00,11,2D,ESPAÑOL,Tradicional,minions-y-monstruos
cinepolis-las-americas-veracruz,126,131013,2026-08-10T16:40:00,5,2D,ESPAÑOL,Tradicional,minions-y-monstruos
cinepolis-las-americas-veracruz,126,131038,2026-08-10T18:20:00,11,2D,ESPAÑOL,Tradicional,minions-y-monstruos
cinepolis-las-americas-veracruz,126,131014,2026-08-10T19:00:00,5,2D,ESPAÑOL,Tradicional,minions-y-monstruos
cinepolis-las-americas-veracruz,126,131066,2026-08-11T16:40:00,5,2D,ESPAÑOL,Tradicional,minions-y-monstruos
cinepolis-las-americas-veracruz,126,131089,2026-08-11T18:20:00,11,2D,ESPAÑOL,Tradicional,minions-y-monstruos
cinepolis-las-americas-veracruz,126,131122,2026-08-12T16:40:00,5,2D,ESPAÑOL,Tradicional,minions-y-monstruos
cinepolis-las-americas-veracruz,126,131142,2026-08-12T18:20:00,11,2D,ESPAÑOL,Tradicional,minions-y-monstruos
cinepolis-las-americas-veracruz,126,128855,2026-08-11T19:00:00,5,2D,SUBTITULADA,Tradicional,nimrods-una-comedia-de-green-day
cinepolis-las-americas-veracruz,126,128856,2026-08-14T19:00:00,5,2D,SUBTITULADA,Tradicional,nimrods-una-comedia-de-green-day
cinepolis-las-americas-veracruz,126,130233,2026-08-12T12:20:00,8,2D,ESPAÑOL,Tradicional,paw-patrol-la-dino-pelicula
cinepolis-las-americas-veracruz,126,130234,2026-08-12T14:20:00,8,2D,ESPAÑOL,Tradicional,paw-patrol-la-dino-pelicula
cinepolis-las-americas-veracruz,126,130235,2026-08-12T16:30:00,8,2D,ESPAÑOL,Tradicional,paw-patrol-la-dino-pelicula
cinepolis-las-americas-veracruz,126,130236,2026-08-12T18:50:00,8,2D,ESPAÑOL,Tradicional,paw-patrol-la-dino-pelicula
cinepolis-las-americas-veracruz,126,130254,2026-08-13T13:50:00,10,2D,ESPAÑOL,Tradicional,paw-patrol-la-dino-pelicula
cinepolis-las-americas-veracruz,126,130255,2026-08-13T16:00:00,10,2D,ESPAÑOL,Tradicional,paw-patrol-la-dino-pelicula
cinepolis-las-americas-veracruz,126,130256,2026-08-13T18:05:00,10,2D,ESPAÑOL,Tradicional,paw-patrol-la-dino-pelicula
cinepolis-las-americas-veracruz,126,130257,2026-08-13T20:15:00,10,2D,ESPAÑOL,Tradicional,paw-patrol-la-dino-pelicula
cinepolis-las-americas-veracruz,126,130258,2026-08-14T13:50:00,10,2D,ESPAÑOL,Tradicional,paw-patrol-la-dino-pelicula
cinepolis-las-americas-veracruz,126,130259,2026-08-14T16:00:00,10,2D,ESPAÑOL,Tradicional,paw-patrol-la-dino-pelicula
cinepolis-las-americas-veracruz,126,130260,2026-08-14T18:05:00,10,2D,ESPAÑOL,Tradicional,paw-patrol-la-dino-pelicula
cinepolis-las-americas-veracruz,126,130261,2026-08-14T20:15:00,10,2D,ESPAÑOL,Tradicional,paw-patrol-la-dino-pelicula
cinepolis-las-americas-veracruz,126,130227,2026-08-15T12:10:00,10,2D,ESPAÑOL,Tradicional,paw-patrol-la-dino-pelicula
cinepolis-las-americas-veracruz,126,130228,2026-08-15T14:15:00,10,2D,ESPAÑOL,Tradicional,paw-patrol-la-dino-pelicula
cinepolis-las-americas-veracruz,126,130229,2026-08-15T16:20:00,10,2D,ESPAÑOL,Tradicional,paw-patrol-la-dino-pelicula
cinepolis-las-americas-veracruz,126,130230,2026-08-15T18:25:00,10,2D,ESPAÑOL,Tradicional,paw-patrol-la-dino-pelicula
cinepolis-las-americas-veracruz,126,130264,2026-08-15T20:30:00,10,2D,ESPAÑOL,Tradicional,paw-patrol-la-dino-pelicula
cinepolis-las-americas-veracruz,126,130237,2026-08-16T12:10:00,10,2D,ESPAÑOL,Tradicional,paw-patrol-la-dino-pelicula
cinepolis-las-americas-veracruz,126,130238,2026-08-16T14:15:00,10,2D,ESPAÑOL,Tradicional,paw-patrol-la-dino-pelicula
cinepolis-las-americas-veracruz,126,130239,2026-08-16T16:20:00,10,2D,ESPAÑOL,Tradicional,paw-patrol-la-dino-pelicula
cinepolis-las-americas-veracruz,126,130240,2026-08-16T18:25:00,10,2D,ESPAÑOL,Tradicional,paw-patrol-la-dino-pelicula
cinepolis-las-americas-veracruz,126,130241,2026-08-16T20:30:00,10,2D,ESPAÑOL,Tradicional,paw-patrol-la-dino-pelicula
cinepolis-las-americas-veracruz,126,130242,2026-08-17T13:50:00,10,2D,ESPAÑOL,Tradicional,paw-patrol-la-dino-pelicula
cinepolis-las-americas-veracruz,126,130243,2026-08-17T16:00:00,10,2D,ESPAÑOL,Tradicional,paw-patrol-la-dino-pelicula
cinepolis-las-americas-veracruz,126,130244,2026-08-17T18:05:00,10,2D,ESPAÑOL,Tradicional,paw-patrol-la-dino-pelicula
cinepolis-las-americas-veracruz,126,130245,2026-08-17T20:15:00,10,2D,ESPAÑOL,Tradicional,paw-patrol-la-dino-pelicula
cinepolis-las-americas-veracruz,126,130246,2026-08-18T13:50:00,10,2D,ESPAÑOL,Tradicional,paw-patrol-la-dino-pelicula
cinepolis-las-americas-veracruz,126,130247,2026-08-18T16:00:00,10,2D,ESPAÑOL,Tradicional,paw-patrol-la-dino-pelicula
cinepolis-las-americas-veracruz,126,130248,2026-08-18T18:05:00,10,2D,ESPAÑOL,Tradicional,paw-patrol-la-dino-pelicula
cinepolis-las-americas-veracruz,126,130249,2026-08-18T20:15:00,10,2D,ESPAÑOL,Tradicional,paw-patrol-la-dino-pelicula
cinepolis-las-americas-veracruz,126,130250,2026-08-19T13:50:00,10,2D,ESPAÑOL,Tradicional,paw-patrol-la-dino-pelicula
cinepolis-las-americas-veracruz,126,130251,2026-08-19T16:00:00,10,2D,ESPAÑOL,Tradicional,paw-patrol-la-dino-pelicula
cinepolis-las-americas-veracruz,126,130252,2026-08-19T18:05:00,10,2D,ESPAÑOL,Tradicional,paw-patrol-la-dino-pelicula
cinepolis-las-americas-veracruz,126,130253,2026-08-19T20:15:00,10,2D,ESPAÑOL,Tradicional,paw-patrol-la-dino-pelicula
cinepolis-las-americas-veracruz,126,130277,2026-08-27T19:25:00,8,2D,ESPAÑOL,Tradicional,sagrado-corazon
cinepolis-las-americas-veracruz,126,130278,2026-08-27T21:40:00,8,2D,ESPAÑOL,Tradicional,sagrado-corazon
cinepolis-las-americas-veracruz,126,130265,2026-08-28T19:25:00,8,2D,ESPAÑOL,Tradicional,sagrado-corazon
cinepolis-las-americas-veracruz,126,130266,2026-08-28T21:40:00,8,2D,ESPAÑOL,Tradicional,sagrado-corazon
cinepolis-las-americas-veracruz,126,130267,2026-08-29T17:05:00,8,2D,ESPAÑOL,Tradicional,sagrado-corazon
cinepolis-las-americas-veracruz,126,130268,2026-08-29T19:30:00,8,2D,ESPAÑOL,Tradicional,sagrado-corazon
cinepolis-las-americas-veracruz,126,130269,2026-08-30T17:05:00,8,2D,ESPAÑOL,Tradicional,sagrado-corazon
cinepolis-las-americas-veracruz,126,130270,2026-08-30T19:30:00,8,2D,ESPAÑOL,Tradicional,sagrado-corazon
cinepolis-las-americas-veracruz,126,130271,2026-08-31T19:25:00,8,2D,ESPAÑOL,Tradicional,sagrado-corazon
cinepolis-las-americas-veracruz,126,130272,2026-08-31T21:40:00,8,2D,ESPAÑOL,Tradicional,sagrado-corazon
cinepolis-las-americas-veracruz,126,130275,2026-09-01T19:25:00,8,2D,ESPAÑOL,Tradicional,sagrado-corazon
cinepolis-las-americas-veracruz,126,130276,2026-09-01T21:40:00,8,2D,ESPAÑOL,Tradicional,sagrado-corazon
cinepolis-las-americas-veracruz,126,130273,2026-09-02T19:25:00,8,2D,ESPAÑOL,Tradicional,sagrado-corazon
cinepolis-las-americas-veracruz,126,130274,2026-09-02T21:40:00,8,2D,ESPAÑOL,Tradicional,sagrado-corazon
cinepolis-las-americas-veracruz,126,130944,2026-08-07T13:30:00,2,2D,ESPAÑOL,Tradicional,spider-man-un-nuevo-dia
cinepolis-las-americas-veracruz,126,130970,2026-08-07T14:15:00,8,2D,ESPAÑOL,Tradicional,spider-man-un-nuevo-dia
cinepolis-las-americas-veracruz,126,130948,2026-08-07T14:40:00,3,2D,ESPAÑOL,Tradicional,spider-man-un-nuevo-dia
cinepolis-las-americas-veracruz,126,130985,2026-08-07T15:05:00,12,2D,ESPAÑOL,Tradicional,spider-man-un-nuevo-dia
cinepolis-las-americas-veracruz,126,130973,2026-08-07T15:30:00,9,2D,ESPAÑOL,Tradicional,spider-man-un-nuevo-dia
cinepolis-las-americas-veracruz,126,130977,2026-08-07T16:10:00,10,2D,ESPAÑOL,Tradicional,spider-man-un-nuevo-dia
cinepolis-las-americas-veracruz,126,130945,2026-08-07T16:50:00,2,2D,ESPAÑOL,Tradicional,spider-man-un-nuevo-dia
cinepolis-las-americas-veracruz,126,130994,2026-08-07T17:20:00,8,2D,ESPAÑOL,Tradicional,spider-man-un-nuevo-dia
cinepolis-las-americas-veracruz,126,130946,2026-08-07T19:50:00,2,2D,ESPAÑOL,Tradicional,spider-man-un-nuevo-dia
cinepolis-las-americas-veracruz,126,130943,2026-08-07T20:15:00,1,2D,ESPAÑOL,Tradicional,spider-man-un-nuevo-dia
cinepolis-las-americas-veracruz,126,130950,2026-08-07T20:40:00,3,2D,ESPAÑOL,Tradicional,spider-man-un-nuevo-dia
cinepolis-las-americas-veracruz,126,130971,2026-08-07T21:00:00,8,2D,ESPAÑOL,Tradicional,spider-man-un-nuevo-dia
cinepolis-las-americas-veracruz,126,130987,2026-08-07T21:20:00,12,2D,ESPAÑOL,Tradicional,spider-man-un-nuevo-dia
cinepolis-las-americas-veracruz,126,130975,2026-08-07T21:40:00,9,2D,ESPAÑOL,Tradicional,spider-man-un-nuevo-dia
cinepolis-las-americas-veracruz,126,130979,2026-08-07T22:10:00,10,2D,ESPAÑOL,Tradicional,spider-man-un-nuevo-dia
cinepolis-las-americas-veracruz,126,130949,2026-08-07T17:40:00,3,2D,SUBTITULADA,Tradicional,spider-man-un-nuevo-dia
cinepolis-las-americas-veracruz,126,130986,2026-08-07T18:10:00,12,2D,SUBTITULADA,Tradicional,spider-man-un-nuevo-dia
cinepolis-las-americas-veracruz,126,130974,2026-08-07T18:40:00,9,2D,SUBTITULADA,Tradicional,spider-man-un-nuevo-dia
cinepolis-las-americas-veracruz,126,130978,2026-08-07T19:10:00,10,3D,SUBTITULADA,Tradicional,spider-man-un-nuevo-dia
cinepolis-las-americas-veracruz,126,130823,2026-08-08T10:50:00,13,2D,ESPAÑOL,Tradicional,spider-man-un-nuevo-dia
cinepolis-las-americas-veracruz,126,130605,2026-08-08T11:10:00,3,2D,ESPAÑOL,Tradicional,spider-man-un-nuevo-dia
cinepolis-las-americas-veracruz,126,130917,2026-08-08T11:30:00,2,2D,ESPAÑOL,Tradicional,spider-man-un-nuevo-dia
cinepolis-las-americas-veracruz,126,130685,2026-08-08T11:55:00,12,2D,ESPAÑOL,Tradicional,spider-man-un-nuevo-dia
cinepolis-las-americas-veracruz,126,130753,2026-08-08T12:20:00,9,2D,ESPAÑOL,Tradicional,spider-man-un-nuevo-dia
cinepolis-las-americas-veracruz,126,130709,2026-08-08T12:50:00,10,3D,ESPAÑOL,Tradicional,spider-man-un-nuevo-dia
cinepolis-las-americas-veracruz,126,130824,2026-08-08T13:50:00,13,2D,ESPAÑOL,Tradicional,spider-man-un-nuevo-dia
cinepolis-las-americas-veracruz,126,130606,2026-08-08T14:20:00,3,2D,ESPAÑOL,Tradicional,spider-man-un-nuevo-dia
cinepolis-las-americas-veracruz,126,130918,2026-08-08T14:40:00,2,2D,ESPAÑOL,Tradicional,spider-man-un-nuevo-dia
cinepolis-las-americas-veracruz,126,130686,2026-08-08T15:00:00,12,2D,ESPAÑOL,Tradicional,spider-man-un-nuevo-dia
cinepolis-las-americas-veracruz,126,130754,2026-08-08T15:30:00,9,2D,ESPAÑOL,Tradicional,spider-man-un-nuevo-dia
cinepolis-las-americas-veracruz,126,130710,2026-08-08T16:10:00,10,2D,ESPAÑOL,Tradicional,spider-man-un-nuevo-dia
cinepolis-las-americas-veracruz,126,130825,2026-08-08T16:50:00,13,2D,ESPAÑOL,Tradicional,spider-man-un-nuevo-dia
cinepolis-las-americas-veracruz,126,130607,2026-08-08T17:30:00,3,2D,ESPAÑOL,Tradicional,spider-man-un-nuevo-dia
cinepolis-las-americas-veracruz,126,130687,2026-08-08T18:10:00,12,2D,ESPAÑOL,Tradicional,spider-man-un-nuevo-dia
cinepolis-las-americas-veracruz,126,130755,2026-08-08T18:40:00,9,2D,ESPAÑOL,Tradicional,spider-man-un-nuevo-dia
cinepolis-las-americas-veracruz,126,130826,2026-08-08T19:50:00,13,2D,ESPAÑOL,Tradicional,spider-man-un-nuevo-dia
cinepolis-las-americas-veracruz,126,130608,2026-08-08T20:30:00,3,2D,ESPAÑOL,Tradicional,spider-man-un-nuevo-dia
cinepolis-las-americas-veracruz,126,130920,2026-08-08T20:50:00,2,2D,ESPAÑOL,Tradicional,spider-man-un-nuevo-dia
cinepolis-las-americas-veracruz,126,130688,2026-08-08T21:10:00,12,2D,ESPAÑOL,Tradicional,spider-man-un-nuevo-dia
cinepolis-las-americas-veracruz,126,130756,2026-08-08T21:40:00,9,2D,ESPAÑOL,Tradicional,spider-man-un-nuevo-dia
cinepolis-las-americas-veracruz,126,130735,2026-08-08T22:00:00,8,2D,ESPAÑOL,Tradicional,spider-man-un-nuevo-dia
cinepolis-las-americas-veracruz,126,130919,2026-08-08T17:50:00,2,2D,SUBTITULADA,Tradicional,spider-man-un-nuevo-dia
cinepolis-las-americas-veracruz,126,130711,2026-08-08T19:10:00,10,3D,SUBTITULADA,Tradicional,spider-man-un-nuevo-dia
cinepolis-las-americas-veracruz,126,130712,2026-08-08T22:10:00,10,2D,SUBTITULADA,Tradicional,spider-man-un-nuevo-dia
cinepolis-las-americas-veracruz,126,131206,2026-08-09T10:50:00,13,2D,ESPAÑOL,Tradicional,spider-man-un-nuevo-dia
cinepolis-las-americas-veracruz,126,131164,2026-08-09T11:10:00,3,2D,ESPAÑOL,Tradicional,spider-man-un-nuevo-dia
cinepolis-las-americas-veracruz,126,131160,2026-08-09T11:30:00,2,2D,ESPAÑOL,Tradicional,spider-man-un-nuevo-dia
cinepolis-las-americas-veracruz,126,131202,2026-08-09T11:55:00,12,2D,ESPAÑOL,Tradicional,spider-man-un-nuevo-dia
cinepolis-las-americas-veracruz,126,131190,2026-08-09T12:20:00,9,2D,ESPAÑOL,Tradicional,spider-man-un-nuevo-dia
cinepolis-las-americas-veracruz,126,131194,2026-08-09T12:50:00,10,3D,ESPAÑOL,Tradicional,spider-man-un-nuevo-dia
cinepolis-las-americas-veracruz,126,131207,2026-08-09T13:50:00,13,2D,ESPAÑOL,Tradicional,spider-man-un-nuevo-dia
cinepolis-las-americas-veracruz,126,131165,2026-08-09T14:20:00,3,2D,ESPAÑOL,Tradicional,spider-man-un-nuevo-dia
cinepolis-las-americas-veracruz,126,131161,2026-08-09T14:40:00,2,2D,ESPAÑOL,Tradicional,spider-man-un-nuevo-dia
cinepolis-las-americas-veracruz,126,131203,2026-08-09T15:00:00,12,2D,ESPAÑOL,Tradicional,spider-man-un-nuevo-dia
cinepolis-las-americas-veracruz,126,131191,2026-08-09T15:30:00,9,2D,ESPAÑOL,Tradicional,spider-man-un-nuevo-dia
cinepolis-las-americas-veracruz,126,131195,2026-08-09T16:10:00,10,2D,ESPAÑOL,Tradicional,spider-man-un-nuevo-dia
cinepolis-las-americas-veracruz,126,131208,2026-08-09T16:50:00,13,2D,ESPAÑOL,Tradicional,spider-man-un-nuevo-dia
cinepolis-las-americas-veracruz,126,131166,2026-08-09T17:30:00,3,2D,ESPAÑOL,Tradicional,spider-man-un-nuevo-dia
cinepolis-las-americas-veracruz,126,131204,2026-08-09T18:10:00,12,2D,ESPAÑOL,Tradicional,spider-man-un-nuevo-dia
cinepolis-las-americas-veracruz,126,131192,2026-08-09T18:40:00,9,2D,ESPAÑOL,Tradicional,spider-man-un-nuevo-dia
cinepolis-las-americas-veracruz,126,131209,2026-08-09T19:50:00,13,2D,ESPAÑOL,Tradicional,spider-man-un-nuevo-dia
cinepolis-las-americas-veracruz,126,131167,2026-08-09T20:30:00,3,2D,ESPAÑOL,Tradicional,spider-man-un-nuevo-dia
cinepolis-las-americas-veracruz,126,131163,2026-08-09T20:50:00,2,2D,ESPAÑOL,Tradicional,spider-man-un-nuevo-dia
cinepolis-las-americas-veracruz,126,131205,2026-08-09T21:10:00,12,2D,ESPAÑOL,Tradicional,spider-man-un-nuevo-dia
cinepolis-las-americas-veracruz,126,131189,2026-08-09T21:30:00,8,2D,ESPAÑOL,Tradicional,spider-man-un-nuevo-dia
cinepolis-las-americas-veracruz,126,131193,2026-08-09T21:50:00,9,2D,ESPAÑOL,Tradicional,spider-man-un-nuevo-dia
cinepolis-las-americas-veracruz,126,131162,2026-08-09T17:50:00,2,2D,SUBTITULADA,Tradicional,spider-man-un-nuevo-dia
cinepolis-las-americas-veracruz,126,131196,2026-08-09T19:10:00,10,3D,SUBTITULADA,Tradicional,spider-man-un-nuevo-dia
cinepolis-las-americas-veracruz,126,131197,2026-08-09T22:10:00,10,2D,SUBTITULADA,Tradicional,spider-man-un-nuevo-dia
cinepolis-las-americas-veracruz,126,131028,2026-08-10T12:30:00,9,2D,ESPAÑOL,Tradicional,spider-man-un-nuevo-dia
cinepolis-las-americas-veracruz,126,131214,2026-08-10T13:00:00,10,2D,ESPAÑOL,Tradicional,spider-man-un-nuevo-dia
cinepolis-las-americas-veracruz,126,130999,2026-08-10T13:30:00,2,2D,ESPAÑOL,Tradicional,spider-man-un-nuevo-dia
cinepolis-las-americas-veracruz,126,131025,2026-08-10T14:15:00,8,2D,ESPAÑOL,Tradicional,spider-man-un-nuevo-dia
cinepolis-las-americas-veracruz,126,131003,2026-08-10T14:40:00,3,2D,ESPAÑOL,Tradicional,spider-man-un-nuevo-dia
cinepolis-las-americas-veracruz,126,131041,2026-08-10T15:05:00,12,2D,ESPAÑOL,Tradicional,spider-man-un-nuevo-dia
cinepolis-las-americas-veracruz,126,131029,2026-08-10T15:30:00,9,2D,ESPAÑOL,Tradicional,spider-man-un-nuevo-dia
cinepolis-las-americas-veracruz,126,131033,2026-08-10T16:10:00,10,2D,ESPAÑOL,Tradicional,spider-man-un-nuevo-dia
cinepolis-las-americas-veracruz,126,131000,2026-08-10T16:50:00,2,2D,ESPAÑOL,Tradicional,spider-man-un-nuevo-dia
cinepolis-las-americas-veracruz,126,131026,2026-08-10T17:20:00,8,2D,ESPAÑOL,Tradicional,spider-man-un-nuevo-dia
cinepolis-las-americas-veracruz,126,131001,2026-08-10T19:50:00,2,2D,ESPAÑOL,Tradicional,spider-man-un-nuevo-dia
cinepolis-las-americas-veracruz,126,130998,2026-08-10T20:15:00,1,2D,ESPAÑOL,Tradicional,spider-man-un-nuevo-dia
cinepolis-las-americas-veracruz,126,131005,2026-08-10T20:40:00,3,2D,ESPAÑOL,Tradicional,spider-man-un-nuevo-dia
cinepolis-las-americas-veracruz,126,131027,2026-08-10T21:00:00,8,2D,ESPAÑOL,Tradicional,spider-man-un-nuevo-dia
cinepolis-las-americas-veracruz,126,131043,2026-08-10T21:20:00,12,2D,ESPAÑOL,Tradicional,spider-man-un-nuevo-dia
cinepolis-las-americas-veracruz,126,131031,2026-08-10T21:40:00,9,2D,ESPAÑOL,Tradicional,spider-man-un-nuevo-dia
cinepolis-las-americas-veracruz,126,131035,2026-08-10T22:10:00,10,2D,ESPAÑOL,Tradicional,spider-man-un-nuevo-dia
cinepolis-las-americas-veracruz,126,131004,2026-08-10T17:40:00,3,2D,SUBTITULADA,Tradicional,spider-man-un-nuevo-dia
cinepolis-las-americas-veracruz,126,131042,2026-08-10T18:10:00,12,2D,SUBTITULADA,Tradicional,spider-man-un-nuevo-dia
cinepolis-las-americas-veracruz,126,131030,2026-08-10T18:40:00,9,2D,SUBTITULADA,Tradicional,spider-man-un-nuevo-dia
cinepolis-las-americas-veracruz,126,131034,2026-08-10T19:10:00,10,3D,SUBTITULADA,Tradicional,spider-man-un-nuevo-dia
cinepolis-las-americas-veracruz,126,131079,2026-08-11T12:30:00,9,2D,ESPAÑOL,Tradicional,spider-man-un-nuevo-dia
cinepolis-las-americas-veracruz,126,131083,2026-08-11T13:00:00,10,3D,ESPAÑOL,Tradicional,spider-man-un-nuevo-dia
cinepolis-las-americas-veracruz,126,131054,2026-08-11T13:30:00,2,2D,ESPAÑOL,Tradicional,spider-man-un-nuevo-dia
cinepolis-las-americas-veracruz,126,131076,2026-08-11T14:15:00,8,2D,ESPAÑOL,Tradicional,spider-man-un-nuevo-dia
cinepolis-las-americas-veracruz,126,131058,2026-08-11T14:40:00,3,2D,ESPAÑOL,Tradicional,spider-man-un-nuevo-dia
cinepolis-las-americas-veracruz,126,131092,2026-08-11T15:05:00,12,2D,ESPAÑOL,Tradicional,spider-man-un-nuevo-dia
cinepolis-las-americas-veracruz,126,131080,2026-08-11T15:30:00,9,2D,ESPAÑOL,Tradicional,spider-man-un-nuevo-dia
cinepolis-las-americas-veracruz,126,131084,2026-08-11T16:10:00,10,2D,ESPAÑOL,Tradicional,spider-man-un-nuevo-dia
cinepolis-las-americas-veracruz,126,131055,2026-08-11T16:50:00,2,2D,ESPAÑOL,Tradicional,spider-man-un-nuevo-dia
cinepolis-las-americas-veracruz,126,131077,2026-08-11T17:20:00,8,2D,ESPAÑOL,Tradicional,spider-man-un-nuevo-dia
cinepolis-las-americas-veracruz,126,131056,2026-08-11T19:50:00,2,2D,ESPAÑOL,Tradicional,spider-man-un-nuevo-dia
cinepolis-las-americas-veracruz,126,131053,2026-08-11T20:15:00,1,2D,ESPAÑOL,Tradicional,spider-man-un-nuevo-dia
cinepolis-las-americas-veracruz,126,131060,2026-08-11T20:40:00,3,2D,ESPAÑOL,Tradicional,spider-man-un-nuevo-dia
cinepolis-las-americas-veracruz,126,131078,2026-08-11T21:00:00,8,2D,ESPAÑOL,Tradicional,spider-man-un-nuevo-dia
cinepolis-las-americas-veracruz,126,131094,2026-08-11T21:20:00,12,2D,ESPAÑOL,Tradicional,spider-man-un-nuevo-dia
cinepolis-las-americas-veracruz,126,131082,2026-08-11T21:40:00,9,2D,ESPAÑOL,Tradicional,spider-man-un-nuevo-dia
cinepolis-las-americas-veracruz,126,131086,2026-08-11T22:10:00,10,2D,ESPAÑOL,Tradicional,spider-man-un-nuevo-dia
cinepolis-las-americas-veracruz,126,131059,2026-08-11T17:40:00,3,2D,SUBTITULADA,Tradicional,spider-man-un-nuevo-dia
cinepolis-las-americas-veracruz,126,131093,2026-08-11T18:10:00,12,2D,SUBTITULADA,Tradicional,spider-man-un-nuevo-dia
cinepolis-las-americas-veracruz,126,131081,2026-08-11T18:40:00,9,2D,SUBTITULADA,Tradicional,spider-man-un-nuevo-dia
cinepolis-las-americas-veracruz,126,131085,2026-08-11T19:10:00,10,3D,SUBTITULADA,Tradicional,spider-man-un-nuevo-dia
cinepolis-las-americas-veracruz,126,131132,2026-08-12T12:30:00,9,2D,ESPAÑOL,Tradicional,spider-man-un-nuevo-dia
cinepolis-las-americas-veracruz,126,131136,2026-08-12T13:00:00,10,3D,ESPAÑOL,Tradicional,spider-man-un-nuevo-dia
cinepolis-las-americas-veracruz,126,131108,2026-08-12T13:30:00,2,2D,ESPAÑOL,Tradicional,spider-man-un-nuevo-dia
cinepolis-las-americas-veracruz,126,131112,2026-08-12T14:40:00,3,2D,ESPAÑOL,Tradicional,spider-man-un-nuevo-dia
cinepolis-las-americas-veracruz,126,131145,2026-08-12T15:05:00,12,2D,ESPAÑOL,Tradicional,spider-man-un-nuevo-dia
cinepolis-las-americas-veracruz,126,131133,2026-08-12T15:30:00,9,2D,ESPAÑOL,Tradicional,spider-man-un-nuevo-dia
cinepolis-las-americas-veracruz,126,131137,2026-08-12T16:10:00,10,2D,ESPAÑOL,Tradicional,spider-man-un-nuevo-dia
cinepolis-las-americas-veracruz,126,131109,2026-08-12T16:50:00,2,2D,ESPAÑOL,Tradicional,spider-man-un-nuevo-dia
cinepolis-las-americas-veracruz,126,131110,2026-08-12T19:50:00,2,2D,ESPAÑOL,Tradicional,spider-man-un-nuevo-dia
cinepolis-las-americas-veracruz,126,131107,2026-08-12T20:15:00,1,2D,ESPAÑOL,Tradicional,spider-man-un-nuevo-dia
cinepolis-las-americas-veracruz,126,131114,2026-08-12T20:40:00,3,2D,ESPAÑOL,Tradicional,spider-man-un-nuevo-dia
cinepolis-las-americas-veracruz,126,131131,2026-08-12T21:00:00,8,2D,ESPAÑOL,Tradicional,spider-man-un-nuevo-dia
cinepolis-las-americas-veracruz,126,131147,2026-08-12T21:20:00,12,2D,ESPAÑOL,Tradicional,spider-man-un-nuevo-dia
cinepolis-las-americas-veracruz,126,131135,2026-08-12T21:40:00,9,2D,ESPAÑOL,Tradicional,spider-man-un-nuevo-dia
cinepolis-las-americas-veracruz,126,131139,2026-08-12T22:10:00,10,2D,ESPAÑOL,Tradicional,spider-man-un-nuevo-dia
cinepolis-las-americas-veracruz,126,131113,2026-08-12T17:40:00,3,2D,SUBTITULADA,Tradicional,spider-man-un-nuevo-dia
cinepolis-las-americas-veracruz,126,131146,2026-08-12T18:10:00,12,2D,SUBTITULADA,Tradicional,spider-man-un-nuevo-dia
cinepolis-las-americas-veracruz,126,131134,2026-08-12T18:40:00,9,2D,SUBTITULADA,Tradicional,spider-man-un-nuevo-dia
cinepolis-las-americas-veracruz,126,131138,2026-08-12T19:10:00,10,3D,SUBTITULADA,Tradicional,spider-man-un-nuevo-dia
cinepolis-las-americas-veracruz,126,130942,2026-08-07T17:55:00,1,2D,ESPAÑOL,Tradicional,toy-story-5
cinepolis-las-americas-veracruz,126,130732,2026-08-08T11:00:00,8,2D,ESPAÑOL,Tradicional,toy-story-5
cinepolis-las-americas-veracruz,126,131186,2026-08-09T11:00:00,8,2D,ESPAÑOL,Tradicional,toy-story-5
cinepolis-las-americas-veracruz,126,130995,2026-08-10T12:40:00,1,2D,ESPAÑOL,Tradicional,toy-story-5
cinepolis-las-americas-veracruz,126,131044,2026-08-10T12:50:00,13,2D,ESPAÑOL,Tradicional,toy-story-5
cinepolis-las-americas-veracruz,126,130997,2026-08-10T17:55:00,1,2D,ESPAÑOL,Tradicional,toy-story-5
cinepolis-las-americas-veracruz,126,131050,2026-08-11T12:40:00,1,2D,ESPAÑOL,Tradicional,toy-story-5
cinepolis-las-americas-veracruz,126,131095,2026-08-11T12:50:00,13,2D,ESPAÑOL,Tradicional,toy-story-5
cinepolis-las-americas-veracruz,126,131052,2026-08-11T17:55:00,1,2D,ESPAÑOL,Tradicional,toy-story-5
cinepolis-las-americas-veracruz,126,131104,2026-08-12T12:40:00,1,2D,ESPAÑOL,Tradicional,toy-story-5
cinepolis-las-americas-veracruz,126,131148,2026-08-12T12:50:00,13,2D,ESPAÑOL,Tradicional,toy-story-5
cinepolis-las-americas-veracruz,126,131106,2026-08-12T17:55:00,1,2D,ESPAÑOL,Tradicional,toy-story-5
cinepolis-las-americas-veracruz,126,130981,2026-08-07T15:40:00,11,2D,ESPAÑOL,Tradicional,tu-corazon-sera-destrozado
cinepolis-las-americas-veracruz,126,130733,2026-08-08T13:15:00,8,2D,ESPAÑOL,Tradicional,tu-corazon-sera-destrozado
cinepolis-las-americas-veracruz,126,130734,2026-08-08T19:15:00,8,2D,ESPAÑOL,Tradicional,tu-corazon-sera-destrozado
cinepolis-las-americas-veracruz,126,131187,2026-08-09T13:15:00,8,2D,ESPAÑOL,Tradicional,tu-corazon-sera-destrozado
cinepolis-las-americas-veracruz,126,131213,2026-08-09T16:00:00,8,2D,ESPAÑOL,Tradicional,tu-corazon-sera-destrozado
cinepolis-las-americas-veracruz,126,131188,2026-08-09T18:45:00,8,2D,ESPAÑOL,Tradicional,tu-corazon-sera-destrozado
cinepolis-las-americas-veracruz,126,131036,2026-08-10T12:50:00,11,2D,ESPAÑOL,Tradicional,tu-corazon-sera-destrozado
cinepolis-las-americas-veracruz,126,131037,2026-08-10T15:35:00,11,2D,ESPAÑOL,Tradicional,tu-corazon-sera-destrozado
cinepolis-las-americas-veracruz,126,131087,2026-08-11T12:50:00,11,2D,ESPAÑOL,Tradicional,tu-corazon-sera-destrozado
cinepolis-las-americas-veracruz,126,131088,2026-08-11T15:35:00,11,2D,ESPAÑOL,Tradicional,tu-corazon-sera-destrozado
cinepolis-las-americas-veracruz,126,131140,2026-08-12T12:50:00,11,2D,ESPAÑOL,Tradicional,tu-corazon-sera-destrozado
cinepolis-las-americas-veracruz,126,131141,2026-08-12T15:35:00,11,2D,ESPAÑOL,Tradicional,tu-corazon-sera-destrozado
cinepolis-vip-las-americas-veracruz,192,45826,2026-08-07T13:30:00,2,2D,SUBTITULADA,Tradicional,el-dia-d-bajo-presion
cinepolis-vip-las-americas-veracruz,192,45828,2026-08-07T19:05:00,2,2D,SUBTITULADA,Tradicional,el-dia-d-bajo-presion
cinepolis-vip-las-americas-veracruz,192,45830,2026-08-08T13:00:00,2,2D,SUBTITULADA,Tradicional,el-dia-d-bajo-presion
cinepolis-vip-las-americas-veracruz,192,45832,2026-08-08T17:00:00,4,2D,SUBTITULADA,Tradicional,el-dia-d-bajo-presion
cinepolis-vip-las-americas-veracruz,192,45917,2026-08-09T13:00:00,2,2D,SUBTITULADA,Tradicional,el-dia-d-bajo-presion
cinepolis-vip-las-americas-veracruz,192,45925,2026-08-09T17:00:00,4,2D,SUBTITULADA,Tradicional,el-dia-d-bajo-presion
cinepolis-vip-las-americas-veracruz,192,45894,2026-08-10T13:30:00,2,2D,SUBTITULADA,Tradicional,el-dia-d-bajo-presion
cinepolis-vip-las-americas-veracruz,192,45896,2026-08-10T19:05:00,2,2D,SUBTITULADA,Tradicional,el-dia-d-bajo-presion
cinepolis-vip-las-americas-veracruz,192,45991,2026-08-11T13:30:00,2,2D,SUBTITULADA,Tradicional,el-dia-d-bajo-presion
cinepolis-vip-las-americas-veracruz,192,45993,2026-08-11T19:05:00,2,2D,SUBTITULADA,Tradicional,el-dia-d-bajo-presion
cinepolis-vip-las-americas-veracruz,192,45964,2026-08-12T13:30:00,2,2D,SUBTITULADA,Tradicional,el-dia-d-bajo-presion
cinepolis-vip-las-americas-veracruz,192,45967,2026-08-12T19:05:00,2,2D,SUBTITULADA,Tradicional,el-dia-d-bajo-presion
cinepolis-vip-las-americas-veracruz,192,45827,2026-08-07T15:45:00,2,2D,SUBTITULADA,Tradicional,la-muerte-de-robin-hood
cinepolis-vip-las-americas-veracruz,192,45829,2026-08-07T21:30:00,2,2D,SUBTITULADA,Tradicional,la-muerte-de-robin-hood
cinepolis-vip-las-americas-veracruz,192,45870,2026-08-08T15:30:00,3,2D,SUBTITULADA,Tradicional,la-muerte-de-robin-hood
cinepolis-vip-las-americas-veracruz,192,45872,2026-08-08T21:30:00,3,2D,SUBTITULADA,Tradicional,la-muerte-de-robin-hood
cinepolis-vip-las-americas-veracruz,192,45921,2026-08-09T15:30:00,3,2D,SUBTITULADA,Tradicional,la-muerte-de-robin-hood
cinepolis-vip-las-americas-veracruz,192,45923,2026-08-09T21:30:00,3,2D,SUBTITULADA,Tradicional,la-muerte-de-robin-hood
cinepolis-vip-las-americas-veracruz,192,45895,2026-08-10T15:45:00,2,2D,SUBTITULADA,Tradicional,la-muerte-de-robin-hood
cinepolis-vip-las-americas-veracruz,192,45897,2026-08-10T21:30:00,2,2D,SUBTITULADA,Tradicional,la-muerte-de-robin-hood
cinepolis-vip-las-americas-veracruz,192,45992,2026-08-11T15:45:00,2,2D,SUBTITULADA,Tradicional,la-muerte-de-robin-hood
cinepolis-vip-las-americas-veracruz,192,45994,2026-08-11T21:30:00,2,2D,SUBTITULADA,Tradicional,la-muerte-de-robin-hood
cinepolis-vip-las-americas-veracruz,192,45965,2026-08-12T15:45:00,2,2D,SUBTITULADA,Tradicional,la-muerte-de-robin-hood
cinepolis-vip-las-americas-veracruz,192,45966,2026-08-12T21:30:00,2,2D,SUBTITULADA,Tradicional,la-muerte-de-robin-hood
cinepolis-vip-las-americas-veracruz,192,45890,2026-08-07T16:50:00,4,2D,SUBTITULADA,Tradicional,la-odisea
cinepolis-vip-las-americas-veracruz,192,45809,2026-08-07T20:20:00,4,2D,SUBTITULADA,Tradicional,la-odisea
cinepolis-vip-las-americas-veracruz,192,45810,2026-08-08T12:00:00,3,2D,ESPAÑOL,Tradicional,la-odisea
cinepolis-vip-las-americas-veracruz,192,45811,2026-08-08T16:30:00,2,2D,SUBTITULADA,Tradicional,la-odisea
cinepolis-vip-las-americas-veracruz,192,45812,2026-08-08T20:30:00,2,2D,SUBTITULADA,Tradicional,la-odisea
cinepolis-vip-las-americas-veracruz,192,45920,2026-08-09T12:00:00,3,2D,ESPAÑOL,Tradicional,la-odisea
cinepolis-vip-las-americas-veracruz,192,45918,2026-08-09T16:30:00,2,2D,SUBTITULADA,Tradicional,la-odisea
cinepolis-vip-las-americas-veracruz,192,45919,2026-08-09T20:30:00,2,2D,SUBTITULADA,Tradicional,la-odisea
cinepolis-vip-las-americas-veracruz,192,45902,2026-08-10T13:15:00,4,2D,ESPAÑOL,Tradicional,la-odisea
cinepolis-vip-las-americas-veracruz,192,45903,2026-08-10T16:50:00,4,2D,SUBTITULADA,Tradicional,la-odisea
cinepolis-vip-las-americas-veracruz,192,45904,2026-08-10T20:20:00,4,2D,SUBTITULADA,Tradicional,la-odisea
cinepolis-vip-las-americas-veracruz,192,45999,2026-08-11T13:15:00,4,2D,ESPAÑOL,Tradicional,la-odisea
cinepolis-vip-las-americas-veracruz,192,46000,2026-08-11T16:50:00,4,2D,SUBTITULADA,Tradicional,la-odisea
cinepolis-vip-las-americas-veracruz,192,46001,2026-08-11T20:20:00,4,2D,SUBTITULADA,Tradicional,la-odisea
cinepolis-vip-las-americas-veracruz,192,45951,2026-08-12T13:15:00,4,2D,ESPAÑOL,Tradicional,la-odisea
cinepolis-vip-las-americas-veracruz,192,45952,2026-08-12T16:50:00,4,2D,SUBTITULADA,Tradicional,la-odisea
cinepolis-vip-las-americas-veracruz,192,45953,2026-08-12T20:20:00,4,2D,SUBTITULADA,Tradicional,la-odisea
cinepolis-vip-las-americas-veracruz,192,46005,2026-08-15T21:00:00,4,2D,ESPAÑOL,Tradicional,lmd-solo-la-mas-2
cinepolis-vip-las-americas-veracruz,192,45723,2026-08-15T21:00:00,1,2D,ESPAÑOL,Tradicional,lmd-solo-la-mas-2
cinepolis-vip-las-americas-veracruz,192,45849,2026-08-07T14:30:00,1,2D,ESPAÑOL,Tradicional,spider-man-un-nuevo-dia
cinepolis-vip-las-americas-veracruz,192,45888,2026-08-07T16:15:00,5,2D,ESPAÑOL,Tradicional,spider-man-un-nuevo-dia
cinepolis-vip-las-americas-veracruz,192,45887,2026-08-07T18:35:00,3,2D,ESPAÑOL,Tradicional,spider-man-un-nuevo-dia
cinepolis-vip-las-americas-veracruz,192,45886,2026-08-07T19:40:00,5,2D,ESPAÑOL,Tradicional,spider-man-un-nuevo-dia
cinepolis-vip-las-americas-veracruz,192,45869,2026-08-07T22:00:00,3,2D,ESPAÑOL,Tradicional,spider-man-un-nuevo-dia
cinepolis-vip-las-americas-veracruz,192,45867,2026-08-07T15:15:00,3,3D,SUBTITULADA,Tradicional,spider-man-un-nuevo-dia
cinepolis-vip-las-americas-veracruz,192,45850,2026-08-07T17:45:00,1,2D,SUBTITULADA,Tradicional,spider-man-un-nuevo-dia
cinepolis-vip-las-americas-veracruz,192,45851,2026-08-07T20:50:00,1,2D,SUBTITULADA,Tradicional,spider-man-un-nuevo-dia
cinepolis-vip-las-americas-veracruz,192,45910,2026-08-08T11:30:00,5,2D,ESPAÑOL,Tradicional,spider-man-un-nuevo-dia
cinepolis-vip-las-americas-veracruz,192,45912,2026-08-08T13:30:00,4,2D,ESPAÑOL,Tradicional,spider-man-un-nuevo-dia
cinepolis-vip-las-americas-veracruz,192,45792,2026-08-08T14:30:00,5,3D,ESPAÑOL,Tradicional,spider-man-un-nuevo-dia
cinepolis-vip-las-americas-veracruz,192,45852,2026-08-08T16:00:00,1,2D,ESPAÑOL,Tradicional,spider-man-un-nuevo-dia
cinepolis-vip-las-americas-veracruz,192,45909,2026-08-08T17:30:00,5,2D,ESPAÑOL,Tradicional,spider-man-un-nuevo-dia
cinepolis-vip-las-americas-veracruz,192,45911,2026-08-08T20:00:00,4,2D,ESPAÑOL,Tradicional,spider-man-un-nuevo-dia
cinepolis-vip-las-americas-veracruz,192,45794,2026-08-08T21:00:00,5,2D,ESPAÑOL,Tradicional,spider-man-un-nuevo-dia
cinepolis-vip-las-americas-veracruz,192,45871,2026-08-08T12:30:00,1,2D,SUBTITULADA,Tradicional,spider-man-un-nuevo-dia
cinepolis-vip-las-americas-veracruz,192,45793,2026-08-08T18:15:00,3,3D,SUBTITULADA,Tradicional,spider-man-un-nuevo-dia
cinepolis-vip-las-americas-veracruz,192,45853,2026-08-08T19:00:00,1,2D,SUBTITULADA,Tradicional,spider-man-un-nuevo-dia
cinepolis-vip-las-americas-veracruz,192,45854,2026-08-08T22:00:00,1,2D,SUBTITULADA,Tradicional,spider-man-un-nuevo-dia
cinepolis-vip-las-americas-veracruz,192,45927,2026-08-09T11:30:00,5,2D,ESPAÑOL,Tradicional,spider-man-un-nuevo-dia
cinepolis-vip-las-americas-veracruz,192,45924,2026-08-09T13:30:00,4,2D,ESPAÑOL,Tradicional,spider-man-un-nuevo-dia
cinepolis-vip-las-americas-veracruz,192,45928,2026-08-09T14:30:00,5,3D,ESPAÑOL,Tradicional,spider-man-un-nuevo-dia
cinepolis-vip-las-americas-veracruz,192,45914,2026-08-09T16:00:00,1,2D,ESPAÑOL,Tradicional,spider-man-un-nuevo-dia
cinepolis-vip-las-americas-veracruz,192,45929,2026-08-09T17:30:00,5,2D,ESPAÑOL,Tradicional,spider-man-un-nuevo-dia
cinepolis-vip-las-americas-veracruz,192,45926,2026-08-09T20:00:00,4,2D,ESPAÑOL,Tradicional,spider-man-un-nuevo-dia
cinepolis-vip-las-americas-veracruz,192,45930,2026-08-09T21:00:00,5,2D,ESPAÑOL,Tradicional,spider-man-un-nuevo-dia
cinepolis-vip-las-americas-veracruz,192,45913,2026-08-09T12:30:00,1,2D,SUBTITULADA,Tradicional,spider-man-un-nuevo-dia
cinepolis-vip-las-americas-veracruz,192,45922,2026-08-09T18:15:00,3,3D,SUBTITULADA,Tradicional,spider-man-un-nuevo-dia
cinepolis-vip-las-americas-veracruz,192,45915,2026-08-09T19:00:00,1,2D,SUBTITULADA,Tradicional,spider-man-un-nuevo-dia
cinepolis-vip-las-americas-veracruz,192,45916,2026-08-09T22:00:00,1,2D,SUBTITULADA,Tradicional,spider-man-un-nuevo-dia
cinepolis-vip-las-americas-veracruz,192,45905,2026-08-10T12:50:00,5,2D,ESPAÑOL,Tradicional,spider-man-un-nuevo-dia
cinepolis-vip-las-americas-veracruz,192,45891,2026-08-10T14:30:00,1,2D,ESPAÑOL,Tradicional,spider-man-un-nuevo-dia
cinepolis-vip-las-americas-veracruz,192,45906,2026-08-10T16:15:00,5,2D,ESPAÑOL,Tradicional,spider-man-un-nuevo-dia
cinepolis-vip-las-americas-veracruz,192,45900,2026-08-10T18:35:00,3,2D,ESPAÑOL,Tradicional,spider-man-un-nuevo-dia
cinepolis-vip-las-americas-veracruz,192,45907,2026-08-10T19:40:00,5,2D,ESPAÑOL,Tradicional,spider-man-un-nuevo-dia
cinepolis-vip-las-americas-veracruz,192,45901,2026-08-10T22:00:00,3,2D,ESPAÑOL,Tradicional,spider-man-un-nuevo-dia
cinepolis-vip-las-americas-veracruz,192,45899,2026-08-10T15:15:00,3,3D,SUBTITULADA,Tradicional,spider-man-un-nuevo-dia
cinepolis-vip-las-americas-veracruz,192,45892,2026-08-10T17:45:00,1,2D,SUBTITULADA,Tradicional,spider-man-un-nuevo-dia
cinepolis-vip-las-americas-veracruz,192,45893,2026-08-10T20:50:00,1,2D,SUBTITULADA,Tradicional,spider-man-un-nuevo-dia
cinepolis-vip-las-americas-veracruz,192,46002,2026-08-11T12:50:00,5,2D,ESPAÑOL,Tradicional,spider-man-un-nuevo-dia
cinepolis-vip-las-americas-veracruz,192,45988,2026-08-11T14:30:00,1,2D,ESPAÑOL,Tradicional,spider-man-un-nuevo-dia
cinepolis-vip-las-americas-veracruz,192,46003,2026-08-11T16:15:00,5,2D,ESPAÑOL,Tradicional,spider-man-un-nuevo-dia
cinepolis-vip-las-americas-veracruz,192,45997,2026-08-11T18:35:00,3,2D,ESPAÑOL,Tradicional,spider-man-un-nuevo-dia
cinepolis-vip-las-americas-veracruz,192,46004,2026-08-11T19:40:00,5,2D,ESPAÑOL,Tradicional,spider-man-un-nuevo-dia
cinepolis-vip-las-americas-veracruz,192,45998,2026-08-11T22:00:00,3,2D,ESPAÑOL,Tradicional,spider-man-un-nuevo-dia
cinepolis-vip-las-americas-veracruz,192,45996,2026-08-11T15:15:00,3,3D,SUBTITULADA,Tradicional,spider-man-un-nuevo-dia
cinepolis-vip-las-americas-veracruz,192,45989,2026-08-11T17:45:00,1,2D,SUBTITULADA,Tradicional,spider-man-un-nuevo-dia
cinepolis-vip-las-americas-veracruz,192,45990,2026-08-11T20:50:00,1,2D,SUBTITULADA,Tradicional,spider-man-un-nuevo-dia
cinepolis-vip-las-americas-veracruz,192,45940,2026-08-12T12:50:00,5,2D,ESPAÑOL,Tradicional,spider-man-un-nuevo-dia
cinepolis-vip-las-americas-veracruz,192,45974,2026-08-12T14:30:00,1,2D,ESPAÑOL,Tradicional,spider-man-un-nuevo-dia
cinepolis-vip-las-americas-veracruz,192,45941,2026-08-12T16:15:00,5,2D,ESPAÑOL,Tradicional,spider-man-un-nuevo-dia
cinepolis-vip-las-americas-veracruz,192,45986,2026-08-12T18:35:00,3,2D,ESPAÑOL,Tradicional,spider-man-un-nuevo-dia
cinepolis-vip-las-americas-veracruz,192,45942,2026-08-12T19:40:00,5,2D,ESPAÑOL,Tradicional,spider-man-un-nuevo-dia
cinepolis-vip-las-americas-veracruz,192,45987,2026-08-12T22:00:00,3,2D,ESPAÑOL,Tradicional,spider-man-un-nuevo-dia
cinepolis-vip-las-americas-veracruz,192,45985,2026-08-12T15:15:00,3,3D,SUBTITULADA,Tradicional,spider-man-un-nuevo-dia
cinepolis-vip-las-americas-veracruz,192,45975,2026-08-12T17:45:00,1,2D,SUBTITULADA,Tradicional,spider-man-un-nuevo-dia
cinepolis-vip-las-americas-veracruz,192,45976,2026-08-12T20:50:00,1,2D,SUBTITULADA,Tradicional,spider-man-un-nuevo-dia
cinepolis-el-dorado-coatzacoalcos,635,50532,2026-08-07T13:40:00,2,2D,ESPAÑOL,Tradicional,la-muerte-de-robin-hood
cinepolis-el-dorado-coatzacoalcos,635,50533,2026-08-07T16:50:00,2,2D,ESPAÑOL,Tradicional,la-muerte-de-robin-hood
cinepolis-el-dorado-coatzacoalcos,635,50534,2026-08-07T19:30:00,2,2D,ESPAÑOL,Tradicional,la-muerte-de-robin-hood
cinepolis-el-dorado-coatzacoalcos,635,50535,2026-08-07T22:20:00,2,2D,ESPAÑOL,Tradicional,la-muerte-de-robin-hood
cinepolis-el-dorado-coatzacoalcos,635,50536,2026-08-08T11:30:00,2,2D,ESPAÑOL,Tradicional,la-muerte-de-robin-hood
cinepolis-el-dorado-coatzacoalcos,635,50537,2026-08-08T14:15:00,2,2D,ESPAÑOL,Tradicional,la-muerte-de-robin-hood
cinepolis-el-dorado-coatzacoalcos,635,50538,2026-08-08T16:50:00,2,2D,ESPAÑOL,Tradicional,la-muerte-de-robin-hood
cinepolis-el-dorado-coatzacoalcos,635,50539,2026-08-08T19:35:00,2,2D,ESPAÑOL,Tradicional,la-muerte-de-robin-hood
cinepolis-el-dorado-coatzacoalcos,635,50540,2026-08-08T22:15:00,2,2D,ESPAÑOL,Tradicional,la-muerte-de-robin-hood
cinepolis-el-dorado-coatzacoalcos,635,50541,2026-08-09T11:30:00,2,2D,ESPAÑOL,Tradicional,la-muerte-de-robin-hood
cinepolis-el-dorado-coatzacoalcos,635,50542,2026-08-09T14:15:00,2,2D,ESPAÑOL,Tradicional,la-muerte-de-robin-hood
cinepolis-el-dorado-coatzacoalcos,635,50543,2026-08-09T16:50:00,2,2D,ESPAÑOL,Tradicional,la-muerte-de-robin-hood
cinepolis-el-dorado-coatzacoalcos,635,50544,2026-08-09T19:35:00,2,2D,ESPAÑOL,Tradicional,la-muerte-de-robin-hood
cinepolis-el-dorado-coatzacoalcos,635,50547,2026-08-10T13:40:00,2,2D,ESPAÑOL,Tradicional,la-muerte-de-robin-hood
cinepolis-el-dorado-coatzacoalcos,635,50548,2026-08-10T16:50:00,2,2D,ESPAÑOL,Tradicional,la-muerte-de-robin-hood
cinepolis-el-dorado-coatzacoalcos,635,50549,2026-08-10T19:30:00,2,2D,ESPAÑOL,Tradicional,la-muerte-de-robin-hood
cinepolis-el-dorado-coatzacoalcos,635,50550,2026-08-10T22:20:00,2,2D,ESPAÑOL,Tradicional,la-muerte-de-robin-hood
cinepolis-el-dorado-coatzacoalcos,635,50552,2026-08-12T13:40:00,2,2D,ESPAÑOL,Tradicional,la-muerte-de-robin-hood
cinepolis-el-dorado-coatzacoalcos,635,50553,2026-08-12T16:50:00,2,2D,ESPAÑOL,Tradicional,la-muerte-de-robin-hood
cinepolis-el-dorado-coatzacoalcos,635,50554,2026-08-12T19:25:00,2,2D,ESPAÑOL,Tradicional,la-muerte-de-robin-hood
cinepolis-el-dorado-coatzacoalcos,635,50555,2026-08-12T22:20:00,2,2D,ESPAÑOL,Tradicional,la-muerte-de-robin-hood
cinepolis-el-dorado-coatzacoalcos,635,50563,2026-08-07T20:20:00,5,2D,ESPAÑOL,Tradicional,la-odisea
cinepolis-el-dorado-coatzacoalcos,635,50566,2026-08-08T17:05:00,5,2D,ESPAÑOL,Tradicional,la-odisea
cinepolis-el-dorado-coatzacoalcos,635,50592,2026-08-08T21:55:00,3,2D,ESPAÑOL,Tradicional,la-odisea
cinepolis-el-dorado-coatzacoalcos,635,50570,2026-08-09T17:05:00,5,2D,ESPAÑOL,Tradicional,la-odisea
cinepolis-el-dorado-coatzacoalcos,635,50598,2026-08-10T12:00:00,3,2D,ESPAÑOL,Tradicional,la-odisea
cinepolis-el-dorado-coatzacoalcos,635,50575,2026-08-10T20:20:00,5,2D,ESPAÑOL,Tradicional,la-odisea
cinepolis-el-dorado-coatzacoalcos,635,50579,2026-08-12T20:15:00,5,2D,ESPAÑOL,Tradicional,la-odisea
cinepolis-el-dorado-coatzacoalcos,635,50564,2026-08-08T11:05:00,5,2D,ESPAÑOL,Tradicional,moana-live-action
cinepolis-el-dorado-coatzacoalcos,635,50568,2026-08-09T11:05:00,5,2D,ESPAÑOL,Tradicional,moana-live-action
cinepolis-el-dorado-coatzacoalcos,635,50576,2026-08-12T11:35:00,5,2D,ESPAÑOL,Tradicional,moana-live-action
cinepolis-el-dorado-coatzacoalcos,635,50307,2026-08-12T12:05:00,3,2D,ESPAÑOL,Tradicional,paw-patrol-la-dino-pelicula
cinepolis-el-dorado-coatzacoalcos,635,50308,2026-08-12T14:20:00,3,2D,ESPAÑOL,Tradicional,paw-patrol-la-dino-pelicula
cinepolis-el-dorado-coatzacoalcos,635,50309,2026-08-12T16:35:00,3,2D,ESPAÑOL,Tradicional,paw-patrol-la-dino-pelicula
cinepolis-el-dorado-coatzacoalcos,635,50310,2026-08-12T18:50:00,3,2D,ESPAÑOL,Tradicional,paw-patrol-la-dino-pelicula
cinepolis-el-dorado-coatzacoalcos,635,50326,2026-08-13T12:30:00,5,2D,ESPAÑOL,Tradicional,paw-patrol-la-dino-pelicula
cinepolis-el-dorado-coatzacoalcos,635,50327,2026-08-13T14:30:00,5,2D,ESPAÑOL,Tradicional,paw-patrol-la-dino-pelicula
cinepolis-el-dorado-coatzacoalcos,635,50328,2026-08-13T16:30:00,5,2D,ESPAÑOL,Tradicional,paw-patrol-la-dino-pelicula
cinepolis-el-dorado-coatzacoalcos,635,50329,2026-08-13T18:30:00,5,2D,ESPAÑOL,Tradicional,paw-patrol-la-dino-pelicula
cinepolis-el-dorado-coatzacoalcos,635,50330,2026-08-13T20:30:00,5,2D,ESPAÑOL,Tradicional,paw-patrol-la-dino-pelicula
cinepolis-el-dorado-coatzacoalcos,635,50331,2026-08-14T12:30:00,5,2D,ESPAÑOL,Tradicional,paw-patrol-la-dino-pelicula
cinepolis-el-dorado-coatzacoalcos,635,50332,2026-08-14T14:30:00,5,2D,ESPAÑOL,Tradicional,paw-patrol-la-dino-pelicula
cinepolis-el-dorado-coatzacoalcos,635,50333,2026-08-14T16:30:00,5,2D,ESPAÑOL,Tradicional,paw-patrol-la-dino-pelicula
cinepolis-el-dorado-coatzacoalcos,635,50334,2026-08-14T18:30:00,5,2D,ESPAÑOL,Tradicional,paw-patrol-la-dino-pelicula
cinepolis-el-dorado-coatzacoalcos,635,50335,2026-08-14T20:30:00,5,2D,ESPAÑOL,Tradicional,paw-patrol-la-dino-pelicula
cinepolis-el-dorado-coatzacoalcos,635,50336,2026-08-15T11:55:00,5,2D,ESPAÑOL,Tradicional,paw-patrol-la-dino-pelicula
cinepolis-el-dorado-coatzacoalcos,635,50337,2026-08-15T14:05:00,5,2D,ESPAÑOL,Tradicional,paw-patrol-la-dino-pelicula
cinepolis-el-dorado-coatzacoalcos,635,50338,2026-08-15T16:15:00,5,2D,ESPAÑOL,Tradicional,paw-patrol-la-dino-pelicula
cinepolis-el-dorado-coatzacoalcos,635,50339,2026-08-15T18:20:00,5,2D,ESPAÑOL,Tradicional,paw-patrol-la-dino-pelicula
cinepolis-el-dorado-coatzacoalcos,635,50340,2026-08-15T20:25:00,5,2D,ESPAÑOL,Tradicional,paw-patrol-la-dino-pelicula
cinepolis-el-dorado-coatzacoalcos,635,50341,2026-08-16T11:55:00,5,2D,ESPAÑOL,Tradicional,paw-patrol-la-dino-pelicula
cinepolis-el-dorado-coatzacoalcos,635,50342,2026-08-16T14:05:00,5,2D,ESPAÑOL,Tradicional,paw-patrol-la-dino-pelicula
cinepolis-el-dorado-coatzacoalcos,635,50343,2026-08-16T16:15:00,5,2D,ESPAÑOL,Tradicional,paw-patrol-la-dino-pelicula
cinepolis-el-dorado-coatzacoalcos,635,50344,2026-08-16T18:20:00,5,2D,ESPAÑOL,Tradicional,paw-patrol-la-dino-pelicula
cinepolis-el-dorado-coatzacoalcos,635,50345,2026-08-16T20:25:00,5,2D,ESPAÑOL,Tradicional,paw-patrol-la-dino-pelicula
cinepolis-el-dorado-coatzacoalcos,635,50311,2026-08-17T12:30:00,5,2D,ESPAÑOL,Tradicional,paw-patrol-la-dino-pelicula
cinepolis-el-dorado-coatzacoalcos,635,50312,2026-08-17T14:30:00,5,2D,ESPAÑOL,Tradicional,paw-patrol-la-dino-pelicula
cinepolis-el-dorado-coatzacoalcos,635,50313,2026-08-17T16:30:00,5,2D,ESPAÑOL,Tradicional,paw-patrol-la-dino-pelicula
cinepolis-el-dorado-coatzacoalcos,635,50314,2026-08-17T18:30:00,5,2D,ESPAÑOL,Tradicional,paw-patrol-la-dino-pelicula
cinepolis-el-dorado-coatzacoalcos,635,50315,2026-08-17T20:30:00,5,2D,ESPAÑOL,Tradicional,paw-patrol-la-dino-pelicula
cinepolis-el-dorado-coatzacoalcos,635,50316,2026-08-18T12:30:00,5,2D,ESPAÑOL,Tradicional,paw-patrol-la-dino-pelicula
cinepolis-el-dorado-coatzacoalcos,635,50317,2026-08-18T14:30:00,5,2D,ESPAÑOL,Tradicional,paw-patrol-la-dino-pelicula
cinepolis-el-dorado-coatzacoalcos,635,50318,2026-08-18T16:30:00,5,2D,ESPAÑOL,Tradicional,paw-patrol-la-dino-pelicula
cinepolis-el-dorado-coatzacoalcos,635,50319,2026-08-18T18:30:00,5,2D,ESPAÑOL,Tradicional,paw-patrol-la-dino-pelicula
cinepolis-el-dorado-coatzacoalcos,635,50320,2026-08-18T20:30:00,5,2D,ESPAÑOL,Tradicional,paw-patrol-la-dino-pelicula
cinepolis-el-dorado-coatzacoalcos,635,50321,2026-08-19T12:30:00,5,2D,ESPAÑOL,Tradicional,paw-patrol-la-dino-pelicula
cinepolis-el-dorado-coatzacoalcos,635,50322,2026-08-19T14:30:00,5,2D,ESPAÑOL,Tradicional,paw-patrol-la-dino-pelicula
cinepolis-el-dorado-coatzacoalcos,635,50323,2026-08-19T16:30:00,5,2D,ESPAÑOL,Tradicional,paw-patrol-la-dino-pelicula
cinepolis-el-dorado-coatzacoalcos,635,50324,2026-08-19T18:30:00,5,2D,ESPAÑOL,Tradicional,paw-patrol-la-dino-pelicula
cinepolis-el-dorado-coatzacoalcos,635,50325,2026-08-19T20:30:00,5,2D,ESPAÑOL,Tradicional,paw-patrol-la-dino-pelicula
cinepolis-el-dorado-coatzacoalcos,635,50561,2026-08-07T14:10:00,5,2D,ESPAÑOL,Tradicional,spider-man-un-nuevo-dia
cinepolis-el-dorado-coatzacoalcos,635,50608,2026-08-07T14:50:00,4,2D,ESPAÑOL,Tradicional,spider-man-un-nuevo-dia
cinepolis-el-dorado-coatzacoalcos,635,50585,2026-08-07T15:25:00,3,2D,ESPAÑOL,Tradicional,spider-man-un-nuevo-dia
cinepolis-el-dorado-coatzacoalcos,635,50632,2026-08-07T16:00:00,1,2D,ESPAÑOL,Tradicional,spider-man-un-nuevo-dia
cinepolis-el-dorado-coatzacoalcos,635,50562,2026-08-07T17:15:00,5,2D,ESPAÑOL,Tradicional,spider-man-un-nuevo-dia
cinepolis-el-dorado-coatzacoalcos,635,50609,2026-08-07T17:50:00,4,2D,ESPAÑOL,Tradicional,spider-man-un-nuevo-dia
cinepolis-el-dorado-coatzacoalcos,635,50586,2026-08-07T18:25:00,3,2D,ESPAÑOL,Tradicional,spider-man-un-nuevo-dia
cinepolis-el-dorado-coatzacoalcos,635,50633,2026-08-07T19:05:00,1,3D,ESPAÑOL,Tradicional,spider-man-un-nuevo-dia
cinepolis-el-dorado-coatzacoalcos,635,50610,2026-08-07T21:00:00,4,2D,ESPAÑOL,Tradicional,spider-man-un-nuevo-dia
cinepolis-el-dorado-coatzacoalcos,635,50587,2026-08-07T21:35:00,3,2D,ESPAÑOL,Tradicional,spider-man-un-nuevo-dia
cinepolis-el-dorado-coatzacoalcos,635,50634,2026-08-07T22:10:00,1,2D,ESPAÑOL,Tradicional,spider-man-un-nuevo-dia
cinepolis-el-dorado-coatzacoalcos,635,50611,2026-08-08T11:40:00,4,2D,ESPAÑOL,Tradicional,spider-man-un-nuevo-dia
cinepolis-el-dorado-coatzacoalcos,635,50635,2026-08-08T12:15:00,1,3D,ESPAÑOL,Tradicional,spider-man-un-nuevo-dia
cinepolis-el-dorado-coatzacoalcos,635,50565,2026-08-08T14:00:00,5,2D,ESPAÑOL,Tradicional,spider-man-un-nuevo-dia
cinepolis-el-dorado-coatzacoalcos,635,50612,2026-08-08T14:45:00,4,2D,ESPAÑOL,Tradicional,spider-man-un-nuevo-dia
cinepolis-el-dorado-coatzacoalcos,635,50636,2026-08-08T15:20:00,1,2D,ESPAÑOL,Tradicional,spider-man-un-nuevo-dia
cinepolis-el-dorado-coatzacoalcos,635,50590,2026-08-08T15:50:00,3,2D,ESPAÑOL,Tradicional,spider-man-un-nuevo-dia
cinepolis-el-dorado-coatzacoalcos,635,50613,2026-08-08T17:50:00,4,2D,ESPAÑOL,Tradicional,spider-man-un-nuevo-dia
cinepolis-el-dorado-coatzacoalcos,635,50637,2026-08-08T18:25:00,1,3D,ESPAÑOL,Tradicional,spider-man-un-nuevo-dia
cinepolis-el-dorado-coatzacoalcos,635,50591,2026-08-08T18:55:00,3,2D,ESPAÑOL,Tradicional,spider-man-un-nuevo-dia
cinepolis-el-dorado-coatzacoalcos,635,50567,2026-08-08T20:35:00,5,2D,ESPAÑOL,Tradicional,spider-man-un-nuevo-dia
cinepolis-el-dorado-coatzacoalcos,635,50614,2026-08-08T21:10:00,4,2D,ESPAÑOL,Tradicional,spider-man-un-nuevo-dia
cinepolis-el-dorado-coatzacoalcos,635,50638,2026-08-08T21:40:00,1,2D,ESPAÑOL,Tradicional,spider-man-un-nuevo-dia
cinepolis-el-dorado-coatzacoalcos,635,50615,2026-08-09T11:40:00,4,2D,ESPAÑOL,Tradicional,spider-man-un-nuevo-dia
cinepolis-el-dorado-coatzacoalcos,635,50639,2026-08-09T12:15:00,1,3D,ESPAÑOL,Tradicional,spider-man-un-nuevo-dia
cinepolis-el-dorado-coatzacoalcos,635,50569,2026-08-09T14:00:00,5,2D,ESPAÑOL,Tradicional,spider-man-un-nuevo-dia
cinepolis-el-dorado-coatzacoalcos,635,50616,2026-08-09T14:45:00,4,2D,ESPAÑOL,Tradicional,spider-man-un-nuevo-dia
cinepolis-el-dorado-coatzacoalcos,635,50640,2026-08-09T15:20:00,1,2D,ESPAÑOL,Tradicional,spider-man-un-nuevo-dia
cinepolis-el-dorado-coatzacoalcos,635,50595,2026-08-09T15:50:00,3,2D,ESPAÑOL,Tradicional,spider-man-un-nuevo-dia
cinepolis-el-dorado-coatzacoalcos,635,50617,2026-08-09T17:50:00,4,2D,ESPAÑOL,Tradicional,spider-man-un-nuevo-dia
cinepolis-el-dorado-coatzacoalcos,635,50641,2026-08-09T18:25:00,1,3D,ESPAÑOL,Tradicional,spider-man-un-nuevo-dia
cinepolis-el-dorado-coatzacoalcos,635,50596,2026-08-09T18:55:00,3,2D,ESPAÑOL,Tradicional,spider-man-un-nuevo-dia
cinepolis-el-dorado-coatzacoalcos,635,50571,2026-08-09T20:35:00,5,2D,ESPAÑOL,Tradicional,spider-man-un-nuevo-dia
cinepolis-el-dorado-coatzacoalcos,635,50618,2026-08-09T21:10:00,4,2D,ESPAÑOL,Tradicional,spider-man-un-nuevo-dia
cinepolis-el-dorado-coatzacoalcos,635,50643,2026-08-10T12:50:00,1,3D,ESPAÑOL,Tradicional,spider-man-un-nuevo-dia
cinepolis-el-dorado-coatzacoalcos,635,50573,2026-08-10T14:10:00,5,2D,ESPAÑOL,Tradicional,spider-man-un-nuevo-dia
cinepolis-el-dorado-coatzacoalcos,635,50620,2026-08-10T14:50:00,4,2D,ESPAÑOL,Tradicional,spider-man-un-nuevo-dia
cinepolis-el-dorado-coatzacoalcos,635,50599,2026-08-10T15:25:00,3,2D,ESPAÑOL,Tradicional,spider-man-un-nuevo-dia
cinepolis-el-dorado-coatzacoalcos,635,50644,2026-08-10T16:00:00,1,2D,ESPAÑOL,Tradicional,spider-man-un-nuevo-dia
cinepolis-el-dorado-coatzacoalcos,635,50574,2026-08-10T17:15:00,5,2D,ESPAÑOL,Tradicional,spider-man-un-nuevo-dia
cinepolis-el-dorado-coatzacoalcos,635,50621,2026-08-10T17:50:00,4,2D,ESPAÑOL,Tradicional,spider-man-un-nuevo-dia
cinepolis-el-dorado-coatzacoalcos,635,50600,2026-08-10T18:25:00,3,2D,ESPAÑOL,Tradicional,spider-man-un-nuevo-dia
cinepolis-el-dorado-coatzacoalcos,635,50645,2026-08-10T19:05:00,1,3D,ESPAÑOL,Tradicional,spider-man-un-nuevo-dia
cinepolis-el-dorado-coatzacoalcos,635,50622,2026-08-10T21:00:00,4,2D,ESPAÑOL,Tradicional,spider-man-un-nuevo-dia
cinepolis-el-dorado-coatzacoalcos,635,50601,2026-08-10T21:35:00,3,2D,ESPAÑOL,Tradicional,spider-man-un-nuevo-dia
cinepolis-el-dorado-coatzacoalcos,635,50646,2026-08-10T22:10:00,1,2D,ESPAÑOL,Tradicional,spider-man-un-nuevo-dia
cinepolis-el-dorado-coatzacoalcos,635,50647,2026-08-12T12:45:00,1,3D,ESPAÑOL,Tradicional,spider-man-un-nuevo-dia
cinepolis-el-dorado-coatzacoalcos,635,50577,2026-08-12T14:10:00,5,2D,ESPAÑOL,Tradicional,spider-man-un-nuevo-dia
cinepolis-el-dorado-coatzacoalcos,635,50624,2026-08-12T14:50:00,4,2D,ESPAÑOL,Tradicional,spider-man-un-nuevo-dia
cinepolis-el-dorado-coatzacoalcos,635,50648,2026-08-12T16:00:00,1,2D,ESPAÑOL,Tradicional,spider-man-un-nuevo-dia
cinepolis-el-dorado-coatzacoalcos,635,50578,2026-08-12T17:15:00,5,2D,ESPAÑOL,Tradicional,spider-man-un-nuevo-dia
cinepolis-el-dorado-coatzacoalcos,635,50625,2026-08-12T17:50:00,4,2D,ESPAÑOL,Tradicional,spider-man-un-nuevo-dia
cinepolis-el-dorado-coatzacoalcos,635,50649,2026-08-12T19:05:00,1,3D,ESPAÑOL,Tradicional,spider-man-un-nuevo-dia
cinepolis-el-dorado-coatzacoalcos,635,50626,2026-08-12T21:00:00,4,2D,ESPAÑOL,Tradicional,spider-man-un-nuevo-dia
cinepolis-el-dorado-coatzacoalcos,635,50602,2026-08-12T21:35:00,3,2D,ESPAÑOL,Tradicional,spider-man-un-nuevo-dia
cinepolis-el-dorado-coatzacoalcos,635,50650,2026-08-12T22:10:00,1,2D,ESPAÑOL,Tradicional,spider-man-un-nuevo-dia
cinepolis-el-dorado-coatzacoalcos,635,50588,2026-08-08T11:15:00,3,2D,ESPAÑOL,Tradicional,toy-story-5
cinepolis-el-dorado-coatzacoalcos,635,50589,2026-08-08T13:35:00,3,2D,ESPAÑOL,Tradicional,toy-story-5
cinepolis-el-dorado-coatzacoalcos,635,50593,2026-08-09T11:15:00,3,2D,ESPAÑOL,Tradicional,toy-story-5
cinepolis-el-dorado-coatzacoalcos,635,50594,2026-08-09T13:35:00,3,2D,ESPAÑOL,Tradicional,toy-story-5
cinepolis-el-dorado-coatzacoalcos,635,50619,2026-08-10T12:30:00,4,2D,ESPAÑOL,Tradicional,toy-story-5
cinepolis-el-dorado-coatzacoalcos,635,50551,2026-08-12T11:20:00,2,2D,ESPAÑOL,Tradicional,toy-story-5
cinepolis-el-dorado-coatzacoalcos,635,50623,2026-08-12T12:30:00,4,2D,ESPAÑOL,Tradicional,toy-story-5
cinepolis-acaya-coatzacoalcos,658,77444,2026-08-07T15:10:00,2,2D,SUBTITULADA,Tradicional,el-dia-d-bajo-presion
cinepolis-acaya-coatzacoalcos,658,77445,2026-08-07T17:25:00,2,2D,SUBTITULADA,Tradicional,el-dia-d-bajo-presion
cinepolis-acaya-coatzacoalcos,658,77446,2026-08-07T19:55:00,2,2D,SUBTITULADA,Tradicional,el-dia-d-bajo-presion
cinepolis-acaya-coatzacoalcos,658,77447,2026-08-07T22:10:00,2,2D,SUBTITULADA,Tradicional,el-dia-d-bajo-presion
cinepolis-acaya-coatzacoalcos,658,77377,2026-08-08T12:00:00,4,2D,SUBTITULADA,Tradicional,el-dia-d-bajo-presion
cinepolis-acaya-coatzacoalcos,658,77378,2026-08-08T14:15:00,4,2D,SUBTITULADA,Tradicional,el-dia-d-bajo-presion
cinepolis-acaya-coatzacoalcos,658,77379,2026-08-08T16:30:00,4,2D,SUBTITULADA,Tradicional,el-dia-d-bajo-presion
cinepolis-acaya-coatzacoalcos,658,77380,2026-08-08T18:45:00,4,2D,SUBTITULADA,Tradicional,el-dia-d-bajo-presion
cinepolis-acaya-coatzacoalcos,658,77381,2026-08-08T21:30:00,4,2D,SUBTITULADA,Tradicional,el-dia-d-bajo-presion
cinepolis-acaya-coatzacoalcos,658,77382,2026-08-09T12:00:00,4,2D,SUBTITULADA,Tradicional,el-dia-d-bajo-presion
cinepolis-acaya-coatzacoalcos,658,77383,2026-08-09T14:15:00,4,2D,SUBTITULADA,Tradicional,el-dia-d-bajo-presion
cinepolis-acaya-coatzacoalcos,658,77384,2026-08-09T16:30:00,4,2D,SUBTITULADA,Tradicional,el-dia-d-bajo-presion
cinepolis-acaya-coatzacoalcos,658,77385,2026-08-09T18:45:00,4,2D,SUBTITULADA,Tradicional,el-dia-d-bajo-presion
cinepolis-acaya-coatzacoalcos,658,77386,2026-08-09T21:30:00,4,2D,SUBTITULADA,Tradicional,el-dia-d-bajo-presion
cinepolis-acaya-coatzacoalcos,658,77458,2026-08-10T12:45:00,2,2D,SUBTITULADA,Tradicional,el-dia-d-bajo-presion
cinepolis-acaya-coatzacoalcos,658,77459,2026-08-10T15:10:00,2,2D,SUBTITULADA,Tradicional,el-dia-d-bajo-presion
cinepolis-acaya-coatzacoalcos,658,77460,2026-08-10T17:25:00,2,2D,SUBTITULADA,Tradicional,el-dia-d-bajo-presion
cinepolis-acaya-coatzacoalcos,658,77461,2026-08-10T19:55:00,2,2D,SUBTITULADA,Tradicional,el-dia-d-bajo-presion
cinepolis-acaya-coatzacoalcos,658,77462,2026-08-10T22:10:00,2,2D,SUBTITULADA,Tradicional,el-dia-d-bajo-presion
cinepolis-acaya-coatzacoalcos,658,77554,2026-08-11T12:45:00,2,2D,SUBTITULADA,Tradicional,el-dia-d-bajo-presion
cinepolis-acaya-coatzacoalcos,658,77555,2026-08-11T15:10:00,2,2D,SUBTITULADA,Tradicional,el-dia-d-bajo-presion
cinepolis-acaya-coatzacoalcos,658,77556,2026-08-11T17:25:00,2,2D,SUBTITULADA,Tradicional,el-dia-d-bajo-presion
cinepolis-acaya-coatzacoalcos,658,77557,2026-08-11T19:55:00,2,2D,SUBTITULADA,Tradicional,el-dia-d-bajo-presion
cinepolis-acaya-coatzacoalcos,658,77558,2026-08-11T22:10:00,2,2D,SUBTITULADA,Tradicional,el-dia-d-bajo-presion
cinepolis-acaya-coatzacoalcos,658,77463,2026-08-12T12:45:00,2,2D,SUBTITULADA,Tradicional,el-dia-d-bajo-presion
cinepolis-acaya-coatzacoalcos,658,77464,2026-08-12T15:10:00,2,2D,SUBTITULADA,Tradicional,el-dia-d-bajo-presion
cinepolis-acaya-coatzacoalcos,658,77465,2026-08-12T17:25:00,2,2D,SUBTITULADA,Tradicional,el-dia-d-bajo-presion
cinepolis-acaya-coatzacoalcos,658,77466,2026-08-12T19:55:00,2,2D,SUBTITULADA,Tradicional,el-dia-d-bajo-presion
cinepolis-acaya-coatzacoalcos,658,77467,2026-08-12T22:10:00,2,2D,SUBTITULADA,Tradicional,el-dia-d-bajo-presion
cinepolis-acaya-coatzacoalcos,658,77237,2026-08-27T18:05:00,2,2D,ESPAÑOL,Tradicional,harry-potter-y-la-piedra-filosofal-25
cinepolis-acaya-coatzacoalcos,658,77238,2026-08-27T21:35:00,2,2D,SUBTITULADA,Tradicional,harry-potter-y-la-piedra-filosofal-25
cinepolis-acaya-coatzacoalcos,658,77229,2026-08-28T18:05:00,2,2D,ESPAÑOL,Tradicional,harry-potter-y-la-piedra-filosofal-25
cinepolis-acaya-coatzacoalcos,658,77230,2026-08-28T21:35:00,2,2D,SUBTITULADA,Tradicional,harry-potter-y-la-piedra-filosofal-25
cinepolis-acaya-coatzacoalcos,658,77231,2026-08-29T16:50:00,2,2D,ESPAÑOL,Tradicional,harry-potter-y-la-piedra-filosofal-25
cinepolis-acaya-coatzacoalcos,658,77232,2026-08-29T20:20:00,2,2D,SUBTITULADA,Tradicional,harry-potter-y-la-piedra-filosofal-25
cinepolis-acaya-coatzacoalcos,658,77233,2026-08-30T16:50:00,2,2D,ESPAÑOL,Tradicional,harry-potter-y-la-piedra-filosofal-25
cinepolis-acaya-coatzacoalcos,658,77234,2026-08-30T20:20:00,2,2D,SUBTITULADA,Tradicional,harry-potter-y-la-piedra-filosofal-25
cinepolis-acaya-coatzacoalcos,658,77235,2026-08-31T18:05:00,2,2D,ESPAÑOL,Tradicional,harry-potter-y-la-piedra-filosofal-25
cinepolis-acaya-coatzacoalcos,658,77236,2026-08-31T21:35:00,2,2D,SUBTITULADA,Tradicional,harry-potter-y-la-piedra-filosofal-25
cinepolis-acaya-coatzacoalcos,658,77239,2026-09-01T18:05:00,2,2D,ESPAÑOL,Tradicional,harry-potter-y-la-piedra-filosofal-25
cinepolis-acaya-coatzacoalcos,658,77240,2026-09-01T21:35:00,2,2D,SUBTITULADA,Tradicional,harry-potter-y-la-piedra-filosofal-25
cinepolis-acaya-coatzacoalcos,658,77241,2026-09-02T18:05:00,2,2D,ESPAÑOL,Tradicional,harry-potter-y-la-piedra-filosofal-25
cinepolis-acaya-coatzacoalcos,658,77242,2026-09-02T21:35:00,2,2D,SUBTITULADA,Tradicional,harry-potter-y-la-piedra-filosofal-25
cinepolis-acaya-coatzacoalcos,658,77421,2026-08-07T15:25:00,6,2D,ESPAÑOL,Tradicional,la-muerte-de-robin-hood
cinepolis-acaya-coatzacoalcos,658,77423,2026-08-07T21:30:00,6,2D,ESPAÑOL,Tradicional,la-muerte-de-robin-hood
cinepolis-acaya-coatzacoalcos,658,77422,2026-08-07T18:40:00,6,2D,SUBTITULADA,Tradicional,la-muerte-de-robin-hood
cinepolis-acaya-coatzacoalcos,658,77448,2026-08-08T11:15:00,2,2D,ESPAÑOL,Tradicional,la-muerte-de-robin-hood
cinepolis-acaya-coatzacoalcos,658,77449,2026-08-08T14:30:00,2,2D,ESPAÑOL,Tradicional,la-muerte-de-robin-hood
cinepolis-acaya-coatzacoalcos,658,77450,2026-08-08T17:25:00,2,2D,ESPAÑOL,Tradicional,la-muerte-de-robin-hood
cinepolis-acaya-coatzacoalcos,658,77451,2026-08-08T20:30:00,2,2D,SUBTITULADA,Tradicional,la-muerte-de-robin-hood
cinepolis-acaya-coatzacoalcos,658,77453,2026-08-09T11:15:00,2,2D,ESPAÑOL,Tradicional,la-muerte-de-robin-hood
cinepolis-acaya-coatzacoalcos,658,77454,2026-08-09T14:30:00,2,2D,ESPAÑOL,Tradicional,la-muerte-de-robin-hood
cinepolis-acaya-coatzacoalcos,658,77455,2026-08-09T17:25:00,2,2D,ESPAÑOL,Tradicional,la-muerte-de-robin-hood
cinepolis-acaya-coatzacoalcos,658,77456,2026-08-09T20:30:00,2,2D,SUBTITULADA,Tradicional,la-muerte-de-robin-hood
cinepolis-acaya-coatzacoalcos,658,77430,2026-08-10T12:35:00,6,2D,ESPAÑOL,Tradicional,la-muerte-de-robin-hood
cinepolis-acaya-coatzacoalcos,658,77431,2026-08-10T15:25:00,6,2D,ESPAÑOL,Tradicional,la-muerte-de-robin-hood
cinepolis-acaya-coatzacoalcos,658,77433,2026-08-10T21:30:00,6,2D,ESPAÑOL,Tradicional,la-muerte-de-robin-hood
cinepolis-acaya-coatzacoalcos,658,77432,2026-08-10T18:40:00,6,2D,SUBTITULADA,Tradicional,la-muerte-de-robin-hood
cinepolis-acaya-coatzacoalcos,658,77539,2026-08-11T12:35:00,6,2D,ESPAÑOL,Tradicional,la-muerte-de-robin-hood
cinepolis-acaya-coatzacoalcos,658,77540,2026-08-11T15:25:00,6,2D,ESPAÑOL,Tradicional,la-muerte-de-robin-hood
cinepolis-acaya-coatzacoalcos,658,77542,2026-08-11T21:30:00,6,2D,ESPAÑOL,Tradicional,la-muerte-de-robin-hood
cinepolis-acaya-coatzacoalcos,658,77541,2026-08-11T18:40:00,6,2D,SUBTITULADA,Tradicional,la-muerte-de-robin-hood
cinepolis-acaya-coatzacoalcos,658,77434,2026-08-12T12:35:00,6,2D,ESPAÑOL,Tradicional,la-muerte-de-robin-hood
cinepolis-acaya-coatzacoalcos,658,77435,2026-08-12T15:25:00,6,2D,ESPAÑOL,Tradicional,la-muerte-de-robin-hood
cinepolis-acaya-coatzacoalcos,658,77437,2026-08-12T21:30:00,6,2D,ESPAÑOL,Tradicional,la-muerte-de-robin-hood
cinepolis-acaya-coatzacoalcos,658,77436,2026-08-12T18:40:00,6,2D,SUBTITULADA,Tradicional,la-muerte-de-robin-hood
cinepolis-acaya-coatzacoalcos,658,77515,2026-08-07T14:20:00,8,2D,ESPAÑOL,Tradicional,la-odisea
cinepolis-acaya-coatzacoalcos,658,77497,2026-08-07T19:45:00,5,2D,ESPAÑOL,Tradicional,la-odisea
cinepolis-acaya-coatzacoalcos,658,77424,2026-08-08T13:15:00,6,2D,ESPAÑOL,Tradicional,la-odisea
cinepolis-acaya-coatzacoalcos,658,77520,2026-08-08T15:45:00,8,2D,ESPAÑOL,Tradicional,la-odisea
cinepolis-acaya-coatzacoalcos,658,77425,2026-08-08T16:50:00,6,2D,ESPAÑOL,Tradicional,la-odisea
cinepolis-acaya-coatzacoalcos,658,77521,2026-08-08T19:20:00,8,2D,ESPAÑOL,Tradicional,la-odisea
cinepolis-acaya-coatzacoalcos,658,77427,2026-08-09T13:15:00,6,2D,ESPAÑOL,Tradicional,la-odisea
cinepolis-acaya-coatzacoalcos,658,77524,2026-08-09T15:45:00,8,2D,ESPAÑOL,Tradicional,la-odisea
cinepolis-acaya-coatzacoalcos,658,77428,2026-08-09T16:50:00,6,2D,ESPAÑOL,Tradicional,la-odisea
cinepolis-acaya-coatzacoalcos,658,77525,2026-08-09T19:20:00,8,2D,ESPAÑOL,Tradicional,la-odisea
cinepolis-acaya-coatzacoalcos,658,77526,2026-08-10T14:20:00,8,2D,ESPAÑOL,Tradicional,la-odisea
cinepolis-acaya-coatzacoalcos,658,77508,2026-08-10T19:45:00,5,2D,ESPAÑOL,Tradicional,la-odisea
cinepolis-acaya-coatzacoalcos,658,77532,2026-08-11T14:20:00,8,2D,ESPAÑOL,Tradicional,la-odisea
cinepolis-acaya-coatzacoalcos,658,77545,2026-08-11T19:45:00,5,2D,ESPAÑOL,Tradicional,la-odisea
cinepolis-acaya-coatzacoalcos,658,77529,2026-08-12T14:20:00,8,2D,ESPAÑOL,Tradicional,la-odisea
cinepolis-acaya-coatzacoalcos,658,77511,2026-08-12T19:45:00,5,2D,ESPAÑOL,Tradicional,la-odisea
cinepolis-acaya-coatzacoalcos,658,77516,2026-08-07T18:00:00,8,2D,ESPAÑOL,Tradicional,minions-y-monstruos
cinepolis-acaya-coatzacoalcos,658,77518,2026-08-08T11:25:00,8,2D,ESPAÑOL,Tradicional,minions-y-monstruos
cinepolis-acaya-coatzacoalcos,658,77519,2026-08-08T13:35:00,8,2D,ESPAÑOL,Tradicional,minions-y-monstruos
cinepolis-acaya-coatzacoalcos,658,77522,2026-08-09T11:25:00,8,2D,ESPAÑOL,Tradicional,minions-y-monstruos
cinepolis-acaya-coatzacoalcos,658,77523,2026-08-09T13:35:00,8,2D,ESPAÑOL,Tradicional,minions-y-monstruos
cinepolis-acaya-coatzacoalcos,658,77387,2026-08-10T11:50:00,4,2D,ESPAÑOL,Tradicional,minions-y-monstruos
cinepolis-acaya-coatzacoalcos,658,77527,2026-08-10T18:00:00,8,2D,ESPAÑOL,Tradicional,minions-y-monstruos
cinepolis-acaya-coatzacoalcos,658,77546,2026-08-11T11:50:00,4,2D,ESPAÑOL,Tradicional,minions-y-monstruos
cinepolis-acaya-coatzacoalcos,658,77533,2026-08-11T18:00:00,8,2D,ESPAÑOL,Tradicional,minions-y-monstruos
cinepolis-acaya-coatzacoalcos,658,77530,2026-08-12T18:00:00,8,2D,ESPAÑOL,Tradicional,minions-y-monstruos
cinepolis-acaya-coatzacoalcos,658,77157,2026-08-12T11:50:00,4,2D,ESPAÑOL,Tradicional,paw-patrol-la-dino-pelicula
cinepolis-acaya-coatzacoalcos,658,77158,2026-08-12T14:10:00,4,2D,ESPAÑOL,Tradicional,paw-patrol-la-dino-pelicula
cinepolis-acaya-coatzacoalcos,658,77159,2026-08-12T16:15:00,4,2D,ESPAÑOL,Tradicional,paw-patrol-la-dino-pelicula
cinepolis-acaya-coatzacoalcos,658,77160,2026-08-12T18:30:00,4,2D,ESPAÑOL,Tradicional,paw-patrol-la-dino-pelicula
cinepolis-acaya-coatzacoalcos,658,77173,2026-08-13T13:35:00,5,2D,ESPAÑOL,Tradicional,paw-patrol-la-dino-pelicula
cinepolis-acaya-coatzacoalcos,658,77174,2026-08-13T15:45:00,5,2D,ESPAÑOL,Tradicional,paw-patrol-la-dino-pelicula
cinepolis-acaya-coatzacoalcos,658,77175,2026-08-13T17:55:00,5,2D,ESPAÑOL,Tradicional,paw-patrol-la-dino-pelicula
cinepolis-acaya-coatzacoalcos,658,77176,2026-08-13T20:15:00,5,2D,ESPAÑOL,Tradicional,paw-patrol-la-dino-pelicula
cinepolis-acaya-coatzacoalcos,658,77177,2026-08-14T13:35:00,5,2D,ESPAÑOL,Tradicional,paw-patrol-la-dino-pelicula
cinepolis-acaya-coatzacoalcos,658,77178,2026-08-14T15:45:00,5,2D,ESPAÑOL,Tradicional,paw-patrol-la-dino-pelicula
cinepolis-acaya-coatzacoalcos,658,77179,2026-08-14T17:55:00,5,2D,ESPAÑOL,Tradicional,paw-patrol-la-dino-pelicula
cinepolis-acaya-coatzacoalcos,658,77180,2026-08-14T20:15:00,5,2D,ESPAÑOL,Tradicional,paw-patrol-la-dino-pelicula
cinepolis-acaya-coatzacoalcos,658,77181,2026-08-15T11:05:00,5,2D,ESPAÑOL,Tradicional,paw-patrol-la-dino-pelicula
cinepolis-acaya-coatzacoalcos,658,77182,2026-08-15T13:10:00,5,2D,ESPAÑOL,Tradicional,paw-patrol-la-dino-pelicula
cinepolis-acaya-coatzacoalcos,658,77183,2026-08-15T15:20:00,5,2D,ESPAÑOL,Tradicional,paw-patrol-la-dino-pelicula
cinepolis-acaya-coatzacoalcos,658,77184,2026-08-15T17:30:00,5,2D,ESPAÑOL,Tradicional,paw-patrol-la-dino-pelicula
cinepolis-acaya-coatzacoalcos,658,77185,2026-08-15T19:55:00,5,2D,ESPAÑOL,Tradicional,paw-patrol-la-dino-pelicula
cinepolis-acaya-coatzacoalcos,658,77186,2026-08-16T11:05:00,5,2D,ESPAÑOL,Tradicional,paw-patrol-la-dino-pelicula
cinepolis-acaya-coatzacoalcos,658,77187,2026-08-16T13:10:00,5,2D,ESPAÑOL,Tradicional,paw-patrol-la-dino-pelicula
cinepolis-acaya-coatzacoalcos,658,77188,2026-08-16T15:20:00,5,2D,ESPAÑOL,Tradicional,paw-patrol-la-dino-pelicula
cinepolis-acaya-coatzacoalcos,658,77189,2026-08-16T17:30:00,5,2D,ESPAÑOL,Tradicional,paw-patrol-la-dino-pelicula
cinepolis-acaya-coatzacoalcos,658,77190,2026-08-16T19:55:00,5,2D,ESPAÑOL,Tradicional,paw-patrol-la-dino-pelicula
cinepolis-acaya-coatzacoalcos,658,77161,2026-08-17T13:35:00,5,2D,ESPAÑOL,Tradicional,paw-patrol-la-dino-pelicula
cinepolis-acaya-coatzacoalcos,658,77162,2026-08-17T15:45:00,5,2D,ESPAÑOL,Tradicional,paw-patrol-la-dino-pelicula
cinepolis-acaya-coatzacoalcos,658,77163,2026-08-17T17:55:00,5,2D,ESPAÑOL,Tradicional,paw-patrol-la-dino-pelicula
cinepolis-acaya-coatzacoalcos,658,77164,2026-08-17T20:15:00,5,2D,ESPAÑOL,Tradicional,paw-patrol-la-dino-pelicula
cinepolis-acaya-coatzacoalcos,658,77165,2026-08-18T13:35:00,5,2D,ESPAÑOL,Tradicional,paw-patrol-la-dino-pelicula
cinepolis-acaya-coatzacoalcos,658,77166,2026-08-18T15:45:00,5,2D,ESPAÑOL,Tradicional,paw-patrol-la-dino-pelicula
cinepolis-acaya-coatzacoalcos,658,77167,2026-08-18T17:55:00,5,2D,ESPAÑOL,Tradicional,paw-patrol-la-dino-pelicula
cinepolis-acaya-coatzacoalcos,658,77168,2026-08-18T20:15:00,5,2D,ESPAÑOL,Tradicional,paw-patrol-la-dino-pelicula
cinepolis-acaya-coatzacoalcos,658,77169,2026-08-19T13:35:00,5,2D,ESPAÑOL,Tradicional,paw-patrol-la-dino-pelicula
cinepolis-acaya-coatzacoalcos,658,77170,2026-08-19T15:45:00,5,2D,ESPAÑOL,Tradicional,paw-patrol-la-dino-pelicula
cinepolis-acaya-coatzacoalcos,658,77171,2026-08-19T17:55:00,5,2D,ESPAÑOL,Tradicional,paw-patrol-la-dino-pelicula
cinepolis-acaya-coatzacoalcos,658,77172,2026-08-19T20:15:00,5,2D,ESPAÑOL,Tradicional,paw-patrol-la-dino-pelicula
cinepolis-acaya-coatzacoalcos,658,77227,2026-08-27T18:40:00,4,2D,ESPAÑOL,Tradicional,sagrado-corazon
cinepolis-acaya-coatzacoalcos,658,77228,2026-08-27T20:55:00,4,2D,ESPAÑOL,Tradicional,sagrado-corazon
cinepolis-acaya-coatzacoalcos,658,77215,2026-08-28T18:40:00,4,2D,ESPAÑOL,Tradicional,sagrado-corazon
cinepolis-acaya-coatzacoalcos,658,77216,2026-08-28T20:55:00,4,2D,ESPAÑOL,Tradicional,sagrado-corazon
cinepolis-acaya-coatzacoalcos,658,77217,2026-08-29T18:40:00,4,2D,ESPAÑOL,Tradicional,sagrado-corazon
cinepolis-acaya-coatzacoalcos,658,77218,2026-08-29T20:55:00,4,2D,ESPAÑOL,Tradicional,sagrado-corazon
cinepolis-acaya-coatzacoalcos,658,77219,2026-08-30T18:40:00,4,2D,ESPAÑOL,Tradicional,sagrado-corazon
cinepolis-acaya-coatzacoalcos,658,77220,2026-08-30T20:55:00,4,2D,ESPAÑOL,Tradicional,sagrado-corazon
cinepolis-acaya-coatzacoalcos,658,77321,2026-08-31T18:40:00,4,2D,ESPAÑOL,Tradicional,sagrado-corazon
cinepolis-acaya-coatzacoalcos,658,77322,2026-08-31T20:55:00,4,2D,ESPAÑOL,Tradicional,sagrado-corazon
cinepolis-acaya-coatzacoalcos,658,77225,2026-09-01T18:40:00,4,2D,ESPAÑOL,Tradicional,sagrado-corazon
cinepolis-acaya-coatzacoalcos,658,77226,2026-09-01T20:55:00,4,2D,ESPAÑOL,Tradicional,sagrado-corazon
cinepolis-acaya-coatzacoalcos,658,77223,2026-09-02T18:40:00,4,2D,ESPAÑOL,Tradicional,sagrado-corazon
cinepolis-acaya-coatzacoalcos,658,77224,2026-09-02T20:55:00,4,2D,ESPAÑOL,Tradicional,sagrado-corazon
cinepolis-acaya-coatzacoalcos,658,77495,2026-08-07T13:40:00,5,2D,ESPAÑOL,Tradicional,spider-man-un-nuevo-dia
cinepolis-acaya-coatzacoalcos,658,77374,2026-08-07T14:10:00,4,2D,ESPAÑOL,Tradicional,spider-man-un-nuevo-dia
cinepolis-acaya-coatzacoalcos,658,77350,2026-08-07T14:40:00,1,2D,ESPAÑOL,Tradicional,spider-man-un-nuevo-dia
cinepolis-acaya-coatzacoalcos,658,77397,2026-08-07T15:15:00,3,2D,ESPAÑOL,XE,spider-man-un-nuevo-dia
cinepolis-acaya-coatzacoalcos,658,77473,2026-08-07T15:55:00,7,2D,ESPAÑOL,Tradicional,spider-man-un-nuevo-dia
cinepolis-acaya-coatzacoalcos,658,77496,2026-08-07T16:45:00,5,2D,ESPAÑOL,Tradicional,spider-man-un-nuevo-dia
cinepolis-acaya-coatzacoalcos,658,77375,2026-08-07T17:15:00,4,2D,ESPAÑOL,Tradicional,spider-man-un-nuevo-dia
cinepolis-acaya-coatzacoalcos,658,77351,2026-08-07T17:45:00,1,3D,ESPAÑOL,Tradicional,spider-man-un-nuevo-dia
cinepolis-acaya-coatzacoalcos,658,77517,2026-08-07T20:20:00,8,2D,ESPAÑOL,Tradicional,spider-man-un-nuevo-dia
cinepolis-acaya-coatzacoalcos,658,77376,2026-08-07T20:50:00,4,2D,ESPAÑOL,Tradicional,spider-man-un-nuevo-dia
cinepolis-acaya-coatzacoalcos,658,77352,2026-08-07T21:10:00,1,2D,ESPAÑOL,Tradicional,spider-man-un-nuevo-dia
cinepolis-acaya-coatzacoalcos,658,77399,2026-08-07T21:50:00,3,2D,ESPAÑOL,XE,spider-man-un-nuevo-dia
cinepolis-acaya-coatzacoalcos,658,77475,2026-08-07T22:15:00,7,2D,ESPAÑOL,Tradicional,spider-man-un-nuevo-dia
cinepolis-acaya-coatzacoalcos,658,77398,2026-08-07T18:20:00,3,2D,SUBTITULADA,XE,spider-man-un-nuevo-dia
cinepolis-acaya-coatzacoalcos,658,77474,2026-08-07T19:00:00,7,2D,SUBTITULADA,Tradicional,spider-man-un-nuevo-dia
cinepolis-acaya-coatzacoalcos,658,77498,2026-08-08T11:00:00,5,2D,ESPAÑOL,Tradicional,spider-man-un-nuevo-dia
cinepolis-acaya-coatzacoalcos,658,77476,2026-08-08T11:35:00,7,2D,ESPAÑOL,Tradicional,spider-man-un-nuevo-dia
cinepolis-acaya-coatzacoalcos,658,77400,2026-08-08T12:10:00,3,2D,ESPAÑOL,XE,spider-man-un-nuevo-dia
cinepolis-acaya-coatzacoalcos,658,77353,2026-08-08T12:50:00,1,3D,ESPAÑOL,Tradicional,spider-man-un-nuevo-dia
cinepolis-acaya-coatzacoalcos,658,77499,2026-08-08T14:05:00,5,2D,ESPAÑOL,Tradicional,spider-man-un-nuevo-dia
cinepolis-acaya-coatzacoalcos,658,77477,2026-08-08T14:40:00,7,2D,ESPAÑOL,Tradicional,spider-man-un-nuevo-dia
cinepolis-acaya-coatzacoalcos,658,77401,2026-08-08T15:15:00,3,2D,ESPAÑOL,XE,spider-man-un-nuevo-dia
cinepolis-acaya-coatzacoalcos,658,77354,2026-08-08T15:50:00,1,2D,ESPAÑOL,Tradicional,spider-man-un-nuevo-dia
cinepolis-acaya-coatzacoalcos,658,77500,2026-08-08T17:10:00,5,2D,ESPAÑOL,Tradicional,spider-man-un-nuevo-dia
cinepolis-acaya-coatzacoalcos,658,77478,2026-08-08T17:45:00,7,2D,ESPAÑOL,Tradicional,spider-man-un-nuevo-dia
cinepolis-acaya-coatzacoalcos,658,77402,2026-08-08T18:20:00,3,2D,ESPAÑOL,XE,spider-man-un-nuevo-dia
cinepolis-acaya-coatzacoalcos,658,77501,2026-08-08T20:15:00,5,2D,ESPAÑOL,Tradicional,spider-man-un-nuevo-dia
cinepolis-acaya-coatzacoalcos,658,77426,2026-08-08T20:50:00,6,2D,ESPAÑOL,Tradicional,spider-man-un-nuevo-dia
cinepolis-acaya-coatzacoalcos,658,77479,2026-08-08T21:15:00,7,2D,ESPAÑOL,Tradicional,spider-man-un-nuevo-dia
cinepolis-acaya-coatzacoalcos,658,77403,2026-08-08T21:50:00,3,2D,ESPAÑOL,XE,spider-man-un-nuevo-dia
cinepolis-acaya-coatzacoalcos,658,77356,2026-08-08T22:10:00,1,2D,ESPAÑOL,Tradicional,spider-man-un-nuevo-dia
cinepolis-acaya-coatzacoalcos,658,77355,2026-08-08T19:00:00,1,3D,SUBTITULADA,Tradicional,spider-man-un-nuevo-dia
cinepolis-acaya-coatzacoalcos,658,77502,2026-08-09T11:00:00,5,2D,ESPAÑOL,Tradicional,spider-man-un-nuevo-dia
cinepolis-acaya-coatzacoalcos,658,77480,2026-08-09T11:35:00,7,2D,ESPAÑOL,Tradicional,spider-man-un-nuevo-dia
cinepolis-acaya-coatzacoalcos,658,77404,2026-08-09T12:10:00,3,2D,ESPAÑOL,XE,spider-man-un-nuevo-dia
cinepolis-acaya-coatzacoalcos,658,77357,2026-08-09T12:50:00,1,3D,ESPAÑOL,Tradicional,spider-man-un-nuevo-dia
cinepolis-acaya-coatzacoalcos,658,77503,2026-08-09T14:05:00,5,2D,ESPAÑOL,Tradicional,spider-man-un-nuevo-dia
cinepolis-acaya-coatzacoalcos,658,77481,2026-08-09T14:40:00,7,2D,ESPAÑOL,Tradicional,spider-man-un-nuevo-dia
cinepolis-acaya-coatzacoalcos,658,77405,2026-08-09T15:15:00,3,2D,ESPAÑOL,XE,spider-man-un-nuevo-dia
cinepolis-acaya-coatzacoalcos,658,77358,2026-08-09T15:50:00,1,2D,ESPAÑOL,Tradicional,spider-man-un-nuevo-dia
cinepolis-acaya-coatzacoalcos,658,77504,2026-08-09T17:10:00,5,2D,ESPAÑOL,Tradicional,spider-man-un-nuevo-dia
cinepolis-acaya-coatzacoalcos,658,77482,2026-08-09T17:45:00,7,2D,ESPAÑOL,Tradicional,spider-man-un-nuevo-dia
cinepolis-acaya-coatzacoalcos,658,77406,2026-08-09T18:20:00,3,2D,ESPAÑOL,XE,spider-man-un-nuevo-dia
cinepolis-acaya-coatzacoalcos,658,77505,2026-08-09T20:15:00,5,2D,ESPAÑOL,Tradicional,spider-man-un-nuevo-dia
cinepolis-acaya-coatzacoalcos,658,77429,2026-08-09T20:50:00,6,2D,ESPAÑOL,Tradicional,spider-man-un-nuevo-dia
cinepolis-acaya-coatzacoalcos,658,77483,2026-08-09T21:15:00,7,2D,ESPAÑOL,Tradicional,spider-man-un-nuevo-dia
cinepolis-acaya-coatzacoalcos,658,77407,2026-08-09T21:50:00,3,2D,ESPAÑOL,XE,spider-man-un-nuevo-dia
cinepolis-acaya-coatzacoalcos,658,77360,2026-08-09T22:10:00,1,2D,ESPAÑOL,Tradicional,spider-man-un-nuevo-dia
cinepolis-acaya-coatzacoalcos,658,77359,2026-08-09T19:00:00,1,3D,SUBTITULADA,Tradicional,spider-man-un-nuevo-dia
cinepolis-acaya-coatzacoalcos,658,77361,2026-08-10T11:40:00,1,3D,ESPAÑOL,Tradicional,spider-man-un-nuevo-dia
cinepolis-acaya-coatzacoalcos,658,77408,2026-08-10T12:10:00,3,2D,ESPAÑOL,XE,spider-man-un-nuevo-dia
cinepolis-acaya-coatzacoalcos,658,77484,2026-08-10T12:50:00,7,2D,ESPAÑOL,Tradicional,spider-man-un-nuevo-dia
cinepolis-acaya-coatzacoalcos,658,77506,2026-08-10T13:40:00,5,2D,ESPAÑOL,Tradicional,spider-man-un-nuevo-dia
cinepolis-acaya-coatzacoalcos,658,77388,2026-08-10T14:10:00,4,2D,ESPAÑOL,Tradicional,spider-man-un-nuevo-dia
cinepolis-acaya-coatzacoalcos,658,77362,2026-08-10T14:40:00,1,2D,ESPAÑOL,Tradicional,spider-man-un-nuevo-dia
cinepolis-acaya-coatzacoalcos,658,77409,2026-08-10T15:15:00,3,2D,ESPAÑOL,XE,spider-man-un-nuevo-dia
cinepolis-acaya-coatzacoalcos,658,77485,2026-08-10T15:55:00,7,2D,ESPAÑOL,Tradicional,spider-man-un-nuevo-dia
cinepolis-acaya-coatzacoalcos,658,77507,2026-08-10T16:45:00,5,2D,ESPAÑOL,Tradicional,spider-man-un-nuevo-dia
cinepolis-acaya-coatzacoalcos,658,77389,2026-08-10T17:15:00,4,2D,ESPAÑOL,Tradicional,spider-man-un-nuevo-dia
cinepolis-acaya-coatzacoalcos,658,77363,2026-08-10T17:45:00,1,3D,ESPAÑOL,Tradicional,spider-man-un-nuevo-dia
cinepolis-acaya-coatzacoalcos,658,77528,2026-08-10T20:20:00,8,2D,ESPAÑOL,Tradicional,spider-man-un-nuevo-dia
cinepolis-acaya-coatzacoalcos,658,77390,2026-08-10T20:50:00,4,2D,ESPAÑOL,Tradicional,spider-man-un-nuevo-dia
cinepolis-acaya-coatzacoalcos,658,77364,2026-08-10T21:10:00,1,2D,ESPAÑOL,Tradicional,spider-man-un-nuevo-dia
cinepolis-acaya-coatzacoalcos,658,77411,2026-08-10T21:50:00,3,2D,ESPAÑOL,XE,spider-man-un-nuevo-dia
cinepolis-acaya-coatzacoalcos,658,77487,2026-08-10T22:15:00,7,2D,ESPAÑOL,Tradicional,spider-man-un-nuevo-dia
cinepolis-acaya-coatzacoalcos,658,77410,2026-08-10T18:20:00,3,2D,SUBTITULADA,XE,spider-man-un-nuevo-dia
cinepolis-acaya-coatzacoalcos,658,77486,2026-08-10T19:00:00,7,2D,SUBTITULADA,Tradicional,spider-man-un-nuevo-dia
cinepolis-acaya-coatzacoalcos,658,77559,2026-08-11T11:40:00,1,3D,ESPAÑOL,Tradicional,spider-man-un-nuevo-dia
cinepolis-acaya-coatzacoalcos,658,77550,2026-08-11T12:10:00,3,2D,ESPAÑOL,XE,spider-man-un-nuevo-dia
cinepolis-acaya-coatzacoalcos,658,77535,2026-08-11T12:50:00,7,2D,ESPAÑOL,Tradicional,spider-man-un-nuevo-dia
cinepolis-acaya-coatzacoalcos,658,77543,2026-08-11T13:40:00,5,2D,ESPAÑOL,Tradicional,spider-man-un-nuevo-dia
cinepolis-acaya-coatzacoalcos,658,77547,2026-08-11T14:10:00,4,2D,ESPAÑOL,Tradicional,spider-man-un-nuevo-dia
cinepolis-acaya-coatzacoalcos,658,77560,2026-08-11T14:40:00,1,2D,ESPAÑOL,Tradicional,spider-man-un-nuevo-dia
cinepolis-acaya-coatzacoalcos,658,77551,2026-08-11T15:15:00,3,2D,ESPAÑOL,XE,spider-man-un-nuevo-dia
cinepolis-acaya-coatzacoalcos,658,77536,2026-08-11T15:55:00,7,2D,ESPAÑOL,Tradicional,spider-man-un-nuevo-dia
cinepolis-acaya-coatzacoalcos,658,77544,2026-08-11T16:45:00,5,2D,ESPAÑOL,Tradicional,spider-man-un-nuevo-dia
cinepolis-acaya-coatzacoalcos,658,77548,2026-08-11T17:15:00,4,2D,ESPAÑOL,Tradicional,spider-man-un-nuevo-dia
cinepolis-acaya-coatzacoalcos,658,77561,2026-08-11T17:45:00,1,3D,ESPAÑOL,Tradicional,spider-man-un-nuevo-dia
cinepolis-acaya-coatzacoalcos,658,77534,2026-08-11T20:20:00,8,2D,ESPAÑOL,Tradicional,spider-man-un-nuevo-dia
cinepolis-acaya-coatzacoalcos,658,77549,2026-08-11T20:50:00,4,2D,ESPAÑOL,Tradicional,spider-man-un-nuevo-dia
cinepolis-acaya-coatzacoalcos,658,77562,2026-08-11T21:10:00,1,2D,ESPAÑOL,Tradicional,spider-man-un-nuevo-dia
cinepolis-acaya-coatzacoalcos,658,77553,2026-08-11T21:50:00,3,2D,ESPAÑOL,XE,spider-man-un-nuevo-dia
cinepolis-acaya-coatzacoalcos,658,77538,2026-08-11T22:15:00,7,2D,ESPAÑOL,Tradicional,spider-man-un-nuevo-dia
cinepolis-acaya-coatzacoalcos,658,77552,2026-08-11T18:20:00,3,2D,SUBTITULADA,XE,spider-man-un-nuevo-dia
cinepolis-acaya-coatzacoalcos,658,77537,2026-08-11T19:00:00,7,2D,SUBTITULADA,Tradicional,spider-man-un-nuevo-dia
cinepolis-acaya-coatzacoalcos,658,77365,2026-08-12T11:40:00,1,3D,ESPAÑOL,Tradicional,spider-man-un-nuevo-dia
cinepolis-acaya-coatzacoalcos,658,77412,2026-08-12T12:10:00,3,2D,ESPAÑOL,XE,spider-man-un-nuevo-dia
cinepolis-acaya-coatzacoalcos,658,77488,2026-08-12T12:50:00,7,2D,ESPAÑOL,Tradicional,spider-man-un-nuevo-dia
cinepolis-acaya-coatzacoalcos,658,77509,2026-08-12T13:40:00,5,2D,ESPAÑOL,Tradicional,spider-man-un-nuevo-dia
cinepolis-acaya-coatzacoalcos,658,77366,2026-08-12T14:40:00,1,2D,ESPAÑOL,Tradicional,spider-man-un-nuevo-dia
cinepolis-acaya-coatzacoalcos,658,77413,2026-08-12T15:15:00,3,2D,ESPAÑOL,XE,spider-man-un-nuevo-dia
cinepolis-acaya-coatzacoalcos,658,77489,2026-08-12T15:55:00,7,2D,ESPAÑOL,Tradicional,spider-man-un-nuevo-dia
cinepolis-acaya-coatzacoalcos,658,77510,2026-08-12T16:45:00,5,2D,ESPAÑOL,Tradicional,spider-man-un-nuevo-dia
cinepolis-acaya-coatzacoalcos,658,77367,2026-08-12T17:45:00,1,3D,ESPAÑOL,Tradicional,spider-man-un-nuevo-dia
cinepolis-acaya-coatzacoalcos,658,77531,2026-08-12T20:20:00,8,2D,ESPAÑOL,Tradicional,spider-man-un-nuevo-dia
cinepolis-acaya-coatzacoalcos,658,77391,2026-08-12T20:50:00,4,2D,ESPAÑOL,Tradicional,spider-man-un-nuevo-dia
cinepolis-acaya-coatzacoalcos,658,77368,2026-08-12T21:10:00,1,2D,ESPAÑOL,Tradicional,spider-man-un-nuevo-dia
cinepolis-acaya-coatzacoalcos,658,77415,2026-08-12T21:50:00,3,2D,ESPAÑOL,XE,spider-man-un-nuevo-dia
cinepolis-acaya-coatzacoalcos,658,77491,2026-08-12T22:15:00,7,2D,ESPAÑOL,Tradicional,spider-man-un-nuevo-dia
cinepolis-acaya-coatzacoalcos,658,77414,2026-08-12T18:20:00,3,2D,SUBTITULADA,XE,spider-man-un-nuevo-dia
cinepolis-acaya-coatzacoalcos,658,77490,2026-08-12T19:00:00,7,2D,SUBTITULADA,Tradicional,spider-man-un-nuevo-dia
cinepolis-plaza-shangri-la-cordoba,443,83668,2026-08-11T19:15:00,3,2D,SUBTITULADA,Tradicional,el-final-de-la-calle-oak
cinepolis-plaza-shangri-la-cordoba,443,83669,2026-08-11T22:10:00,3,2D,SUBTITULADA,Tradicional,el-final-de-la-calle-oak
cinepolis-plaza-shangri-la-cordoba,443,82994,2026-08-27T14:10:00,6,2D,ESPAÑOL,Tradicional,harry-potter-y-la-piedra-filosofal-25
cinepolis-plaza-shangri-la-cordoba,443,82995,2026-08-27T17:30:00,6,2D,SUBTITULADA,Tradicional,harry-potter-y-la-piedra-filosofal-25
cinepolis-plaza-shangri-la-cordoba,443,82986,2026-08-28T14:10:00,6,2D,ESPAÑOL,Tradicional,harry-potter-y-la-piedra-filosofal-25
cinepolis-plaza-shangri-la-cordoba,443,82987,2026-08-28T17:30:00,6,2D,SUBTITULADA,Tradicional,harry-potter-y-la-piedra-filosofal-25
cinepolis-plaza-shangri-la-cordoba,443,82988,2026-08-29T15:15:00,6,2D,ESPAÑOL,Tradicional,harry-potter-y-la-piedra-filosofal-25
cinepolis-plaza-shangri-la-cordoba,443,82989,2026-08-29T18:40:00,6,2D,SUBTITULADA,Tradicional,harry-potter-y-la-piedra-filosofal-25
cinepolis-plaza-shangri-la-cordoba,443,82990,2026-08-30T15:15:00,6,2D,ESPAÑOL,Tradicional,harry-potter-y-la-piedra-filosofal-25
cinepolis-plaza-shangri-la-cordoba,443,82991,2026-08-30T18:40:00,6,2D,SUBTITULADA,Tradicional,harry-potter-y-la-piedra-filosofal-25
cinepolis-plaza-shangri-la-cordoba,443,82992,2026-08-31T14:10:00,6,2D,ESPAÑOL,Tradicional,harry-potter-y-la-piedra-filosofal-25
cinepolis-plaza-shangri-la-cordoba,443,82993,2026-08-31T17:30:00,6,2D,SUBTITULADA,Tradicional,harry-potter-y-la-piedra-filosofal-25
cinepolis-plaza-shangri-la-cordoba,443,82996,2026-09-01T14:10:00,6,2D,ESPAÑOL,Tradicional,harry-potter-y-la-piedra-filosofal-25
cinepolis-plaza-shangri-la-cordoba,443,82997,2026-09-01T17:30:00,6,2D,SUBTITULADA,Tradicional,harry-potter-y-la-piedra-filosofal-25
cinepolis-plaza-shangri-la-cordoba,443,82998,2026-09-02T14:10:00,6,2D,ESPAÑOL,Tradicional,harry-potter-y-la-piedra-filosofal-25
cinepolis-plaza-shangri-la-cordoba,443,82999,2026-09-02T17:30:00,6,2D,SUBTITULADA,Tradicional,harry-potter-y-la-piedra-filosofal-25
cinepolis-plaza-shangri-la-cordoba,443,83447,2026-08-07T15:50:00,3,2D,ESPAÑOL,Tradicional,la-muerte-de-robin-hood
cinepolis-plaza-shangri-la-cordoba,443,83449,2026-08-07T22:10:00,3,2D,ESPAÑOL,Tradicional,la-muerte-de-robin-hood
cinepolis-plaza-shangri-la-cordoba,443,83448,2026-08-07T19:15:00,3,2D,SUBTITULADA,Tradicional,la-muerte-de-robin-hood
cinepolis-plaza-shangri-la-cordoba,443,83589,2026-08-08T11:35:00,2,2D,ESPAÑOL,Tradicional,la-muerte-de-robin-hood
cinepolis-plaza-shangri-la-cordoba,443,83590,2026-08-08T13:15:00,3,2D,ESPAÑOL,Tradicional,la-muerte-de-robin-hood
cinepolis-plaza-shangri-la-cordoba,443,83591,2026-08-08T15:50:00,3,2D,ESPAÑOL,Tradicional,la-muerte-de-robin-hood
cinepolis-plaza-shangri-la-cordoba,443,83593,2026-08-08T22:10:00,3,2D,ESPAÑOL,Tradicional,la-muerte-de-robin-hood
cinepolis-plaza-shangri-la-cordoba,443,83592,2026-08-08T19:15:00,3,2D,SUBTITULADA,Tradicional,la-muerte-de-robin-hood
cinepolis-plaza-shangri-la-cordoba,443,83581,2026-08-09T11:35:00,2,2D,ESPAÑOL,Tradicional,la-muerte-de-robin-hood
cinepolis-plaza-shangri-la-cordoba,443,83557,2026-08-09T13:15:00,3,2D,ESPAÑOL,Tradicional,la-muerte-de-robin-hood
cinepolis-plaza-shangri-la-cordoba,443,83558,2026-08-09T15:50:00,3,2D,ESPAÑOL,Tradicional,la-muerte-de-robin-hood
cinepolis-plaza-shangri-la-cordoba,443,83560,2026-08-09T22:10:00,3,2D,ESPAÑOL,Tradicional,la-muerte-de-robin-hood
cinepolis-plaza-shangri-la-cordoba,443,83559,2026-08-09T19:15:00,3,2D,SUBTITULADA,Tradicional,la-muerte-de-robin-hood
cinepolis-plaza-shangri-la-cordoba,443,83501,2026-08-10T13:15:00,3,2D,ESPAÑOL,Tradicional,la-muerte-de-robin-hood
cinepolis-plaza-shangri-la-cordoba,443,83502,2026-08-10T15:50:00,3,2D,ESPAÑOL,Tradicional,la-muerte-de-robin-hood
cinepolis-plaza-shangri-la-cordoba,443,83504,2026-08-10T22:10:00,3,2D,ESPAÑOL,Tradicional,la-muerte-de-robin-hood
cinepolis-plaza-shangri-la-cordoba,443,83503,2026-08-10T19:15:00,3,2D,SUBTITULADA,Tradicional,la-muerte-de-robin-hood
cinepolis-plaza-shangri-la-cordoba,443,83530,2026-08-11T13:15:00,3,2D,ESPAÑOL,Tradicional,la-muerte-de-robin-hood
cinepolis-plaza-shangri-la-cordoba,443,83531,2026-08-11T15:50:00,3,2D,ESPAÑOL,Tradicional,la-muerte-de-robin-hood
cinepolis-plaza-shangri-la-cordoba,443,83645,2026-08-12T13:15:00,3,2D,ESPAÑOL,Tradicional,la-muerte-de-robin-hood
cinepolis-plaza-shangri-la-cordoba,443,83646,2026-08-12T15:50:00,3,2D,ESPAÑOL,Tradicional,la-muerte-de-robin-hood
cinepolis-plaza-shangri-la-cordoba,443,83648,2026-08-12T22:10:00,3,2D,ESPAÑOL,Tradicional,la-muerte-de-robin-hood
cinepolis-plaza-shangri-la-cordoba,443,83647,2026-08-12T19:20:00,3,2D,SUBTITULADA,Tradicional,la-muerte-de-robin-hood
cinepolis-plaza-shangri-la-cordoba,443,83457,2026-08-07T14:00:00,6,2D,ESPAÑOL,Tradicional,la-odisea
cinepolis-plaza-shangri-la-cordoba,443,83458,2026-08-07T17:30:00,6,2D,ESPAÑOL,Tradicional,la-odisea
cinepolis-plaza-shangri-la-cordoba,443,83463,2026-08-07T20:55:00,7,2D,ESPAÑOL,Tradicional,la-odisea
cinepolis-plaza-shangri-la-cordoba,443,83612,2026-08-08T12:10:00,8,2D,ESPAÑOL,Tradicional,la-odisea
cinepolis-plaza-shangri-la-cordoba,443,83601,2026-08-08T14:00:00,6,2D,ESPAÑOL,Tradicional,la-odisea
cinepolis-plaza-shangri-la-cordoba,443,83602,2026-08-08T17:30:00,6,2D,ESPAÑOL,Tradicional,la-odisea
cinepolis-plaza-shangri-la-cordoba,443,83608,2026-08-08T20:55:00,7,2D,ESPAÑOL,Tradicional,la-odisea
cinepolis-plaza-shangri-la-cordoba,443,83578,2026-08-09T12:10:00,8,2D,ESPAÑOL,Tradicional,la-odisea
cinepolis-plaza-shangri-la-cordoba,443,83568,2026-08-09T14:00:00,6,2D,ESPAÑOL,Tradicional,la-odisea
cinepolis-plaza-shangri-la-cordoba,443,83569,2026-08-09T17:30:00,6,2D,ESPAÑOL,Tradicional,la-odisea
cinepolis-plaza-shangri-la-cordoba,443,83574,2026-08-09T20:55:00,7,2D,ESPAÑOL,Tradicional,la-odisea
cinepolis-plaza-shangri-la-cordoba,443,83522,2026-08-10T12:15:00,8,2D,ESPAÑOL,Tradicional,la-odisea
cinepolis-plaza-shangri-la-cordoba,443,83512,2026-08-10T14:00:00,6,2D,ESPAÑOL,Tradicional,la-odisea
cinepolis-plaza-shangri-la-cordoba,443,83513,2026-08-10T17:30:00,6,2D,ESPAÑOL,Tradicional,la-odisea
cinepolis-plaza-shangri-la-cordoba,443,83518,2026-08-10T20:55:00,7,2D,ESPAÑOL,Tradicional,la-odisea
cinepolis-plaza-shangri-la-cordoba,443,83551,2026-08-11T12:15:00,8,2D,ESPAÑOL,Tradicional,la-odisea
cinepolis-plaza-shangri-la-cordoba,443,83541,2026-08-11T14:00:00,6,2D,ESPAÑOL,Tradicional,la-odisea
cinepolis-plaza-shangri-la-cordoba,443,83542,2026-08-11T17:30:00,6,2D,ESPAÑOL,Tradicional,la-odisea
cinepolis-plaza-shangri-la-cordoba,443,83547,2026-08-11T20:55:00,7,2D,ESPAÑOL,Tradicional,la-odisea
cinepolis-plaza-shangri-la-cordoba,443,83663,2026-08-12T12:15:00,2,2D,ESPAÑOL,Tradicional,la-odisea
cinepolis-plaza-shangri-la-cordoba,443,83656,2026-08-12T14:00:00,6,2D,ESPAÑOL,Tradicional,la-odisea
cinepolis-plaza-shangri-la-cordoba,443,83657,2026-08-12T17:30:00,6,2D,ESPAÑOL,Tradicional,la-odisea
cinepolis-plaza-shangri-la-cordoba,443,83662,2026-08-12T20:55:00,7,2D,ESPAÑOL,Tradicional,la-odisea
cinepolis-plaza-shangri-la-cordoba,443,82922,2026-08-12T12:00:00,8,2D,ESPAÑOL,Tradicional,paw-patrol-la-dino-pelicula
cinepolis-plaza-shangri-la-cordoba,443,82923,2026-08-12T14:25:00,8,2D,ESPAÑOL,Tradicional,paw-patrol-la-dino-pelicula
cinepolis-plaza-shangri-la-cordoba,443,82924,2026-08-12T16:40:00,8,2D,ESPAÑOL,Tradicional,paw-patrol-la-dino-pelicula
cinepolis-plaza-shangri-la-cordoba,443,82925,2026-08-12T18:40:00,8,2D,ESPAÑOL,Tradicional,paw-patrol-la-dino-pelicula
cinepolis-plaza-shangri-la-cordoba,443,82938,2026-08-13T13:45:00,5,2D,ESPAÑOL,Tradicional,paw-patrol-la-dino-pelicula
cinepolis-plaza-shangri-la-cordoba,443,82939,2026-08-13T16:00:00,5,2D,ESPAÑOL,Tradicional,paw-patrol-la-dino-pelicula
cinepolis-plaza-shangri-la-cordoba,443,82940,2026-08-13T18:15:00,5,2D,ESPAÑOL,Tradicional,paw-patrol-la-dino-pelicula
cinepolis-plaza-shangri-la-cordoba,443,82941,2026-08-13T20:30:00,5,2D,ESPAÑOL,Tradicional,paw-patrol-la-dino-pelicula
cinepolis-plaza-shangri-la-cordoba,443,82942,2026-08-14T13:45:00,5,2D,ESPAÑOL,Tradicional,paw-patrol-la-dino-pelicula
cinepolis-plaza-shangri-la-cordoba,443,82943,2026-08-14T16:00:00,5,2D,ESPAÑOL,Tradicional,paw-patrol-la-dino-pelicula
cinepolis-plaza-shangri-la-cordoba,443,82944,2026-08-14T18:15:00,5,2D,ESPAÑOL,Tradicional,paw-patrol-la-dino-pelicula
cinepolis-plaza-shangri-la-cordoba,443,82945,2026-08-14T20:30:00,5,2D,ESPAÑOL,Tradicional,paw-patrol-la-dino-pelicula
cinepolis-plaza-shangri-la-cordoba,443,82946,2026-08-15T12:00:00,5,2D,ESPAÑOL,Tradicional,paw-patrol-la-dino-pelicula
cinepolis-plaza-shangri-la-cordoba,443,82947,2026-08-15T14:05:00,5,2D,ESPAÑOL,Tradicional,paw-patrol-la-dino-pelicula
cinepolis-plaza-shangri-la-cordoba,443,82948,2026-08-15T16:10:00,5,2D,ESPAÑOL,Tradicional,paw-patrol-la-dino-pelicula
cinepolis-plaza-shangri-la-cordoba,443,82949,2026-08-15T18:20:00,5,2D,ESPAÑOL,Tradicional,paw-patrol-la-dino-pelicula
cinepolis-plaza-shangri-la-cordoba,443,82950,2026-08-15T20:25:00,5,2D,ESPAÑOL,Tradicional,paw-patrol-la-dino-pelicula
cinepolis-plaza-shangri-la-cordoba,443,82951,2026-08-16T12:00:00,5,2D,ESPAÑOL,Tradicional,paw-patrol-la-dino-pelicula
cinepolis-plaza-shangri-la-cordoba,443,82952,2026-08-16T14:05:00,5,2D,ESPAÑOL,Tradicional,paw-patrol-la-dino-pelicula
cinepolis-plaza-shangri-la-cordoba,443,82953,2026-08-16T16:10:00,5,2D,ESPAÑOL,Tradicional,paw-patrol-la-dino-pelicula
cinepolis-plaza-shangri-la-cordoba,443,82954,2026-08-16T18:20:00,5,2D,ESPAÑOL,Tradicional,paw-patrol-la-dino-pelicula
cinepolis-plaza-shangri-la-cordoba,443,82955,2026-08-16T20:25:00,5,2D,ESPAÑOL,Tradicional,paw-patrol-la-dino-pelicula
cinepolis-plaza-shangri-la-cordoba,443,82926,2026-08-17T13:45:00,5,2D,ESPAÑOL,Tradicional,paw-patrol-la-dino-pelicula
cinepolis-plaza-shangri-la-cordoba,443,82927,2026-08-17T16:00:00,5,2D,ESPAÑOL,Tradicional,paw-patrol-la-dino-pelicula
cinepolis-plaza-shangri-la-cordoba,443,82928,2026-08-17T18:15:00,5,2D,ESPAÑOL,Tradicional,paw-patrol-la-dino-pelicula
cinepolis-plaza-shangri-la-cordoba,443,82929,2026-08-17T20:30:00,5,2D,ESPAÑOL,Tradicional,paw-patrol-la-dino-pelicula
cinepolis-plaza-shangri-la-cordoba,443,82930,2026-08-18T13:45:00,5,2D,ESPAÑOL,Tradicional,paw-patrol-la-dino-pelicula
cinepolis-plaza-shangri-la-cordoba,443,82931,2026-08-18T16:00:00,5,2D,ESPAÑOL,Tradicional,paw-patrol-la-dino-pelicula
cinepolis-plaza-shangri-la-cordoba,443,82932,2026-08-18T18:15:00,5,2D,ESPAÑOL,Tradicional,paw-patrol-la-dino-pelicula
cinepolis-plaza-shangri-la-cordoba,443,82933,2026-08-18T20:30:00,5,2D,ESPAÑOL,Tradicional,paw-patrol-la-dino-pelicula
cinepolis-plaza-shangri-la-cordoba,443,82934,2026-08-19T13:45:00,5,2D,ESPAÑOL,Tradicional,paw-patrol-la-dino-pelicula
cinepolis-plaza-shangri-la-cordoba,443,82935,2026-08-19T16:00:00,5,2D,ESPAÑOL,Tradicional,paw-patrol-la-dino-pelicula
cinepolis-plaza-shangri-la-cordoba,443,82936,2026-08-19T18:15:00,5,2D,ESPAÑOL,Tradicional,paw-patrol-la-dino-pelicula
cinepolis-plaza-shangri-la-cordoba,443,82937,2026-08-19T20:30:00,5,2D,ESPAÑOL,Tradicional,paw-patrol-la-dino-pelicula
cinepolis-plaza-shangri-la-cordoba,443,83004,2026-08-27T19:40:00,8,2D,ESPAÑOL,Tradicional,sagrado-corazon
cinepolis-plaza-shangri-la-cordoba,443,83005,2026-08-27T22:00:00,8,2D,ESPAÑOL,Tradicional,sagrado-corazon
cinepolis-plaza-shangri-la-cordoba,443,83002,2026-08-28T19:40:00,8,2D,ESPAÑOL,Tradicional,sagrado-corazon
cinepolis-plaza-shangri-la-cordoba,443,83003,2026-08-28T22:00:00,8,2D,ESPAÑOL,Tradicional,sagrado-corazon
cinepolis-plaza-shangri-la-cordoba,443,83008,2026-08-29T19:00:00,8,2D,ESPAÑOL,Tradicional,sagrado-corazon
cinepolis-plaza-shangri-la-cordoba,443,83009,2026-08-29T21:15:00,8,2D,ESPAÑOL,Tradicional,sagrado-corazon
cinepolis-plaza-shangri-la-cordoba,443,83006,2026-08-30T19:00:00,8,2D,ESPAÑOL,Tradicional,sagrado-corazon
cinepolis-plaza-shangri-la-cordoba,443,83007,2026-08-30T21:15:00,8,2D,ESPAÑOL,Tradicional,sagrado-corazon
cinepolis-plaza-shangri-la-cordoba,443,83000,2026-08-31T19:40:00,8,2D,ESPAÑOL,Tradicional,sagrado-corazon
cinepolis-plaza-shangri-la-cordoba,443,83001,2026-08-31T22:00:00,8,2D,ESPAÑOL,Tradicional,sagrado-corazon
cinepolis-plaza-shangri-la-cordoba,443,82966,2026-09-01T19:40:00,8,2D,ESPAÑOL,Tradicional,sagrado-corazon
cinepolis-plaza-shangri-la-cordoba,443,82967,2026-09-01T22:00:00,8,2D,ESPAÑOL,Tradicional,sagrado-corazon
cinepolis-plaza-shangri-la-cordoba,443,82964,2026-09-02T19:40:00,8,2D,ESPAÑOL,Tradicional,sagrado-corazon
cinepolis-plaza-shangri-la-cordoba,443,82965,2026-09-02T22:00:00,8,2D,ESPAÑOL,Tradicional,sagrado-corazon
cinepolis-plaza-shangri-la-cordoba,443,83439,2026-08-07T13:40:00,1,2D,ESPAÑOL,Tradicional,spider-man-un-nuevo-dia
cinepolis-plaza-shangri-la-cordoba,443,83461,2026-08-07T14:50:00,7,2D,ESPAÑOL,Tradicional,spider-man-un-nuevo-dia
cinepolis-plaza-shangri-la-cordoba,443,83451,2026-08-07T15:30:00,4,2D,ESPAÑOL,Tradicional,spider-man-un-nuevo-dia
cinepolis-plaza-shangri-la-cordoba,443,83464,2026-08-07T16:00:00,8,2D,ESPAÑOL,Tradicional,spider-man-un-nuevo-dia
cinepolis-plaza-shangri-la-cordoba,443,83455,2026-08-07T16:25:00,5,2D,ESPAÑOL,Tradicional,spider-man-un-nuevo-dia
cinepolis-plaza-shangri-la-cordoba,443,83440,2026-08-07T17:00:00,1,2D,ESPAÑOL,Tradicional,spider-man-un-nuevo-dia
cinepolis-plaza-shangri-la-cordoba,443,83462,2026-08-07T17:50:00,7,2D,ESPAÑOL,Tradicional,spider-man-un-nuevo-dia
cinepolis-plaza-shangri-la-cordoba,443,83452,2026-08-07T18:25:00,4,2D,ESPAÑOL,Tradicional,spider-man-un-nuevo-dia
cinepolis-plaza-shangri-la-cordoba,443,83456,2026-08-07T19:35:00,5,2D,ESPAÑOL,Tradicional,spider-man-un-nuevo-dia
cinepolis-plaza-shangri-la-cordoba,443,83441,2026-08-07T20:05:00,1,2D,ESPAÑOL,Tradicional,spider-man-un-nuevo-dia
cinepolis-plaza-shangri-la-cordoba,443,83445,2026-08-07T20:30:00,2,2D,ESPAÑOL,Tradicional,spider-man-un-nuevo-dia
cinepolis-plaza-shangri-la-cordoba,443,83459,2026-08-07T21:10:00,6,2D,ESPAÑOL,Tradicional,spider-man-un-nuevo-dia
cinepolis-plaza-shangri-la-cordoba,443,83453,2026-08-07T21:35:00,4,2D,ESPAÑOL,Tradicional,spider-man-un-nuevo-dia
cinepolis-plaza-shangri-la-cordoba,443,83466,2026-08-07T22:00:00,8,2D,ESPAÑOL,Tradicional,spider-man-un-nuevo-dia
cinepolis-plaza-shangri-la-cordoba,443,83465,2026-08-07T18:55:00,8,2D,SUBTITULADA,Tradicional,spider-man-un-nuevo-dia
cinepolis-plaza-shangri-la-cordoba,443,83604,2026-08-08T11:00:00,6,2D,ESPAÑOL,Tradicional,spider-man-un-nuevo-dia
cinepolis-plaza-shangri-la-cordoba,443,83605,2026-08-08T11:45:00,7,2D,ESPAÑOL,Tradicional,spider-man-un-nuevo-dia
cinepolis-plaza-shangri-la-cordoba,443,83594,2026-08-08T12:25:00,4,2D,ESPAÑOL,Tradicional,spider-man-un-nuevo-dia
cinepolis-plaza-shangri-la-cordoba,443,83598,2026-08-08T13:00:00,5,2D,ESPAÑOL,Tradicional,spider-man-un-nuevo-dia
cinepolis-plaza-shangri-la-cordoba,443,83583,2026-08-08T13:40:00,1,2D,ESPAÑOL,Tradicional,spider-man-un-nuevo-dia
cinepolis-plaza-shangri-la-cordoba,443,83606,2026-08-08T14:50:00,7,2D,ESPAÑOL,Tradicional,spider-man-un-nuevo-dia
cinepolis-plaza-shangri-la-cordoba,443,83595,2026-08-08T15:30:00,4,2D,ESPAÑOL,Tradicional,spider-man-un-nuevo-dia
cinepolis-plaza-shangri-la-cordoba,443,83609,2026-08-08T16:00:00,8,2D,ESPAÑOL,Tradicional,spider-man-un-nuevo-dia
cinepolis-plaza-shangri-la-cordoba,443,83599,2026-08-08T16:25:00,5,2D,ESPAÑOL,Tradicional,spider-man-un-nuevo-dia
cinepolis-plaza-shangri-la-cordoba,443,83582,2026-08-08T17:00:00,1,3D,ESPAÑOL,Tradicional,spider-man-un-nuevo-dia
cinepolis-plaza-shangri-la-cordoba,443,83607,2026-08-08T17:50:00,7,2D,ESPAÑOL,Tradicional,spider-man-un-nuevo-dia
cinepolis-plaza-shangri-la-cordoba,443,83596,2026-08-08T18:25:00,4,2D,ESPAÑOL,Tradicional,spider-man-un-nuevo-dia
cinepolis-plaza-shangri-la-cordoba,443,83600,2026-08-08T19:35:00,5,2D,ESPAÑOL,Tradicional,spider-man-un-nuevo-dia
cinepolis-plaza-shangri-la-cordoba,443,83584,2026-08-08T20:05:00,1,2D,ESPAÑOL,Tradicional,spider-man-un-nuevo-dia
cinepolis-plaza-shangri-la-cordoba,443,83588,2026-08-08T20:30:00,2,2D,ESPAÑOL,Tradicional,spider-man-un-nuevo-dia
cinepolis-plaza-shangri-la-cordoba,443,83603,2026-08-08T21:10:00,6,2D,ESPAÑOL,Tradicional,spider-man-un-nuevo-dia
cinepolis-plaza-shangri-la-cordoba,443,83597,2026-08-08T21:35:00,4,2D,ESPAÑOL,Tradicional,spider-man-un-nuevo-dia
cinepolis-plaza-shangri-la-cordoba,443,83611,2026-08-08T22:00:00,8,2D,ESPAÑOL,Tradicional,spider-man-un-nuevo-dia
cinepolis-plaza-shangri-la-cordoba,443,83610,2026-08-08T18:55:00,8,2D,SUBTITULADA,Tradicional,spider-man-un-nuevo-dia
cinepolis-plaza-shangri-la-cordoba,443,83579,2026-08-09T11:00:00,6,2D,ESPAÑOL,Tradicional,spider-man-un-nuevo-dia
cinepolis-plaza-shangri-la-cordoba,443,83571,2026-08-09T11:45:00,7,2D,ESPAÑOL,Tradicional,spider-man-un-nuevo-dia
cinepolis-plaza-shangri-la-cordoba,443,83561,2026-08-09T12:25:00,4,2D,ESPAÑOL,Tradicional,spider-man-un-nuevo-dia
cinepolis-plaza-shangri-la-cordoba,443,83565,2026-08-09T13:00:00,5,2D,ESPAÑOL,Tradicional,spider-man-un-nuevo-dia
cinepolis-plaza-shangri-la-cordoba,443,83552,2026-08-09T13:40:00,1,2D,ESPAÑOL,Tradicional,spider-man-un-nuevo-dia
cinepolis-plaza-shangri-la-cordoba,443,83572,2026-08-09T14:50:00,7,2D,ESPAÑOL,Tradicional,spider-man-un-nuevo-dia
cinepolis-plaza-shangri-la-cordoba,443,83562,2026-08-09T15:30:00,4,2D,ESPAÑOL,Tradicional,spider-man-un-nuevo-dia
cinepolis-plaza-shangri-la-cordoba,443,83575,2026-08-09T16:00:00,8,2D,ESPAÑOL,Tradicional,spider-man-un-nuevo-dia
cinepolis-plaza-shangri-la-cordoba,443,83566,2026-08-09T16:25:00,5,2D,ESPAÑOL,Tradicional,spider-man-un-nuevo-dia
cinepolis-plaza-shangri-la-cordoba,443,83294,2026-08-09T17:00:00,1,3D,ESPAÑOL,Tradicional,spider-man-un-nuevo-dia
cinepolis-plaza-shangri-la-cordoba,443,83573,2026-08-09T17:50:00,7,2D,ESPAÑOL,Tradicional,spider-man-un-nuevo-dia
cinepolis-plaza-shangri-la-cordoba,443,83563,2026-08-09T18:25:00,4,2D,ESPAÑOL,Tradicional,spider-man-un-nuevo-dia
cinepolis-plaza-shangri-la-cordoba,443,83567,2026-08-09T19:35:00,5,2D,ESPAÑOL,Tradicional,spider-man-un-nuevo-dia
cinepolis-plaza-shangri-la-cordoba,443,83553,2026-08-09T20:05:00,1,2D,ESPAÑOL,Tradicional,spider-man-un-nuevo-dia
cinepolis-plaza-shangri-la-cordoba,443,83556,2026-08-09T20:30:00,2,2D,ESPAÑOL,Tradicional,spider-man-un-nuevo-dia
cinepolis-plaza-shangri-la-cordoba,443,83570,2026-08-09T21:10:00,6,2D,ESPAÑOL,Tradicional,spider-man-un-nuevo-dia
cinepolis-plaza-shangri-la-cordoba,443,83564,2026-08-09T21:35:00,4,2D,ESPAÑOL,Tradicional,spider-man-un-nuevo-dia
cinepolis-plaza-shangri-la-cordoba,443,83577,2026-08-09T22:00:00,8,2D,ESPAÑOL,Tradicional,spider-man-un-nuevo-dia
cinepolis-plaza-shangri-la-cordoba,443,83576,2026-08-09T18:55:00,8,2D,SUBTITULADA,Tradicional,spider-man-un-nuevo-dia
cinepolis-plaza-shangri-la-cordoba,443,83515,2026-08-10T11:50:00,7,2D,ESPAÑOL,Tradicional,spider-man-un-nuevo-dia
cinepolis-plaza-shangri-la-cordoba,443,83505,2026-08-10T12:30:00,4,2D,ESPAÑOL,Tradicional,spider-man-un-nuevo-dia
cinepolis-plaza-shangri-la-cordoba,443,83509,2026-08-10T13:00:00,5,2D,ESPAÑOL,Tradicional,spider-man-un-nuevo-dia
cinepolis-plaza-shangri-la-cordoba,443,83494,2026-08-10T13:40:00,1,2D,ESPAÑOL,Tradicional,spider-man-un-nuevo-dia
cinepolis-plaza-shangri-la-cordoba,443,83516,2026-08-10T14:50:00,7,2D,ESPAÑOL,Tradicional,spider-man-un-nuevo-dia
cinepolis-plaza-shangri-la-cordoba,443,83506,2026-08-10T15:30:00,4,2D,ESPAÑOL,Tradicional,spider-man-un-nuevo-dia
cinepolis-plaza-shangri-la-cordoba,443,83519,2026-08-10T16:00:00,8,2D,ESPAÑOL,Tradicional,spider-man-un-nuevo-dia
cinepolis-plaza-shangri-la-cordoba,443,83510,2026-08-10T16:25:00,5,2D,ESPAÑOL,Tradicional,spider-man-un-nuevo-dia
cinepolis-plaza-shangri-la-cordoba,443,83495,2026-08-10T17:00:00,1,2D,ESPAÑOL,Tradicional,spider-man-un-nuevo-dia
cinepolis-plaza-shangri-la-cordoba,443,83517,2026-08-10T17:50:00,7,2D,ESPAÑOL,Tradicional,spider-man-un-nuevo-dia
cinepolis-plaza-shangri-la-cordoba,443,83507,2026-08-10T18:25:00,4,2D,ESPAÑOL,Tradicional,spider-man-un-nuevo-dia
cinepolis-plaza-shangri-la-cordoba,443,83511,2026-08-10T19:35:00,5,2D,ESPAÑOL,Tradicional,spider-man-un-nuevo-dia
cinepolis-plaza-shangri-la-cordoba,443,83496,2026-08-10T20:05:00,1,2D,ESPAÑOL,Tradicional,spider-man-un-nuevo-dia
cinepolis-plaza-shangri-la-cordoba,443,83500,2026-08-10T20:30:00,2,2D,ESPAÑOL,Tradicional,spider-man-un-nuevo-dia
cinepolis-plaza-shangri-la-cordoba,443,83514,2026-08-10T21:10:00,6,2D,ESPAÑOL,Tradicional,spider-man-un-nuevo-dia
cinepolis-plaza-shangri-la-cordoba,443,83508,2026-08-10T21:35:00,4,2D,ESPAÑOL,Tradicional,spider-man-un-nuevo-dia
cinepolis-plaza-shangri-la-cordoba,443,83521,2026-08-10T22:00:00,8,2D,ESPAÑOL,Tradicional,spider-man-un-nuevo-dia
cinepolis-plaza-shangri-la-cordoba,443,83520,2026-08-10T18:55:00,8,2D,SUBTITULADA,Tradicional,spider-man-un-nuevo-dia
cinepolis-plaza-shangri-la-cordoba,443,83544,2026-08-11T11:50:00,7,2D,ESPAÑOL,Tradicional,spider-man-un-nuevo-dia
cinepolis-plaza-shangri-la-cordoba,443,83534,2026-08-11T12:30:00,4,2D,ESPAÑOL,Tradicional,spider-man-un-nuevo-dia
cinepolis-plaza-shangri-la-cordoba,443,83538,2026-08-11T13:00:00,5,2D,ESPAÑOL,Tradicional,spider-man-un-nuevo-dia
cinepolis-plaza-shangri-la-cordoba,443,83523,2026-08-11T13:40:00,1,2D,ESPAÑOL,Tradicional,spider-man-un-nuevo-dia
cinepolis-plaza-shangri-la-cordoba,443,83545,2026-08-11T14:50:00,7,2D,ESPAÑOL,Tradicional,spider-man-un-nuevo-dia
cinepolis-plaza-shangri-la-cordoba,443,83535,2026-08-11T15:30:00,4,2D,ESPAÑOL,Tradicional,spider-man-un-nuevo-dia
cinepolis-plaza-shangri-la-cordoba,443,83548,2026-08-11T16:00:00,8,2D,ESPAÑOL,Tradicional,spider-man-un-nuevo-dia
cinepolis-plaza-shangri-la-cordoba,443,83539,2026-08-11T16:25:00,5,2D,ESPAÑOL,Tradicional,spider-man-un-nuevo-dia
cinepolis-plaza-shangri-la-cordoba,443,83524,2026-08-11T17:00:00,1,2D,ESPAÑOL,Tradicional,spider-man-un-nuevo-dia
cinepolis-plaza-shangri-la-cordoba,443,83546,2026-08-11T17:50:00,7,2D,ESPAÑOL,Tradicional,spider-man-un-nuevo-dia
cinepolis-plaza-shangri-la-cordoba,443,83536,2026-08-11T18:25:00,4,2D,ESPAÑOL,Tradicional,spider-man-un-nuevo-dia
cinepolis-plaza-shangri-la-cordoba,443,83540,2026-08-11T19:35:00,5,2D,ESPAÑOL,Tradicional,spider-man-un-nuevo-dia
cinepolis-plaza-shangri-la-cordoba,443,83525,2026-08-11T20:05:00,1,2D,ESPAÑOL,Tradicional,spider-man-un-nuevo-dia
cinepolis-plaza-shangri-la-cordoba,443,83529,2026-08-11T20:30:00,2,2D,ESPAÑOL,Tradicional,spider-man-un-nuevo-dia
cinepolis-plaza-shangri-la-cordoba,443,83543,2026-08-11T21:10:00,6,2D,ESPAÑOL,Tradicional,spider-man-un-nuevo-dia
cinepolis-plaza-shangri-la-cordoba,443,83537,2026-08-11T21:35:00,4,2D,ESPAÑOL,Tradicional,spider-man-un-nuevo-dia
cinepolis-plaza-shangri-la-cordoba,443,83550,2026-08-11T22:00:00,8,2D,ESPAÑOL,Tradicional,spider-man-un-nuevo-dia
cinepolis-plaza-shangri-la-cordoba,443,83549,2026-08-11T18:55:00,8,2D,SUBTITULADA,Tradicional,spider-man-un-nuevo-dia
cinepolis-plaza-shangri-la-cordoba,443,83659,2026-08-12T11:50:00,7,2D,ESPAÑOL,Tradicional,spider-man-un-nuevo-dia
cinepolis-plaza-shangri-la-cordoba,443,83649,2026-08-12T12:30:00,4,2D,ESPAÑOL,Tradicional,spider-man-un-nuevo-dia
cinepolis-plaza-shangri-la-cordoba,443,83653,2026-08-12T13:00:00,5,2D,ESPAÑOL,Tradicional,spider-man-un-nuevo-dia
cinepolis-plaza-shangri-la-cordoba,443,83642,2026-08-12T13:40:00,1,2D,ESPAÑOL,Tradicional,spider-man-un-nuevo-dia
cinepolis-plaza-shangri-la-cordoba,443,83660,2026-08-12T14:50:00,7,2D,ESPAÑOL,Tradicional,spider-man-un-nuevo-dia
cinepolis-plaza-shangri-la-cordoba,443,83650,2026-08-12T15:25:00,4,2D,ESPAÑOL,Tradicional,spider-man-un-nuevo-dia
cinepolis-plaza-shangri-la-cordoba,443,83664,2026-08-12T16:00:00,2,2D,ESPAÑOL,Tradicional,spider-man-un-nuevo-dia
cinepolis-plaza-shangri-la-cordoba,443,83654,2026-08-12T16:25:00,5,2D,ESPAÑOL,Tradicional,spider-man-un-nuevo-dia
cinepolis-plaza-shangri-la-cordoba,443,83643,2026-08-12T17:00:00,1,2D,ESPAÑOL,Tradicional,spider-man-un-nuevo-dia
cinepolis-plaza-shangri-la-cordoba,443,83661,2026-08-12T17:50:00,7,2D,ESPAÑOL,Tradicional,spider-man-un-nuevo-dia
cinepolis-plaza-shangri-la-cordoba,443,83651,2026-08-12T18:20:00,4,2D,ESPAÑOL,Tradicional,spider-man-un-nuevo-dia
cinepolis-plaza-shangri-la-cordoba,443,83655,2026-08-12T19:40:00,5,2D,ESPAÑOL,Tradicional,spider-man-un-nuevo-dia
cinepolis-plaza-shangri-la-cordoba,443,83644,2026-08-12T20:10:00,1,2D,ESPAÑOL,Tradicional,spider-man-un-nuevo-dia
cinepolis-plaza-shangri-la-cordoba,443,83667,2026-08-12T20:40:00,8,2D,ESPAÑOL,Tradicional,spider-man-un-nuevo-dia
cinepolis-plaza-shangri-la-cordoba,443,83658,2026-08-12T21:10:00,6,2D,ESPAÑOL,Tradicional,spider-man-un-nuevo-dia
cinepolis-plaza-shangri-la-cordoba,443,83652,2026-08-12T21:35:00,4,2D,ESPAÑOL,Tradicional,spider-man-un-nuevo-dia
cinepolis-plaza-shangri-la-cordoba,443,83666,2026-08-12T22:00:00,2,2D,ESPAÑOL,Tradicional,spider-man-un-nuevo-dia
cinepolis-plaza-shangri-la-cordoba,443,83665,2026-08-12T19:00:00,2,2D,SUBTITULADA,Tradicional,spider-man-un-nuevo-dia
cinepolis-plaza-shangri-la-cordoba,443,83443,2026-08-07T14:25:00,2,2D,ESPAÑOL,Tradicional,toy-story-5
cinepolis-plaza-shangri-la-cordoba,443,83444,2026-08-07T16:45:00,2,2D,ESPAÑOL,Tradicional,toy-story-5
cinepolis-plaza-shangri-la-cordoba,443,83585,2026-08-08T11:20:00,1,2D,ESPAÑOL,Tradicional,toy-story-5
cinepolis-plaza-shangri-la-cordoba,443,83586,2026-08-08T14:25:00,2,2D,ESPAÑOL,Tradicional,toy-story-5
cinepolis-plaza-shangri-la-cordoba,443,83587,2026-08-08T16:45:00,2,2D,ESPAÑOL,Tradicional,toy-story-5
cinepolis-plaza-shangri-la-cordoba,443,83580,2026-08-09T11:20:00,1,2D,ESPAÑOL,Tradicional,toy-story-5
cinepolis-plaza-shangri-la-cordoba,443,83554,2026-08-09T14:25:00,2,2D,ESPAÑOL,Tradicional,toy-story-5
cinepolis-plaza-shangri-la-cordoba,443,83555,2026-08-09T16:45:00,2,2D,ESPAÑOL,Tradicional,toy-story-5
cinepolis-plaza-shangri-la-cordoba,443,83497,2026-08-10T12:00:00,2,2D,ESPAÑOL,Tradicional,toy-story-5
cinepolis-plaza-shangri-la-cordoba,443,83498,2026-08-10T14:25:00,2,2D,ESPAÑOL,Tradicional,toy-story-5
cinepolis-plaza-shangri-la-cordoba,443,83499,2026-08-10T16:45:00,2,2D,ESPAÑOL,Tradicional,toy-story-5
cinepolis-plaza-shangri-la-cordoba,443,83526,2026-08-11T12:00:00,2,2D,ESPAÑOL,Tradicional,toy-story-5
cinepolis-plaza-shangri-la-cordoba,443,83527,2026-08-11T14:25:00,2,2D,ESPAÑOL,Tradicional,toy-story-5
cinepolis-plaza-shangri-la-cordoba,443,83528,2026-08-11T16:45:00,2,2D,ESPAÑOL,Tradicional,toy-story-5
cinepolis-plaza-museo-xalapa,125,98685,2026-08-14T17:00:00,1,2D,ORIGINAL,Tradicional,2026-cortis-tour-put-your-phone-down-en-vivo
cinepolis-plaza-museo-xalapa,125,98625,2026-08-07T14:45:00,5,2D,SUBTITULADA,Tradicional,el-dia-d-bajo-presion
cinepolis-plaza-museo-xalapa,125,98626,2026-08-07T17:20:00,5,2D,SUBTITULADA,Tradicional,el-dia-d-bajo-presion
cinepolis-plaza-museo-xalapa,125,98627,2026-08-07T19:45:00,5,2D,SUBTITULADA,Tradicional,el-dia-d-bajo-presion
cinepolis-plaza-museo-xalapa,125,98628,2026-08-07T22:05:00,5,2D,SUBTITULADA,Tradicional,el-dia-d-bajo-presion
cinepolis-plaza-museo-xalapa,125,98369,2026-08-08T11:20:00,5,2D,SUBTITULADA,Tradicional,el-dia-d-bajo-presion
cinepolis-plaza-museo-xalapa,125,98370,2026-08-08T13:45:00,5,2D,SUBTITULADA,Tradicional,el-dia-d-bajo-presion
cinepolis-plaza-museo-xalapa,125,98371,2026-08-08T16:15:00,5,2D,SUBTITULADA,Tradicional,el-dia-d-bajo-presion
cinepolis-plaza-museo-xalapa,125,98372,2026-08-08T18:45:00,5,2D,SUBTITULADA,Tradicional,el-dia-d-bajo-presion
cinepolis-plaza-museo-xalapa,125,98373,2026-08-08T21:15:00,5,2D,SUBTITULADA,Tradicional,el-dia-d-bajo-presion
cinepolis-plaza-museo-xalapa,125,98776,2026-08-09T11:20:00,5,2D,SUBTITULADA,Tradicional,el-dia-d-bajo-presion
cinepolis-plaza-museo-xalapa,125,98777,2026-08-09T13:45:00,5,2D,SUBTITULADA,Tradicional,el-dia-d-bajo-presion
cinepolis-plaza-museo-xalapa,125,98778,2026-08-09T16:15:00,5,2D,SUBTITULADA,Tradicional,el-dia-d-bajo-presion
cinepolis-plaza-museo-xalapa,125,98779,2026-08-09T18:45:00,5,2D,SUBTITULADA,Tradicional,el-dia-d-bajo-presion
cinepolis-plaza-museo-xalapa,125,98780,2026-08-09T21:15:00,5,2D,SUBTITULADA,Tradicional,el-dia-d-bajo-presion
cinepolis-plaza-museo-xalapa,125,98662,2026-08-10T12:15:00,5,2D,SUBTITULADA,Tradicional,el-dia-d-bajo-presion
cinepolis-plaza-museo-xalapa,125,98663,2026-08-10T14:45:00,5,2D,SUBTITULADA,Tradicional,el-dia-d-bajo-presion
cinepolis-plaza-museo-xalapa,125,98664,2026-08-10T17:20:00,5,2D,SUBTITULADA,Tradicional,el-dia-d-bajo-presion
cinepolis-plaza-museo-xalapa,125,98665,2026-08-10T19:45:00,5,2D,SUBTITULADA,Tradicional,el-dia-d-bajo-presion
cinepolis-plaza-museo-xalapa,125,98666,2026-08-10T22:05:00,5,2D,SUBTITULADA,Tradicional,el-dia-d-bajo-presion
cinepolis-plaza-museo-xalapa,125,98701,2026-08-11T12:15:00,5,2D,SUBTITULADA,Tradicional,el-dia-d-bajo-presion
cinepolis-plaza-museo-xalapa,125,98702,2026-08-11T14:45:00,5,2D,SUBTITULADA,Tradicional,el-dia-d-bajo-presion
cinepolis-plaza-museo-xalapa,125,98703,2026-08-11T17:20:00,5,2D,SUBTITULADA,Tradicional,el-dia-d-bajo-presion
cinepolis-plaza-museo-xalapa,125,98704,2026-08-11T19:45:00,5,2D,SUBTITULADA,Tradicional,el-dia-d-bajo-presion
cinepolis-plaza-museo-xalapa,125,98705,2026-08-11T22:05:00,5,2D,SUBTITULADA,Tradicional,el-dia-d-bajo-presion
cinepolis-plaza-museo-xalapa,125,98739,2026-08-12T12:15:00,5,2D,SUBTITULADA,Tradicional,el-dia-d-bajo-presion
cinepolis-plaza-museo-xalapa,125,98740,2026-08-12T14:45:00,5,2D,SUBTITULADA,Tradicional,el-dia-d-bajo-presion
cinepolis-plaza-museo-xalapa,125,98741,2026-08-12T17:20:00,5,2D,SUBTITULADA,Tradicional,el-dia-d-bajo-presion
cinepolis-plaza-museo-xalapa,125,98742,2026-08-12T19:45:00,5,2D,SUBTITULADA,Tradicional,el-dia-d-bajo-presion
cinepolis-plaza-museo-xalapa,125,98743,2026-08-12T22:05:00,5,2D,SUBTITULADA,Tradicional,el-dia-d-bajo-presion
cinepolis-plaza-museo-xalapa,125,98722,2026-08-11T18:15:00,6,2D,SUBTITULADA,Tradicional,el-final-de-la-calle-oak
cinepolis-plaza-museo-xalapa,125,98723,2026-08-11T21:00:00,6,2D,SUBTITULADA,Tradicional,el-final-de-la-calle-oak
cinepolis-plaza-museo-xalapa,125,97959,2026-08-27T14:30:00,8,2D,ESPAÑOL,Tradicional,harry-potter-y-la-piedra-filosofal-25
cinepolis-plaza-museo-xalapa,125,97960,2026-08-27T18:00:00,8,2D,ESPAÑOL,Tradicional,harry-potter-y-la-piedra-filosofal-25
cinepolis-plaza-museo-xalapa,125,97951,2026-08-28T14:30:00,8,2D,ESPAÑOL,Tradicional,harry-potter-y-la-piedra-filosofal-25
cinepolis-plaza-museo-xalapa,125,97952,2026-08-28T18:00:00,8,2D,ESPAÑOL,Tradicional,harry-potter-y-la-piedra-filosofal-25
cinepolis-plaza-museo-xalapa,125,97953,2026-08-29T18:00:00,8,2D,ESPAÑOL,Tradicional,harry-potter-y-la-piedra-filosofal-25
cinepolis-plaza-museo-xalapa,125,97954,2026-08-29T21:30:00,8,2D,ESPAÑOL,Tradicional,harry-potter-y-la-piedra-filosofal-25
cinepolis-plaza-museo-xalapa,125,97955,2026-08-30T18:00:00,8,2D,ESPAÑOL,Tradicional,harry-potter-y-la-piedra-filosofal-25
cinepolis-plaza-museo-xalapa,125,97956,2026-08-30T21:30:00,8,2D,ESPAÑOL,Tradicional,harry-potter-y-la-piedra-filosofal-25
cinepolis-plaza-museo-xalapa,125,97957,2026-08-31T14:30:00,8,2D,ESPAÑOL,Tradicional,harry-potter-y-la-piedra-filosofal-25
cinepolis-plaza-museo-xalapa,125,97958,2026-08-31T18:00:00,8,2D,ESPAÑOL,Tradicional,harry-potter-y-la-piedra-filosofal-25
cinepolis-plaza-museo-xalapa,125,97961,2026-09-01T14:30:00,8,2D,ESPAÑOL,Tradicional,harry-potter-y-la-piedra-filosofal-25
cinepolis-plaza-museo-xalapa,125,97962,2026-09-01T18:00:00,8,2D,ESPAÑOL,Tradicional,harry-potter-y-la-piedra-filosofal-25
cinepolis-plaza-museo-xalapa,125,97963,2026-09-02T14:30:00,8,2D,ESPAÑOL,Tradicional,harry-potter-y-la-piedra-filosofal-25
cinepolis-plaza-museo-xalapa,125,97964,2026-09-02T18:00:00,8,2D,ESPAÑOL,Tradicional,harry-potter-y-la-piedra-filosofal-25
cinepolis-plaza-museo-xalapa,125,98644,2026-08-07T14:15:00,10,2D,ESPAÑOL,Tradicional,hasta-el-fin-del-mundo
cinepolis-plaza-museo-xalapa,125,98422,2026-08-08T13:20:00,4,2D,ESPAÑOL,Tradicional,hasta-el-fin-del-mundo
cinepolis-plaza-museo-xalapa,125,98772,2026-08-09T13:20:00,4,2D,ESPAÑOL,Tradicional,hasta-el-fin-del-mundo
cinepolis-plaza-museo-xalapa,125,98682,2026-08-10T14:15:00,10,2D,ESPAÑOL,Tradicional,hasta-el-fin-del-mundo
cinepolis-plaza-museo-xalapa,125,98719,2026-08-11T14:15:00,10,2D,ESPAÑOL,Tradicional,hasta-el-fin-del-mundo
cinepolis-plaza-museo-xalapa,125,98757,2026-08-12T14:15:00,10,2D,ESPAÑOL,Tradicional,hasta-el-fin-del-mundo
cinepolis-plaza-museo-xalapa,125,98621,2026-08-07T16:15:00,4,2D,ESPAÑOL,Tradicional,insaciable
cinepolis-plaza-museo-xalapa,125,98622,2026-08-07T18:45:00,4,2D,ESPAÑOL,Tradicional,insaciable
cinepolis-plaza-museo-xalapa,125,98277,2026-08-08T19:15:00,7,2D,ESPAÑOL,Tradicional,insaciable
cinepolis-plaza-museo-xalapa,125,98278,2026-08-08T21:45:00,7,2D,ESPAÑOL,Tradicional,insaciable
cinepolis-plaza-museo-xalapa,125,98788,2026-08-09T19:15:00,7,2D,ESPAÑOL,Tradicional,insaciable
cinepolis-plaza-museo-xalapa,125,98789,2026-08-09T21:45:00,7,2D,ESPAÑOL,Tradicional,insaciable
cinepolis-plaza-museo-xalapa,125,98659,2026-08-10T16:15:00,4,2D,ESPAÑOL,Tradicional,insaciable
cinepolis-plaza-museo-xalapa,125,98660,2026-08-10T18:45:00,4,2D,ESPAÑOL,Tradicional,insaciable
cinepolis-plaza-museo-xalapa,125,98698,2026-08-11T16:15:00,4,2D,ESPAÑOL,Tradicional,insaciable
cinepolis-plaza-museo-xalapa,125,98699,2026-08-11T18:45:00,4,2D,ESPAÑOL,Tradicional,insaciable
cinepolis-plaza-museo-xalapa,125,98736,2026-08-12T16:15:00,4,2D,ESPAÑOL,Tradicional,insaciable
cinepolis-plaza-museo-xalapa,125,98737,2026-08-12T18:45:00,4,2D,ESPAÑOL,Tradicional,insaciable
cinepolis-plaza-museo-xalapa,125,98633,2026-08-07T15:15:00,7,2D,ESPAÑOL,Tradicional,la-muerte-de-robin-hood
cinepolis-plaza-museo-xalapa,125,98635,2026-08-07T20:45:00,7,2D,ESPAÑOL,Tradicional,la-muerte-de-robin-hood
cinepolis-plaza-museo-xalapa,125,98634,2026-08-07T17:55:00,7,2D,SUBTITULADA,Tradicional,la-muerte-de-robin-hood
cinepolis-plaza-museo-xalapa,125,98252,2026-08-08T11:40:00,6,2D,ESPAÑOL,Tradicional,la-muerte-de-robin-hood
cinepolis-plaza-museo-xalapa,125,98253,2026-08-08T14:15:00,6,2D,ESPAÑOL,Tradicional,la-muerte-de-robin-hood
cinepolis-plaza-museo-xalapa,125,98254,2026-08-08T17:15:00,6,2D,ESPAÑOL,Tradicional,la-muerte-de-robin-hood
cinepolis-plaza-museo-xalapa,125,98255,2026-08-08T19:50:00,6,2D,SUBTITULADA,Tradicional,la-muerte-de-robin-hood
cinepolis-plaza-museo-xalapa,125,98781,2026-08-09T11:40:00,6,2D,ESPAÑOL,Tradicional,la-muerte-de-robin-hood
cinepolis-plaza-museo-xalapa,125,98782,2026-08-09T14:15:00,6,2D,ESPAÑOL,Tradicional,la-muerte-de-robin-hood
cinepolis-plaza-museo-xalapa,125,98783,2026-08-09T17:15:00,6,2D,ESPAÑOL,Tradicional,la-muerte-de-robin-hood
cinepolis-plaza-museo-xalapa,125,98784,2026-08-09T19:50:00,6,2D,SUBTITULADA,Tradicional,la-muerte-de-robin-hood
cinepolis-plaza-museo-xalapa,125,98670,2026-08-10T12:40:00,7,2D,ESPAÑOL,Tradicional,la-muerte-de-robin-hood
cinepolis-plaza-museo-xalapa,125,98671,2026-08-10T15:15:00,7,2D,ESPAÑOL,Tradicional,la-muerte-de-robin-hood
cinepolis-plaza-museo-xalapa,125,98673,2026-08-10T20:45:00,7,2D,ESPAÑOL,Tradicional,la-muerte-de-robin-hood
cinepolis-plaza-museo-xalapa,125,98672,2026-08-10T17:55:00,7,2D,SUBTITULADA,Tradicional,la-muerte-de-robin-hood
cinepolis-plaza-museo-xalapa,125,98708,2026-08-11T12:40:00,7,2D,ESPAÑOL,Tradicional,la-muerte-de-robin-hood
cinepolis-plaza-museo-xalapa,125,98709,2026-08-11T15:15:00,7,2D,ESPAÑOL,Tradicional,la-muerte-de-robin-hood
cinepolis-plaza-museo-xalapa,125,98711,2026-08-11T20:45:00,7,2D,ESPAÑOL,Tradicional,la-muerte-de-robin-hood
cinepolis-plaza-museo-xalapa,125,98710,2026-08-11T17:55:00,7,2D,SUBTITULADA,Tradicional,la-muerte-de-robin-hood
cinepolis-plaza-museo-xalapa,125,98745,2026-08-12T12:40:00,7,2D,ESPAÑOL,Tradicional,la-muerte-de-robin-hood
cinepolis-plaza-museo-xalapa,125,98746,2026-08-12T15:15:00,7,2D,ESPAÑOL,Tradicional,la-muerte-de-robin-hood
cinepolis-plaza-museo-xalapa,125,98748,2026-08-12T20:45:00,7,2D,ESPAÑOL,Tradicional,la-muerte-de-robin-hood
cinepolis-plaza-museo-xalapa,125,98747,2026-08-12T17:55:00,7,2D,SUBTITULADA,Tradicional,la-muerte-de-robin-hood
cinepolis-plaza-museo-xalapa,125,98614,2026-08-07T16:45:00,2,2D,ESPAÑOL,Tradicional,la-odisea
cinepolis-plaza-museo-xalapa,125,98615,2026-08-07T20:15:00,2,2D,ESPAÑOL,Tradicional,la-odisea
cinepolis-plaza-museo-xalapa,125,98623,2026-08-07T21:15:00,4,2D,ESPAÑOL,Tradicional,la-odisea
cinepolis-plaza-museo-xalapa,125,98398,2026-08-08T12:45:00,3,2D,ESPAÑOL,Tradicional,la-odisea
cinepolis-plaza-museo-xalapa,125,98447,2026-08-08T13:30:00,10,2D,ESPAÑOL,Tradicional,la-odisea
cinepolis-plaza-museo-xalapa,125,98399,2026-08-08T16:30:00,3,2D,ESPAÑOL,Tradicional,la-odisea
cinepolis-plaza-museo-xalapa,125,98400,2026-08-08T20:15:00,3,2D,ESPAÑOL,Tradicional,la-odisea
cinepolis-plaza-museo-xalapa,125,98768,2026-08-09T12:45:00,3,2D,ESPAÑOL,Tradicional,la-odisea
cinepolis-plaza-museo-xalapa,125,98798,2026-08-09T13:30:00,10,2D,ESPAÑOL,Tradicional,la-odisea
cinepolis-plaza-museo-xalapa,125,98769,2026-08-09T16:30:00,3,2D,ESPAÑOL,Tradicional,la-odisea
cinepolis-plaza-museo-xalapa,125,98770,2026-08-09T20:15:00,3,2D,ESPAÑOL,Tradicional,la-odisea
cinepolis-plaza-museo-xalapa,125,98651,2026-08-10T13:05:00,2,2D,ESPAÑOL,Tradicional,la-odisea
cinepolis-plaza-museo-xalapa,125,98652,2026-08-10T16:45:00,2,2D,ESPAÑOL,Tradicional,la-odisea
cinepolis-plaza-museo-xalapa,125,98653,2026-08-10T20:15:00,2,2D,ESPAÑOL,Tradicional,la-odisea
cinepolis-plaza-museo-xalapa,125,98661,2026-08-10T21:15:00,4,2D,ESPAÑOL,Tradicional,la-odisea
cinepolis-plaza-museo-xalapa,125,98690,2026-08-11T13:05:00,2,2D,ESPAÑOL,Tradicional,la-odisea
cinepolis-plaza-museo-xalapa,125,98691,2026-08-11T16:45:00,2,2D,ESPAÑOL,Tradicional,la-odisea
cinepolis-plaza-museo-xalapa,125,98692,2026-08-11T20:15:00,2,2D,ESPAÑOL,Tradicional,la-odisea
cinepolis-plaza-museo-xalapa,125,98700,2026-08-11T21:15:00,4,2D,ESPAÑOL,Tradicional,la-odisea
cinepolis-plaza-museo-xalapa,125,98728,2026-08-12T13:05:00,2,2D,ESPAÑOL,Tradicional,la-odisea
cinepolis-plaza-museo-xalapa,125,98729,2026-08-12T16:45:00,2,2D,ESPAÑOL,Tradicional,la-odisea
cinepolis-plaza-museo-xalapa,125,98730,2026-08-12T20:15:00,2,2D,ESPAÑOL,Tradicional,la-odisea
cinepolis-plaza-museo-xalapa,125,98738,2026-08-12T21:15:00,4,2D,ESPAÑOL,Tradicional,la-odisea
cinepolis-plaza-museo-xalapa,125,98620,2026-08-07T13:45:00,4,2D,ESPAÑOL,Tradicional,minions-y-monstruos
cinepolis-plaza-museo-xalapa,125,98421,2026-08-08T11:00:00,4,2D,ESPAÑOL,Tradicional,minions-y-monstruos
cinepolis-plaza-museo-xalapa,125,98424,2026-08-08T18:15:00,4,2D,ESPAÑOL,Tradicional,minions-y-monstruos
cinepolis-plaza-museo-xalapa,125,98771,2026-08-09T11:00:00,4,2D,ESPAÑOL,Tradicional,minions-y-monstruos
cinepolis-plaza-museo-xalapa,125,98774,2026-08-09T18:15:00,4,2D,ESPAÑOL,Tradicional,minions-y-monstruos
cinepolis-plaza-museo-xalapa,125,98658,2026-08-10T13:45:00,4,2D,ESPAÑOL,Tradicional,minions-y-monstruos
cinepolis-plaza-museo-xalapa,125,98697,2026-08-11T13:45:00,4,2D,ESPAÑOL,Tradicional,minions-y-monstruos
cinepolis-plaza-museo-xalapa,125,98735,2026-08-12T13:45:00,4,2D,ESPAÑOL,Tradicional,minions-y-monstruos
cinepolis-plaza-museo-xalapa,125,97902,2026-08-12T12:10:00,6,2D,ESPAÑOL,Tradicional,paw-patrol-la-dino-pelicula
cinepolis-plaza-museo-xalapa,125,97903,2026-08-12T14:30:00,6,2D,ESPAÑOL,Tradicional,paw-patrol-la-dino-pelicula
cinepolis-plaza-museo-xalapa,125,97904,2026-08-12T16:45:00,6,2D,ESPAÑOL,Tradicional,paw-patrol-la-dino-pelicula
cinepolis-plaza-museo-xalapa,125,97905,2026-08-12T18:55:00,6,2D,ESPAÑOL,Tradicional,paw-patrol-la-dino-pelicula
cinepolis-plaza-museo-xalapa,125,97906,2026-08-13T14:00:00,8,2D,ESPAÑOL,Tradicional,paw-patrol-la-dino-pelicula
cinepolis-plaza-museo-xalapa,125,97907,2026-08-13T16:05:00,8,2D,ESPAÑOL,Tradicional,paw-patrol-la-dino-pelicula
cinepolis-plaza-museo-xalapa,125,97908,2026-08-13T18:15:00,8,2D,ESPAÑOL,Tradicional,paw-patrol-la-dino-pelicula
cinepolis-plaza-museo-xalapa,125,97909,2026-08-13T20:25:00,8,2D,ESPAÑOL,Tradicional,paw-patrol-la-dino-pelicula
cinepolis-plaza-museo-xalapa,125,97910,2026-08-14T14:00:00,8,2D,ESPAÑOL,Tradicional,paw-patrol-la-dino-pelicula
cinepolis-plaza-museo-xalapa,125,97911,2026-08-14T16:05:00,8,2D,ESPAÑOL,Tradicional,paw-patrol-la-dino-pelicula
cinepolis-plaza-museo-xalapa,125,97912,2026-08-14T18:15:00,8,2D,ESPAÑOL,Tradicional,paw-patrol-la-dino-pelicula
cinepolis-plaza-museo-xalapa,125,97913,2026-08-14T20:25:00,8,2D,ESPAÑOL,Tradicional,paw-patrol-la-dino-pelicula
cinepolis-plaza-museo-xalapa,125,97930,2026-08-15T12:30:00,8,2D,ESPAÑOL,Tradicional,paw-patrol-la-dino-pelicula
cinepolis-plaza-museo-xalapa,125,97926,2026-08-15T14:30:00,8,2D,ESPAÑOL,Tradicional,paw-patrol-la-dino-pelicula
cinepolis-plaza-museo-xalapa,125,97927,2026-08-15T16:30:00,8,2D,ESPAÑOL,Tradicional,paw-patrol-la-dino-pelicula
cinepolis-plaza-museo-xalapa,125,97928,2026-08-15T18:30:00,8,2D,ESPAÑOL,Tradicional,paw-patrol-la-dino-pelicula
cinepolis-plaza-museo-xalapa,125,97929,2026-08-15T20:30:00,8,2D,ESPAÑOL,Tradicional,paw-patrol-la-dino-pelicula
cinepolis-plaza-museo-xalapa,125,97935,2026-08-16T12:30:00,8,2D,ESPAÑOL,Tradicional,paw-patrol-la-dino-pelicula
cinepolis-plaza-museo-xalapa,125,97931,2026-08-16T14:30:00,8,2D,ESPAÑOL,Tradicional,paw-patrol-la-dino-pelicula
cinepolis-plaza-museo-xalapa,125,97932,2026-08-16T16:30:00,8,2D,ESPAÑOL,Tradicional,paw-patrol-la-dino-pelicula
cinepolis-plaza-museo-xalapa,125,97933,2026-08-16T18:30:00,8,2D,ESPAÑOL,Tradicional,paw-patrol-la-dino-pelicula
cinepolis-plaza-museo-xalapa,125,97934,2026-08-16T20:30:00,8,2D,ESPAÑOL,Tradicional,paw-patrol-la-dino-pelicula
cinepolis-plaza-museo-xalapa,125,97914,2026-08-17T14:00:00,8,2D,ESPAÑOL,Tradicional,paw-patrol-la-dino-pelicula
cinepolis-plaza-museo-xalapa,125,97915,2026-08-17T16:05:00,8,2D,ESPAÑOL,Tradicional,paw-patrol-la-dino-pelicula
cinepolis-plaza-museo-xalapa,125,97916,2026-08-17T18:15:00,8,2D,ESPAÑOL,Tradicional,paw-patrol-la-dino-pelicula
cinepolis-plaza-museo-xalapa,125,97917,2026-08-17T20:25:00,8,2D,ESPAÑOL,Tradicional,paw-patrol-la-dino-pelicula
cinepolis-plaza-museo-xalapa,125,97918,2026-08-18T14:00:00,8,2D,ESPAÑOL,Tradicional,paw-patrol-la-dino-pelicula
cinepolis-plaza-museo-xalapa,125,97919,2026-08-18T16:05:00,8,2D,ESPAÑOL,Tradicional,paw-patrol-la-dino-pelicula
cinepolis-plaza-museo-xalapa,125,97920,2026-08-18T18:15:00,8,2D,ESPAÑOL,Tradicional,paw-patrol-la-dino-pelicula
cinepolis-plaza-museo-xalapa,125,97921,2026-08-18T20:25:00,8,2D,ESPAÑOL,Tradicional,paw-patrol-la-dino-pelicula
cinepolis-plaza-museo-xalapa,125,97922,2026-08-19T14:00:00,8,2D,ESPAÑOL,Tradicional,paw-patrol-la-dino-pelicula
cinepolis-plaza-museo-xalapa,125,97923,2026-08-19T16:05:00,8,2D,ESPAÑOL,Tradicional,paw-patrol-la-dino-pelicula
cinepolis-plaza-museo-xalapa,125,97924,2026-08-19T18:15:00,8,2D,ESPAÑOL,Tradicional,paw-patrol-la-dino-pelicula
cinepolis-plaza-museo-xalapa,125,97925,2026-08-19T20:25:00,8,2D,ESPAÑOL,Tradicional,paw-patrol-la-dino-pelicula
cinepolis-plaza-museo-xalapa,125,97948,2026-08-27T19:00:00,6,2D,ESPAÑOL,Tradicional,sagrado-corazon
cinepolis-plaza-museo-xalapa,125,97949,2026-08-27T21:15:00,6,2D,ESPAÑOL,Tradicional,sagrado-corazon
cinepolis-plaza-museo-xalapa,125,97936,2026-08-28T19:00:00,6,2D,ESPAÑOL,Tradicional,sagrado-corazon
cinepolis-plaza-museo-xalapa,125,97937,2026-08-28T21:15:00,6,2D,ESPAÑOL,Tradicional,sagrado-corazon
cinepolis-plaza-museo-xalapa,125,97938,2026-08-29T16:00:00,6,2D,ESPAÑOL,Tradicional,sagrado-corazon
cinepolis-plaza-museo-xalapa,125,97939,2026-08-29T18:15:00,6,2D,ESPAÑOL,Tradicional,sagrado-corazon
cinepolis-plaza-museo-xalapa,125,97940,2026-08-30T16:00:00,6,2D,ESPAÑOL,Tradicional,sagrado-corazon
cinepolis-plaza-museo-xalapa,125,97941,2026-08-30T18:15:00,6,2D,ESPAÑOL,Tradicional,sagrado-corazon
cinepolis-plaza-museo-xalapa,125,97942,2026-08-31T19:00:00,6,2D,ESPAÑOL,Tradicional,sagrado-corazon
cinepolis-plaza-museo-xalapa,125,97943,2026-08-31T21:15:00,6,2D,ESPAÑOL,Tradicional,sagrado-corazon
cinepolis-plaza-museo-xalapa,125,97946,2026-09-01T19:00:00,6,2D,ESPAÑOL,Tradicional,sagrado-corazon
cinepolis-plaza-museo-xalapa,125,97947,2026-09-01T21:15:00,6,2D,ESPAÑOL,Tradicional,sagrado-corazon
cinepolis-plaza-museo-xalapa,125,97944,2026-09-02T19:00:00,6,2D,ESPAÑOL,Tradicional,sagrado-corazon
cinepolis-plaza-museo-xalapa,125,97945,2026-09-02T21:15:00,6,2D,ESPAÑOL,Tradicional,sagrado-corazon
cinepolis-plaza-museo-xalapa,125,98629,2026-08-07T14:00:00,6,2D,ESPAÑOL,Tradicional,spider-man-un-nuevo-dia
cinepolis-plaza-museo-xalapa,125,98641,2026-08-07T15:00:00,9,3D,ESPAÑOL,Tradicional,spider-man-un-nuevo-dia
cinepolis-plaza-museo-xalapa,125,98610,2026-08-07T15:30:00,1,2D,ESPAÑOL,Tradicional,spider-man-un-nuevo-dia
cinepolis-plaza-museo-xalapa,125,98637,2026-08-07T16:00:00,8,2D,ESPAÑOL,Tradicional,spider-man-un-nuevo-dia
cinepolis-plaza-museo-xalapa,125,98645,2026-08-07T16:30:00,10,2D,ESPAÑOL,Tradicional,spider-man-un-nuevo-dia
cinepolis-plaza-museo-xalapa,125,98630,2026-08-07T17:00:00,6,2D,ESPAÑOL,Tradicional,spider-man-un-nuevo-dia
cinepolis-plaza-museo-xalapa,125,98642,2026-08-07T18:00:00,9,3D,ESPAÑOL,Tradicional,spider-man-un-nuevo-dia
cinepolis-plaza-museo-xalapa,125,98611,2026-08-07T18:30:00,1,2D,ESPAÑOL,Tradicional,spider-man-un-nuevo-dia
cinepolis-plaza-museo-xalapa,125,98646,2026-08-07T19:30:00,10,2D,ESPAÑOL,Tradicional,spider-man-un-nuevo-dia
cinepolis-plaza-museo-xalapa,125,98631,2026-08-07T20:00:00,6,2D,ESPAÑOL,Tradicional,spider-man-un-nuevo-dia
cinepolis-plaza-museo-xalapa,125,98619,2026-08-07T20:30:00,3,2D,ESPAÑOL,Tradicional,spider-man-un-nuevo-dia
cinepolis-plaza-museo-xalapa,125,98643,2026-08-07T21:00:00,9,2D,ESPAÑOL,Tradicional,spider-man-un-nuevo-dia
cinepolis-plaza-museo-xalapa,125,98612,2026-08-07T21:30:00,1,2D,ESPAÑOL,Tradicional,spider-man-un-nuevo-dia
cinepolis-plaza-museo-xalapa,125,98639,2026-08-07T22:00:00,8,2D,ESPAÑOL,Tradicional,spider-man-un-nuevo-dia
cinepolis-plaza-museo-xalapa,125,98638,2026-08-07T19:00:00,8,2D,SUBTITULADA,Tradicional,spider-man-un-nuevo-dia
cinepolis-plaza-museo-xalapa,125,98228,2026-08-08T11:30:00,9,2D,ESPAÑOL,Tradicional,spider-man-un-nuevo-dia
cinepolis-plaza-museo-xalapa,125,98321,2026-08-08T12:00:00,2,2D,ESPAÑOL,Tradicional,spider-man-un-nuevo-dia
cinepolis-plaza-museo-xalapa,125,98343,2026-08-08T12:30:00,8,2D,ESPAÑOL,Tradicional,spider-man-un-nuevo-dia
cinepolis-plaza-museo-xalapa,125,98299,2026-08-08T13:00:00,1,2D,ESPAÑOL,Tradicional,spider-man-un-nuevo-dia
cinepolis-plaza-museo-xalapa,125,98229,2026-08-08T14:30:00,9,2D,ESPAÑOL,Tradicional,spider-man-un-nuevo-dia
cinepolis-plaza-museo-xalapa,125,98322,2026-08-08T15:00:00,2,3D,ESPAÑOL,Tradicional,spider-man-un-nuevo-dia
cinepolis-plaza-museo-xalapa,125,98344,2026-08-08T15:30:00,8,2D,ESPAÑOL,Tradicional,spider-man-un-nuevo-dia
cinepolis-plaza-museo-xalapa,125,98300,2026-08-08T16:00:00,1,2D,ESPAÑOL,Tradicional,spider-man-un-nuevo-dia
cinepolis-plaza-museo-xalapa,125,98607,2026-08-08T17:00:00,10,2D,ESPAÑOL,Tradicional,spider-man-un-nuevo-dia
cinepolis-plaza-museo-xalapa,125,98230,2026-08-08T17:30:00,9,2D,ESPAÑOL,Tradicional,spider-man-un-nuevo-dia
cinepolis-plaza-museo-xalapa,125,98323,2026-08-08T18:00:00,2,3D,ESPAÑOL,Tradicional,spider-man-un-nuevo-dia
cinepolis-plaza-museo-xalapa,125,98345,2026-08-08T18:30:00,8,2D,ESPAÑOL,Tradicional,spider-man-un-nuevo-dia
cinepolis-plaza-museo-xalapa,125,98445,2026-08-08T20:00:00,10,2D,ESPAÑOL,Tradicional,spider-man-un-nuevo-dia
cinepolis-plaza-museo-xalapa,125,98231,2026-08-08T20:30:00,9,2D,ESPAÑOL,Tradicional,spider-man-un-nuevo-dia
cinepolis-plaza-museo-xalapa,125,98324,2026-08-08T21:00:00,2,2D,ESPAÑOL,Tradicional,spider-man-un-nuevo-dia
cinepolis-plaza-museo-xalapa,125,98346,2026-08-08T21:30:00,8,2D,ESPAÑOL,Tradicional,spider-man-un-nuevo-dia
cinepolis-plaza-museo-xalapa,125,98302,2026-08-08T22:00:00,1,2D,ESPAÑOL,Tradicional,spider-man-un-nuevo-dia
cinepolis-plaza-museo-xalapa,125,98301,2026-08-08T19:00:00,1,2D,SUBTITULADA,Tradicional,spider-man-un-nuevo-dia
cinepolis-plaza-museo-xalapa,125,98794,2026-08-09T11:30:00,9,2D,ESPAÑOL,Tradicional,spider-man-un-nuevo-dia
cinepolis-plaza-museo-xalapa,125,98764,2026-08-09T12:00:00,2,2D,ESPAÑOL,Tradicional,spider-man-un-nuevo-dia
cinepolis-plaza-museo-xalapa,125,98790,2026-08-09T12:30:00,8,2D,ESPAÑOL,Tradicional,spider-man-un-nuevo-dia
cinepolis-plaza-museo-xalapa,125,98760,2026-08-09T13:00:00,1,2D,ESPAÑOL,Tradicional,spider-man-un-nuevo-dia
cinepolis-plaza-museo-xalapa,125,98795,2026-08-09T14:30:00,9,2D,ESPAÑOL,Tradicional,spider-man-un-nuevo-dia
cinepolis-plaza-museo-xalapa,125,98765,2026-08-09T15:00:00,2,3D,ESPAÑOL,Tradicional,spider-man-un-nuevo-dia
cinepolis-plaza-museo-xalapa,125,98791,2026-08-09T15:30:00,8,2D,ESPAÑOL,Tradicional,spider-man-un-nuevo-dia
cinepolis-plaza-museo-xalapa,125,98761,2026-08-09T16:00:00,1,2D,ESPAÑOL,Tradicional,spider-man-un-nuevo-dia
cinepolis-plaza-museo-xalapa,125,98799,2026-08-09T17:00:00,10,2D,ESPAÑOL,Tradicional,spider-man-un-nuevo-dia
cinepolis-plaza-museo-xalapa,125,98796,2026-08-09T17:30:00,9,2D,ESPAÑOL,Tradicional,spider-man-un-nuevo-dia
cinepolis-plaza-museo-xalapa,125,98766,2026-08-09T18:00:00,2,3D,ESPAÑOL,Tradicional,spider-man-un-nuevo-dia
cinepolis-plaza-museo-xalapa,125,98792,2026-08-09T18:30:00,8,2D,ESPAÑOL,Tradicional,spider-man-un-nuevo-dia
cinepolis-plaza-museo-xalapa,125,98800,2026-08-09T20:00:00,10,2D,ESPAÑOL,Tradicional,spider-man-un-nuevo-dia
cinepolis-plaza-museo-xalapa,125,98797,2026-08-09T20:30:00,9,2D,ESPAÑOL,Tradicional,spider-man-un-nuevo-dia
cinepolis-plaza-museo-xalapa,125,98767,2026-08-09T21:00:00,2,2D,ESPAÑOL,Tradicional,spider-man-un-nuevo-dia
cinepolis-plaza-museo-xalapa,125,98793,2026-08-09T21:30:00,8,2D,ESPAÑOL,Tradicional,spider-man-un-nuevo-dia
cinepolis-plaza-museo-xalapa,125,98763,2026-08-09T22:00:00,1,2D,ESPAÑOL,Tradicional,spider-man-un-nuevo-dia
cinepolis-plaza-museo-xalapa,125,98762,2026-08-09T19:00:00,1,2D,SUBTITULADA,Tradicional,spider-man-un-nuevo-dia
cinepolis-plaza-museo-xalapa,125,98678,2026-08-10T12:00:00,9,2D,ESPAÑOL,Tradicional,spider-man-un-nuevo-dia
cinepolis-plaza-museo-xalapa,125,98647,2026-08-10T12:30:00,1,2D,ESPAÑOL,Tradicional,spider-man-un-nuevo-dia
cinepolis-plaza-museo-xalapa,125,98674,2026-08-10T13:00:00,8,2D,ESPAÑOL,Tradicional,spider-man-un-nuevo-dia
cinepolis-plaza-museo-xalapa,125,98667,2026-08-10T14:00:00,6,2D,ESPAÑOL,Tradicional,spider-man-un-nuevo-dia
cinepolis-plaza-museo-xalapa,125,98679,2026-08-10T15:00:00,9,3D,ESPAÑOL,Tradicional,spider-man-un-nuevo-dia
cinepolis-plaza-museo-xalapa,125,98648,2026-08-10T15:30:00,1,2D,ESPAÑOL,Tradicional,spider-man-un-nuevo-dia
cinepolis-plaza-museo-xalapa,125,98675,2026-08-10T16:00:00,8,2D,ESPAÑOL,Tradicional,spider-man-un-nuevo-dia
cinepolis-plaza-museo-xalapa,125,98683,2026-08-10T16:30:00,10,2D,ESPAÑOL,Tradicional,spider-man-un-nuevo-dia
cinepolis-plaza-museo-xalapa,125,98668,2026-08-10T17:00:00,6,2D,ESPAÑOL,Tradicional,spider-man-un-nuevo-dia
cinepolis-plaza-museo-xalapa,125,98680,2026-08-10T18:00:00,9,3D,ESPAÑOL,Tradicional,spider-man-un-nuevo-dia
cinepolis-plaza-museo-xalapa,125,98649,2026-08-10T18:30:00,1,2D,ESPAÑOL,Tradicional,spider-man-un-nuevo-dia
cinepolis-plaza-museo-xalapa,125,98684,2026-08-10T19:30:00,10,2D,ESPAÑOL,Tradicional,spider-man-un-nuevo-dia
cinepolis-plaza-museo-xalapa,125,98669,2026-08-10T20:00:00,6,2D,ESPAÑOL,Tradicional,spider-man-un-nuevo-dia
cinepolis-plaza-museo-xalapa,125,98657,2026-08-10T20:30:00,3,2D,ESPAÑOL,Tradicional,spider-man-un-nuevo-dia
cinepolis-plaza-museo-xalapa,125,98681,2026-08-10T21:00:00,9,2D,ESPAÑOL,Tradicional,spider-man-un-nuevo-dia
cinepolis-plaza-museo-xalapa,125,98650,2026-08-10T21:30:00,1,2D,ESPAÑOL,Tradicional,spider-man-un-nuevo-dia
cinepolis-plaza-museo-xalapa,125,98677,2026-08-10T22:00:00,8,2D,ESPAÑOL,Tradicional,spider-man-un-nuevo-dia
cinepolis-plaza-museo-xalapa,125,98676,2026-08-10T19:00:00,8,2D,SUBTITULADA,Tradicional,spider-man-un-nuevo-dia
cinepolis-plaza-museo-xalapa,125,98706,2026-08-11T12:00:00,6,2D,ESPAÑOL,Tradicional,spider-man-un-nuevo-dia
cinepolis-plaza-museo-xalapa,125,98686,2026-08-11T12:30:00,1,2D,ESPAÑOL,Tradicional,spider-man-un-nuevo-dia
cinepolis-plaza-museo-xalapa,125,98712,2026-08-11T13:00:00,8,2D,ESPAÑOL,Tradicional,spider-man-un-nuevo-dia
cinepolis-plaza-museo-xalapa,125,98716,2026-08-11T14:00:00,9,3D,ESPAÑOL,Tradicional,spider-man-un-nuevo-dia
cinepolis-plaza-museo-xalapa,125,98707,2026-08-11T15:00:00,6,2D,ESPAÑOL,Tradicional,spider-man-un-nuevo-dia
cinepolis-plaza-museo-xalapa,125,98687,2026-08-11T15:30:00,1,2D,ESPAÑOL,Tradicional,spider-man-un-nuevo-dia
cinepolis-plaza-museo-xalapa,125,98713,2026-08-11T16:00:00,8,2D,ESPAÑOL,Tradicional,spider-man-un-nuevo-dia
cinepolis-plaza-museo-xalapa,125,98720,2026-08-11T16:30:00,10,2D,ESPAÑOL,Tradicional,spider-man-un-nuevo-dia
cinepolis-plaza-museo-xalapa,125,98717,2026-08-11T17:00:00,9,3D,ESPAÑOL,Tradicional,spider-man-un-nuevo-dia
cinepolis-plaza-museo-xalapa,125,98688,2026-08-11T18:30:00,1,2D,ESPAÑOL,Tradicional,spider-man-un-nuevo-dia
cinepolis-plaza-museo-xalapa,125,98721,2026-08-11T19:30:00,10,2D,ESPAÑOL,Tradicional,spider-man-un-nuevo-dia
cinepolis-plaza-museo-xalapa,125,98718,2026-08-11T20:00:00,9,3D,ESPAÑOL,Tradicional,spider-man-un-nuevo-dia
cinepolis-plaza-museo-xalapa,125,98696,2026-08-11T20:30:00,3,2D,ESPAÑOL,Tradicional,spider-man-un-nuevo-dia
cinepolis-plaza-museo-xalapa,125,98689,2026-08-11T21:30:00,1,2D,ESPAÑOL,Tradicional,spider-man-un-nuevo-dia
cinepolis-plaza-museo-xalapa,125,98715,2026-08-11T22:00:00,8,2D,ESPAÑOL,Tradicional,spider-man-un-nuevo-dia
cinepolis-plaza-museo-xalapa,125,98714,2026-08-11T19:00:00,8,2D,SUBTITULADA,Tradicional,spider-man-un-nuevo-dia
cinepolis-plaza-museo-xalapa,125,98753,2026-08-12T12:00:00,9,2D,ESPAÑOL,Tradicional,spider-man-un-nuevo-dia
cinepolis-plaza-museo-xalapa,125,98724,2026-08-12T12:30:00,1,2D,ESPAÑOL,Tradicional,spider-man-un-nuevo-dia
cinepolis-plaza-museo-xalapa,125,98749,2026-08-12T13:00:00,8,2D,ESPAÑOL,Tradicional,spider-man-un-nuevo-dia
cinepolis-plaza-museo-xalapa,125,98754,2026-08-12T15:00:00,9,3D,ESPAÑOL,Tradicional,spider-man-un-nuevo-dia
cinepolis-plaza-museo-xalapa,125,98725,2026-08-12T15:30:00,1,2D,ESPAÑOL,Tradicional,spider-man-un-nuevo-dia
cinepolis-plaza-museo-xalapa,125,98750,2026-08-12T16:00:00,8,2D,ESPAÑOL,Tradicional,spider-man-un-nuevo-dia
cinepolis-plaza-museo-xalapa,125,98758,2026-08-12T16:30:00,10,2D,ESPAÑOL,Tradicional,spider-man-un-nuevo-dia
cinepolis-plaza-museo-xalapa,125,98755,2026-08-12T18:00:00,9,3D,ESPAÑOL,Tradicional,spider-man-un-nuevo-dia
cinepolis-plaza-museo-xalapa,125,98726,2026-08-12T18:30:00,1,2D,ESPAÑOL,Tradicional,spider-man-un-nuevo-dia
cinepolis-plaza-museo-xalapa,125,98759,2026-08-12T19:30:00,10,2D,ESPAÑOL,Tradicional,spider-man-un-nuevo-dia
cinepolis-plaza-museo-xalapa,125,98734,2026-08-12T20:30:00,3,2D,ESPAÑOL,Tradicional,spider-man-un-nuevo-dia
cinepolis-plaza-museo-xalapa,125,98756,2026-08-12T21:00:00,9,2D,ESPAÑOL,Tradicional,spider-man-un-nuevo-dia
cinepolis-plaza-museo-xalapa,125,98744,2026-08-12T21:10:00,6,2D,ESPAÑOL,Tradicional,spider-man-un-nuevo-dia
cinepolis-plaza-museo-xalapa,125,98727,2026-08-12T21:30:00,1,2D,ESPAÑOL,Tradicional,spider-man-un-nuevo-dia
cinepolis-plaza-museo-xalapa,125,98752,2026-08-12T22:00:00,8,2D,ESPAÑOL,Tradicional,spider-man-un-nuevo-dia
cinepolis-plaza-museo-xalapa,125,98751,2026-08-12T19:00:00,8,2D,SUBTITULADA,Tradicional,spider-man-un-nuevo-dia
cinepolis-plaza-museo-xalapa,125,98617,2026-08-07T15:45:00,3,2D,ESPAÑOL,Tradicional,toy-story-5
cinepolis-plaza-museo-xalapa,125,98618,2026-08-07T18:10:00,3,2D,ESPAÑOL,Tradicional,toy-story-5
cinepolis-plaza-museo-xalapa,125,98608,2026-08-08T12:05:00,7,2D,ESPAÑOL,Tradicional,toy-story-5
cinepolis-plaza-museo-xalapa,125,98275,2026-08-08T14:25:00,7,2D,ESPAÑOL,Tradicional,toy-story-5
cinepolis-plaza-museo-xalapa,125,98423,2026-08-08T15:45:00,4,2D,ESPAÑOL,Tradicional,toy-story-5
cinepolis-plaza-museo-xalapa,125,98276,2026-08-08T16:50:00,7,2D,ESPAÑOL,Tradicional,toy-story-5
cinepolis-plaza-museo-xalapa,125,98425,2026-08-08T20:45:00,4,2D,ESPAÑOL,Tradicional,toy-story-5
cinepolis-plaza-museo-xalapa,125,98785,2026-08-09T12:05:00,7,2D,ESPAÑOL,Tradicional,toy-story-5
cinepolis-plaza-museo-xalapa,125,98786,2026-08-09T14:25:00,7,2D,ESPAÑOL,Tradicional,toy-story-5
cinepolis-plaza-museo-xalapa,125,98773,2026-08-09T15:45:00,4,2D,ESPAÑOL,Tradicional,toy-story-5
cinepolis-plaza-museo-xalapa,125,98787,2026-08-09T16:50:00,7,2D,ESPAÑOL,Tradicional,toy-story-5
cinepolis-plaza-museo-xalapa,125,98775,2026-08-09T20:45:00,4,2D,ESPAÑOL,Tradicional,toy-story-5
cinepolis-plaza-museo-xalapa,125,98654,2026-08-10T13:20:00,3,2D,ESPAÑOL,Tradicional,toy-story-5
cinepolis-plaza-museo-xalapa,125,98655,2026-08-10T15:45:00,3,2D,ESPAÑOL,Tradicional,toy-story-5
cinepolis-plaza-museo-xalapa,125,98656,2026-08-10T18:10:00,3,2D,ESPAÑOL,Tradicional,toy-story-5
cinepolis-plaza-museo-xalapa,125,98693,2026-08-11T13:20:00,3,2D,ESPAÑOL,Tradicional,toy-story-5
cinepolis-plaza-museo-xalapa,125,98694,2026-08-11T15:45:00,3,2D,ESPAÑOL,Tradicional,toy-story-5
cinepolis-plaza-museo-xalapa,125,98695,2026-08-11T18:10:00,3,2D,ESPAÑOL,Tradicional,toy-story-5
cinepolis-plaza-museo-xalapa,125,98731,2026-08-12T13:20:00,3,2D,ESPAÑOL,Tradicional,toy-story-5
cinepolis-plaza-museo-xalapa,125,98732,2026-08-12T15:45:00,3,2D,ESPAÑOL,Tradicional,toy-story-5
cinepolis-plaza-museo-xalapa,125,98733,2026-08-12T18:10:00,3,2D,ESPAÑOL,Tradicional,toy-story-5
cinepolis-plaza-crystal-xalapa,040,64163,2026-08-07T13:40:00,4,2D,ESPAÑOL,Tradicional,la-muerte-de-robin-hood
cinepolis-plaza-crystal-xalapa,040,64164,2026-08-07T16:10:00,4,2D,ESPAÑOL,Tradicional,la-muerte-de-robin-hood
cinepolis-plaza-crystal-xalapa,040,64165,2026-08-07T19:25:00,4,2D,ESPAÑOL,Tradicional,la-muerte-de-robin-hood
cinepolis-plaza-crystal-xalapa,040,64166,2026-08-07T22:00:00,4,2D,ESPAÑOL,Tradicional,la-muerte-de-robin-hood
cinepolis-plaza-crystal-xalapa,040,64319,2026-08-08T13:40:00,4,2D,ESPAÑOL,Tradicional,la-muerte-de-robin-hood
cinepolis-plaza-crystal-xalapa,040,64320,2026-08-08T16:10:00,4,2D,ESPAÑOL,Tradicional,la-muerte-de-robin-hood
cinepolis-plaza-crystal-xalapa,040,64321,2026-08-08T19:25:00,4,2D,ESPAÑOL,Tradicional,la-muerte-de-robin-hood
cinepolis-plaza-crystal-xalapa,040,64322,2026-08-08T22:00:00,4,2D,ESPAÑOL,Tradicional,la-muerte-de-robin-hood
cinepolis-plaza-crystal-xalapa,040,64345,2026-08-09T13:40:00,4,2D,ESPAÑOL,Tradicional,la-muerte-de-robin-hood
cinepolis-plaza-crystal-xalapa,040,64346,2026-08-09T16:10:00,4,2D,ESPAÑOL,Tradicional,la-muerte-de-robin-hood
cinepolis-plaza-crystal-xalapa,040,64347,2026-08-09T19:25:00,4,2D,ESPAÑOL,Tradicional,la-muerte-de-robin-hood
cinepolis-plaza-crystal-xalapa,040,64348,2026-08-09T22:00:00,4,2D,ESPAÑOL,Tradicional,la-muerte-de-robin-hood
cinepolis-plaza-crystal-xalapa,040,64369,2026-08-10T13:40:00,4,2D,ESPAÑOL,Tradicional,la-muerte-de-robin-hood
cinepolis-plaza-crystal-xalapa,040,64370,2026-08-10T16:10:00,4,2D,ESPAÑOL,Tradicional,la-muerte-de-robin-hood
cinepolis-plaza-crystal-xalapa,040,64371,2026-08-10T19:25:00,4,2D,ESPAÑOL,Tradicional,la-muerte-de-robin-hood
cinepolis-plaza-crystal-xalapa,040,64372,2026-08-10T22:00:00,4,2D,ESPAÑOL,Tradicional,la-muerte-de-robin-hood
cinepolis-plaza-crystal-xalapa,040,64392,2026-08-11T13:40:00,4,2D,ESPAÑOL,Tradicional,la-muerte-de-robin-hood
cinepolis-plaza-crystal-xalapa,040,64393,2026-08-11T16:10:00,4,2D,ESPAÑOL,Tradicional,la-muerte-de-robin-hood
cinepolis-plaza-crystal-xalapa,040,64394,2026-08-11T19:25:00,4,2D,ESPAÑOL,Tradicional,la-muerte-de-robin-hood
cinepolis-plaza-crystal-xalapa,040,64395,2026-08-11T22:00:00,4,2D,ESPAÑOL,Tradicional,la-muerte-de-robin-hood
cinepolis-plaza-crystal-xalapa,040,64441,2026-08-12T13:30:00,4,2D,ESPAÑOL,Tradicional,la-muerte-de-robin-hood
cinepolis-plaza-crystal-xalapa,040,64442,2026-08-12T16:50:00,4,2D,ESPAÑOL,Tradicional,la-muerte-de-robin-hood
cinepolis-plaza-crystal-xalapa,040,64443,2026-08-12T19:20:00,4,2D,ESPAÑOL,Tradicional,la-muerte-de-robin-hood
cinepolis-plaza-crystal-xalapa,040,64444,2026-08-12T21:50:00,4,2D,ESPAÑOL,Tradicional,la-muerte-de-robin-hood
cinepolis-plaza-crystal-xalapa,040,64192,2026-08-07T20:00:00,6,2D,ESPAÑOL,Tradicional,la-odisea
cinepolis-plaza-crystal-xalapa,040,64331,2026-08-08T20:00:00,6,2D,ESPAÑOL,Tradicional,la-odisea
cinepolis-plaza-crystal-xalapa,040,64357,2026-08-09T20:00:00,6,2D,ESPAÑOL,Tradicional,la-odisea
cinepolis-plaza-crystal-xalapa,040,64380,2026-08-10T20:00:00,6,2D,ESPAÑOL,Tradicional,la-odisea
cinepolis-plaza-crystal-xalapa,040,64403,2026-08-11T20:00:00,6,2D,ESPAÑOL,Tradicional,la-odisea
cinepolis-plaza-crystal-xalapa,040,64449,2026-08-12T20:40:00,6,2D,ESPAÑOL,Tradicional,la-odisea
cinepolis-plaza-crystal-xalapa,040,64456,2026-08-15T21:00:00,1,2D,ESPAÑOL,Tradicional,lmd-solo-la-mas-2
cinepolis-plaza-crystal-xalapa,040,64239,2026-08-07T17:00:00,5,2D,ESPAÑOL,Tradicional,minions-y-monstruos
cinepolis-plaza-crystal-xalapa,040,64318,2026-08-08T11:40:00,4,2D,ESPAÑOL,Tradicional,minions-y-monstruos
cinepolis-plaza-crystal-xalapa,040,64323,2026-08-08T12:20:00,5,2D,ESPAÑOL,Tradicional,minions-y-monstruos
cinepolis-plaza-crystal-xalapa,040,64325,2026-08-08T17:00:00,5,2D,ESPAÑOL,Tradicional,minions-y-monstruos
cinepolis-plaza-crystal-xalapa,040,64344,2026-08-09T11:40:00,4,2D,ESPAÑOL,Tradicional,minions-y-monstruos
cinepolis-plaza-crystal-xalapa,040,64349,2026-08-09T12:20:00,5,2D,ESPAÑOL,Tradicional,minions-y-monstruos
cinepolis-plaza-crystal-xalapa,040,64351,2026-08-09T17:00:00,5,2D,ESPAÑOL,Tradicional,minions-y-monstruos
cinepolis-plaza-crystal-xalapa,040,64373,2026-08-10T12:20:00,5,2D,ESPAÑOL,Tradicional,minions-y-monstruos
cinepolis-plaza-crystal-xalapa,040,64375,2026-08-10T17:00:00,5,2D,ESPAÑOL,Tradicional,minions-y-monstruos
cinepolis-plaza-crystal-xalapa,040,64396,2026-08-11T12:20:00,5,2D,ESPAÑOL,Tradicional,minions-y-monstruos
cinepolis-plaza-crystal-xalapa,040,64398,2026-08-11T17:00:00,5,2D,ESPAÑOL,Tradicional,minions-y-monstruos
cinepolis-plaza-crystal-xalapa,040,64445,2026-08-12T12:40:00,5,2D,ESPAÑOL,Tradicional,minions-y-monstruos
cinepolis-plaza-crystal-xalapa,040,64446,2026-08-12T15:25:00,5,2D,ESPAÑOL,Tradicional,minions-y-monstruos
cinepolis-plaza-crystal-xalapa,040,63935,2026-08-12T12:20:00,6,2D,ESPAÑOL,Tradicional,paw-patrol-la-dino-pelicula
cinepolis-plaza-crystal-xalapa,040,63936,2026-08-12T14:30:00,6,2D,ESPAÑOL,Tradicional,paw-patrol-la-dino-pelicula
cinepolis-plaza-crystal-xalapa,040,63937,2026-08-12T16:30:00,6,2D,ESPAÑOL,Tradicional,paw-patrol-la-dino-pelicula
cinepolis-plaza-crystal-xalapa,040,63938,2026-08-12T18:30:00,6,2D,ESPAÑOL,Tradicional,paw-patrol-la-dino-pelicula
cinepolis-plaza-crystal-xalapa,040,63943,2026-08-13T14:00:00,2,2D,ESPAÑOL,Tradicional,paw-patrol-la-dino-pelicula
cinepolis-plaza-crystal-xalapa,040,63944,2026-08-13T16:10:00,2,2D,ESPAÑOL,Tradicional,paw-patrol-la-dino-pelicula
cinepolis-plaza-crystal-xalapa,040,63945,2026-08-13T18:20:00,2,2D,ESPAÑOL,Tradicional,paw-patrol-la-dino-pelicula
cinepolis-plaza-crystal-xalapa,040,63984,2026-08-13T20:25:00,2,2D,ESPAÑOL,Tradicional,paw-patrol-la-dino-pelicula
cinepolis-plaza-crystal-xalapa,040,63947,2026-08-14T14:00:00,2,2D,ESPAÑOL,Tradicional,paw-patrol-la-dino-pelicula
cinepolis-plaza-crystal-xalapa,040,63948,2026-08-14T16:10:00,2,2D,ESPAÑOL,Tradicional,paw-patrol-la-dino-pelicula
cinepolis-plaza-crystal-xalapa,040,63949,2026-08-14T18:20:00,2,2D,ESPAÑOL,Tradicional,paw-patrol-la-dino-pelicula
cinepolis-plaza-crystal-xalapa,040,63950,2026-08-14T20:30:00,2,2D,ESPAÑOL,Tradicional,paw-patrol-la-dino-pelicula
cinepolis-plaza-crystal-xalapa,040,63951,2026-08-15T12:10:00,2,2D,ESPAÑOL,Tradicional,paw-patrol-la-dino-pelicula
cinepolis-plaza-crystal-xalapa,040,63952,2026-08-15T14:10:00,2,2D,ESPAÑOL,Tradicional,paw-patrol-la-dino-pelicula
cinepolis-plaza-crystal-xalapa,040,63953,2026-08-15T16:20:00,2,2D,ESPAÑOL,Tradicional,paw-patrol-la-dino-pelicula
cinepolis-plaza-crystal-xalapa,040,63954,2026-08-15T18:20:00,2,2D,ESPAÑOL,Tradicional,paw-patrol-la-dino-pelicula
cinepolis-plaza-crystal-xalapa,040,63967,2026-08-15T20:30:00,2,2D,ESPAÑOL,Tradicional,paw-patrol-la-dino-pelicula
cinepolis-plaza-crystal-xalapa,040,63968,2026-08-16T12:10:00,2,2D,ESPAÑOL,Tradicional,paw-patrol-la-dino-pelicula
cinepolis-plaza-crystal-xalapa,040,63969,2026-08-16T14:10:00,2,2D,ESPAÑOL,Tradicional,paw-patrol-la-dino-pelicula
cinepolis-plaza-crystal-xalapa,040,63970,2026-08-16T16:20:00,2,2D,ESPAÑOL,Tradicional,paw-patrol-la-dino-pelicula
cinepolis-plaza-crystal-xalapa,040,63971,2026-08-16T18:20:00,2,2D,ESPAÑOL,Tradicional,paw-patrol-la-dino-pelicula
cinepolis-plaza-crystal-xalapa,040,63972,2026-08-16T20:30:00,2,2D,ESPAÑOL,Tradicional,paw-patrol-la-dino-pelicula
cinepolis-plaza-crystal-xalapa,040,63955,2026-08-17T14:00:00,2,2D,ESPAÑOL,Tradicional,paw-patrol-la-dino-pelicula
cinepolis-plaza-crystal-xalapa,040,63956,2026-08-17T16:10:00,2,2D,ESPAÑOL,Tradicional,paw-patrol-la-dino-pelicula
cinepolis-plaza-crystal-xalapa,040,63957,2026-08-17T18:20:00,2,2D,ESPAÑOL,Tradicional,paw-patrol-la-dino-pelicula
cinepolis-plaza-crystal-xalapa,040,63958,2026-08-17T20:30:00,2,2D,ESPAÑOL,Tradicional,paw-patrol-la-dino-pelicula
cinepolis-plaza-crystal-xalapa,040,63959,2026-08-18T14:00:00,2,2D,ESPAÑOL,Tradicional,paw-patrol-la-dino-pelicula
cinepolis-plaza-crystal-xalapa,040,63960,2026-08-18T16:10:00,2,2D,ESPAÑOL,Tradicional,paw-patrol-la-dino-pelicula
cinepolis-plaza-crystal-xalapa,040,63961,2026-08-18T18:20:00,2,2D,ESPAÑOL,Tradicional,paw-patrol-la-dino-pelicula
cinepolis-plaza-crystal-xalapa,040,63962,2026-08-18T20:30:00,2,2D,ESPAÑOL,Tradicional,paw-patrol-la-dino-pelicula
cinepolis-plaza-crystal-xalapa,040,63963,2026-08-19T14:00:00,2,2D,ESPAÑOL,Tradicional,paw-patrol-la-dino-pelicula
cinepolis-plaza-crystal-xalapa,040,63964,2026-08-19T16:10:00,2,2D,ESPAÑOL,Tradicional,paw-patrol-la-dino-pelicula
cinepolis-plaza-crystal-xalapa,040,63965,2026-08-19T18:20:00,2,2D,ESPAÑOL,Tradicional,paw-patrol-la-dino-pelicula
cinepolis-plaza-crystal-xalapa,040,63966,2026-08-19T20:30:00,2,2D,ESPAÑOL,Tradicional,paw-patrol-la-dino-pelicula
cinepolis-plaza-crystal-xalapa,040,64213,2026-08-07T14:15:00,3,2D,ESPAÑOL,Tradicional,spider-man-un-nuevo-dia
cinepolis-plaza-crystal-xalapa,040,64265,2026-08-07T15:00:00,1,3D,ESPAÑOL,Tradicional,spider-man-un-nuevo-dia
cinepolis-plaza-crystal-xalapa,040,64288,2026-08-07T15:35:00,2,2D,ESPAÑOL,Tradicional,spider-man-un-nuevo-dia
cinepolis-plaza-crystal-xalapa,040,64191,2026-08-07T16:30:00,6,2D,ESPAÑOL,Tradicional,spider-man-un-nuevo-dia
cinepolis-plaza-crystal-xalapa,040,64214,2026-08-07T17:30:00,3,2D,ESPAÑOL,Tradicional,spider-man-un-nuevo-dia
cinepolis-plaza-crystal-xalapa,040,64266,2026-08-07T18:00:00,1,3D,ESPAÑOL,Tradicional,spider-man-un-nuevo-dia
cinepolis-plaza-crystal-xalapa,040,64289,2026-08-07T18:30:00,2,2D,ESPAÑOL,Tradicional,spider-man-un-nuevo-dia
cinepolis-plaza-crystal-xalapa,040,64240,2026-08-07T19:00:00,5,2D,ESPAÑOL,Tradicional,spider-man-un-nuevo-dia
cinepolis-plaza-crystal-xalapa,040,64215,2026-08-07T20:30:00,3,2D,ESPAÑOL,Tradicional,spider-man-un-nuevo-dia
cinepolis-plaza-crystal-xalapa,040,64267,2026-08-07T21:00:00,1,2D,ESPAÑOL,Tradicional,spider-man-un-nuevo-dia
cinepolis-plaza-crystal-xalapa,040,64304,2026-08-07T21:30:00,2,2D,ESPAÑOL,Tradicional,spider-man-un-nuevo-dia
cinepolis-plaza-crystal-xalapa,040,64241,2026-08-07T22:20:00,5,2D,ESPAÑOL,Tradicional,spider-man-un-nuevo-dia
cinepolis-plaza-crystal-xalapa,040,64314,2026-08-08T11:20:00,3,2D,ESPAÑOL,Tradicional,spider-man-un-nuevo-dia
cinepolis-plaza-crystal-xalapa,040,64453,2026-08-08T12:00:00,1,2D,ESPAÑOL,Tradicional,spider-man-un-nuevo-dia
cinepolis-plaza-crystal-xalapa,040,64310,2026-08-08T12:40:00,2,2D,ESPAÑOL,Tradicional,spider-man-un-nuevo-dia
cinepolis-plaza-crystal-xalapa,040,64329,2026-08-08T13:20:00,6,2D,ESPAÑOL,Tradicional,spider-man-un-nuevo-dia
cinepolis-plaza-crystal-xalapa,040,64315,2026-08-08T14:15:00,3,2D,ESPAÑOL,Tradicional,spider-man-un-nuevo-dia
cinepolis-plaza-crystal-xalapa,040,64307,2026-08-08T15:00:00,1,3D,ESPAÑOL,Tradicional,spider-man-un-nuevo-dia
cinepolis-plaza-crystal-xalapa,040,64311,2026-08-08T15:35:00,2,2D,ESPAÑOL,Tradicional,spider-man-un-nuevo-dia
cinepolis-plaza-crystal-xalapa,040,64330,2026-08-08T16:30:00,6,2D,ESPAÑOL,Tradicional,spider-man-un-nuevo-dia
cinepolis-plaza-crystal-xalapa,040,64316,2026-08-08T17:30:00,3,2D,ESPAÑOL,Tradicional,spider-man-un-nuevo-dia
cinepolis-plaza-crystal-xalapa,040,64308,2026-08-08T18:00:00,1,3D,ESPAÑOL,Tradicional,spider-man-un-nuevo-dia
cinepolis-plaza-crystal-xalapa,040,64312,2026-08-08T18:30:00,2,2D,ESPAÑOL,Tradicional,spider-man-un-nuevo-dia
cinepolis-plaza-crystal-xalapa,040,64326,2026-08-08T19:00:00,5,2D,ESPAÑOL,Tradicional,spider-man-un-nuevo-dia
cinepolis-plaza-crystal-xalapa,040,64317,2026-08-08T20:30:00,3,2D,ESPAÑOL,Tradicional,spider-man-un-nuevo-dia
cinepolis-plaza-crystal-xalapa,040,64309,2026-08-08T21:00:00,1,2D,ESPAÑOL,Tradicional,spider-man-un-nuevo-dia
cinepolis-plaza-crystal-xalapa,040,64313,2026-08-08T21:30:00,2,2D,ESPAÑOL,Tradicional,spider-man-un-nuevo-dia
cinepolis-plaza-crystal-xalapa,040,64327,2026-08-08T22:20:00,5,2D,ESPAÑOL,Tradicional,spider-man-un-nuevo-dia
cinepolis-plaza-crystal-xalapa,040,64340,2026-08-09T11:20:00,3,2D,ESPAÑOL,Tradicional,spider-man-un-nuevo-dia
cinepolis-plaza-crystal-xalapa,040,64454,2026-08-09T12:00:00,1,2D,ESPAÑOL,Tradicional,spider-man-un-nuevo-dia
cinepolis-plaza-crystal-xalapa,040,64336,2026-08-09T12:40:00,2,2D,ESPAÑOL,Tradicional,spider-man-un-nuevo-dia
cinepolis-plaza-crystal-xalapa,040,64355,2026-08-09T13:20:00,6,2D,ESPAÑOL,Tradicional,spider-man-un-nuevo-dia
cinepolis-plaza-crystal-xalapa,040,64341,2026-08-09T14:15:00,3,2D,ESPAÑOL,Tradicional,spider-man-un-nuevo-dia
cinepolis-plaza-crystal-xalapa,040,64333,2026-08-09T15:00:00,1,3D,ESPAÑOL,Tradicional,spider-man-un-nuevo-dia
cinepolis-plaza-crystal-xalapa,040,64337,2026-08-09T15:35:00,2,2D,ESPAÑOL,Tradicional,spider-man-un-nuevo-dia
cinepolis-plaza-crystal-xalapa,040,64356,2026-08-09T16:30:00,6,2D,ESPAÑOL,Tradicional,spider-man-un-nuevo-dia
cinepolis-plaza-crystal-xalapa,040,64342,2026-08-09T17:30:00,3,2D,ESPAÑOL,Tradicional,spider-man-un-nuevo-dia
cinepolis-plaza-crystal-xalapa,040,64334,2026-08-09T18:00:00,1,3D,ESPAÑOL,Tradicional,spider-man-un-nuevo-dia
cinepolis-plaza-crystal-xalapa,040,64338,2026-08-09T18:30:00,2,2D,ESPAÑOL,Tradicional,spider-man-un-nuevo-dia
cinepolis-plaza-crystal-xalapa,040,64352,2026-08-09T19:00:00,5,2D,ESPAÑOL,Tradicional,spider-man-un-nuevo-dia
cinepolis-plaza-crystal-xalapa,040,64343,2026-08-09T20:30:00,3,2D,ESPAÑOL,Tradicional,spider-man-un-nuevo-dia
cinepolis-plaza-crystal-xalapa,040,64335,2026-08-09T21:00:00,1,2D,ESPAÑOL,Tradicional,spider-man-un-nuevo-dia
cinepolis-plaza-crystal-xalapa,040,64339,2026-08-09T21:30:00,2,2D,ESPAÑOL,Tradicional,spider-man-un-nuevo-dia
cinepolis-plaza-crystal-xalapa,040,64353,2026-08-09T22:20:00,5,2D,ESPAÑOL,Tradicional,spider-man-un-nuevo-dia
cinepolis-plaza-crystal-xalapa,040,64358,2026-08-10T12:00:00,1,2D,ESPAÑOL,Tradicional,spider-man-un-nuevo-dia
cinepolis-plaza-crystal-xalapa,040,64362,2026-08-10T12:40:00,2,2D,ESPAÑOL,Tradicional,spider-man-un-nuevo-dia
cinepolis-plaza-crystal-xalapa,040,64378,2026-08-10T13:20:00,6,2D,ESPAÑOL,Tradicional,spider-man-un-nuevo-dia
cinepolis-plaza-crystal-xalapa,040,64366,2026-08-10T14:15:00,3,2D,ESPAÑOL,Tradicional,spider-man-un-nuevo-dia
cinepolis-plaza-crystal-xalapa,040,64359,2026-08-10T15:00:00,1,3D,ESPAÑOL,Tradicional,spider-man-un-nuevo-dia
cinepolis-plaza-crystal-xalapa,040,64363,2026-08-10T15:35:00,2,2D,ESPAÑOL,Tradicional,spider-man-un-nuevo-dia
cinepolis-plaza-crystal-xalapa,040,64379,2026-08-10T16:30:00,6,2D,ESPAÑOL,Tradicional,spider-man-un-nuevo-dia
cinepolis-plaza-crystal-xalapa,040,64367,2026-08-10T17:30:00,3,2D,ESPAÑOL,Tradicional,spider-man-un-nuevo-dia
cinepolis-plaza-crystal-xalapa,040,64360,2026-08-10T18:00:00,1,3D,ESPAÑOL,Tradicional,spider-man-un-nuevo-dia
cinepolis-plaza-crystal-xalapa,040,64364,2026-08-10T18:30:00,2,2D,ESPAÑOL,Tradicional,spider-man-un-nuevo-dia
cinepolis-plaza-crystal-xalapa,040,64376,2026-08-10T19:00:00,5,2D,ESPAÑOL,Tradicional,spider-man-un-nuevo-dia
cinepolis-plaza-crystal-xalapa,040,64368,2026-08-10T20:30:00,3,2D,ESPAÑOL,Tradicional,spider-man-un-nuevo-dia
cinepolis-plaza-crystal-xalapa,040,64361,2026-08-10T21:00:00,1,2D,ESPAÑOL,Tradicional,spider-man-un-nuevo-dia
cinepolis-plaza-crystal-xalapa,040,64365,2026-08-10T21:30:00,2,2D,ESPAÑOL,Tradicional,spider-man-un-nuevo-dia
cinepolis-plaza-crystal-xalapa,040,64377,2026-08-10T22:20:00,5,2D,ESPAÑOL,Tradicional,spider-man-un-nuevo-dia
cinepolis-plaza-crystal-xalapa,040,64381,2026-08-11T12:00:00,1,2D,ESPAÑOL,Tradicional,spider-man-un-nuevo-dia
cinepolis-plaza-crystal-xalapa,040,64385,2026-08-11T12:40:00,2,2D,ESPAÑOL,Tradicional,spider-man-un-nuevo-dia
cinepolis-plaza-crystal-xalapa,040,64401,2026-08-11T13:20:00,6,2D,ESPAÑOL,Tradicional,spider-man-un-nuevo-dia
cinepolis-plaza-crystal-xalapa,040,64389,2026-08-11T14:15:00,3,2D,ESPAÑOL,Tradicional,spider-man-un-nuevo-dia
cinepolis-plaza-crystal-xalapa,040,64382,2026-08-11T15:00:00,1,3D,ESPAÑOL,Tradicional,spider-man-un-nuevo-dia
cinepolis-plaza-crystal-xalapa,040,64386,2026-08-11T15:35:00,2,2D,ESPAÑOL,Tradicional,spider-man-un-nuevo-dia
cinepolis-plaza-crystal-xalapa,040,64402,2026-08-11T16:30:00,6,2D,ESPAÑOL,Tradicional,spider-man-un-nuevo-dia
cinepolis-plaza-crystal-xalapa,040,64390,2026-08-11T17:30:00,3,2D,ESPAÑOL,Tradicional,spider-man-un-nuevo-dia
cinepolis-plaza-crystal-xalapa,040,64383,2026-08-11T18:00:00,1,3D,ESPAÑOL,Tradicional,spider-man-un-nuevo-dia
cinepolis-plaza-crystal-xalapa,040,64387,2026-08-11T18:30:00,2,2D,ESPAÑOL,Tradicional,spider-man-un-nuevo-dia
cinepolis-plaza-crystal-xalapa,040,64399,2026-08-11T19:00:00,5,2D,ESPAÑOL,Tradicional,spider-man-un-nuevo-dia
cinepolis-plaza-crystal-xalapa,040,64391,2026-08-11T20:30:00,3,2D,ESPAÑOL,Tradicional,spider-man-un-nuevo-dia
cinepolis-plaza-crystal-xalapa,040,64384,2026-08-11T21:00:00,1,2D,ESPAÑOL,Tradicional,spider-man-un-nuevo-dia
cinepolis-plaza-crystal-xalapa,040,64388,2026-08-11T21:30:00,2,2D,ESPAÑOL,Tradicional,spider-man-un-nuevo-dia
cinepolis-plaza-crystal-xalapa,040,64400,2026-08-11T22:20:00,5,2D,ESPAÑOL,Tradicional,spider-man-un-nuevo-dia
cinepolis-plaza-crystal-xalapa,040,64430,2026-08-12T12:00:00,1,2D,ESPAÑOL,Tradicional,spider-man-un-nuevo-dia
cinepolis-plaza-crystal-xalapa,040,64434,2026-08-12T13:00:00,2,2D,ESPAÑOL,Tradicional,spider-man-un-nuevo-dia
cinepolis-plaza-crystal-xalapa,040,64438,2026-08-12T14:00:00,3,2D,ESPAÑOL,Tradicional,spider-man-un-nuevo-dia
cinepolis-plaza-crystal-xalapa,040,64431,2026-08-12T15:00:00,1,3D,ESPAÑOL,Tradicional,spider-man-un-nuevo-dia
cinepolis-plaza-crystal-xalapa,040,64435,2026-08-12T16:00:00,2,2D,ESPAÑOL,Tradicional,spider-man-un-nuevo-dia
cinepolis-plaza-crystal-xalapa,040,64439,2026-08-12T17:10:00,3,2D,ESPAÑOL,Tradicional,spider-man-un-nuevo-dia
cinepolis-plaza-crystal-xalapa,040,64432,2026-08-12T18:00:00,1,3D,ESPAÑOL,Tradicional,spider-man-un-nuevo-dia
cinepolis-plaza-crystal-xalapa,040,64436,2026-08-12T19:00:00,2,2D,ESPAÑOL,Tradicional,spider-man-un-nuevo-dia
cinepolis-plaza-crystal-xalapa,040,64447,2026-08-12T19:40:00,5,2D,ESPAÑOL,Tradicional,spider-man-un-nuevo-dia
cinepolis-plaza-crystal-xalapa,040,64440,2026-08-12T20:10:00,3,2D,ESPAÑOL,Tradicional,spider-man-un-nuevo-dia
cinepolis-plaza-crystal-xalapa,040,64433,2026-08-12T21:10:00,1,2D,ESPAÑOL,Tradicional,spider-man-un-nuevo-dia
cinepolis-plaza-crystal-xalapa,040,64437,2026-08-12T22:10:00,2,2D,ESPAÑOL,Tradicional,spider-man-un-nuevo-dia
cinepolis-plaza-crystal-xalapa,040,64448,2026-08-12T22:35:00,5,2D,ESPAÑOL,Tradicional,spider-man-un-nuevo-dia
cinepolis-plaza-crystal-xalapa,040,64238,2026-08-07T14:35:00,5,2D,ESPAÑOL,Tradicional,toy-story-5
cinepolis-plaza-crystal-xalapa,040,64328,2026-08-08T11:00:00,6,2D,ESPAÑOL,Tradicional,toy-story-5
cinepolis-plaza-crystal-xalapa,040,64324,2026-08-08T14:35:00,5,2D,ESPAÑOL,Tradicional,toy-story-5
cinepolis-plaza-crystal-xalapa,040,64354,2026-08-09T11:00:00,6,2D,ESPAÑOL,Tradicional,toy-story-5
cinepolis-plaza-crystal-xalapa,040,64350,2026-08-09T14:35:00,5,2D,ESPAÑOL,Tradicional,toy-story-5
cinepolis-plaza-crystal-xalapa,040,64374,2026-08-10T14:35:00,5,2D,ESPAÑOL,Tradicional,toy-story-5
cinepolis-plaza-crystal-xalapa,040,64397,2026-08-11T14:35:00,5,2D,ESPAÑOL,Tradicional,toy-story-5
cinepolis-plaza-crystal-xalapa,040,64450,2026-08-12T17:30:00,5,2D,ESPAÑOL,Tradicional,toy-story-5
cinepolis-vip-las-americas-xalapa,665,42256,2026-08-07T18:20:00,4,2D,SUBTITULADA,Tradicional,el-dia-d-bajo-presion
cinepolis-vip-las-americas-xalapa,665,42192,2026-08-08T11:30:00,4,2D,SUBTITULADA,Tradicional,el-dia-d-bajo-presion
cinepolis-vip-las-americas-xalapa,665,42194,2026-08-08T17:00:00,4,2D,SUBTITULADA,Tradicional,el-dia-d-bajo-presion
cinepolis-vip-las-americas-xalapa,665,42348,2026-08-09T11:30:00,4,2D,SUBTITULADA,Tradicional,el-dia-d-bajo-presion
cinepolis-vip-las-americas-xalapa,665,42350,2026-08-09T17:00:00,4,2D,SUBTITULADA,Tradicional,el-dia-d-bajo-presion
cinepolis-vip-las-americas-xalapa,665,42323,2026-08-10T13:30:00,4,2D,SUBTITULADA,Tradicional,el-dia-d-bajo-presion
cinepolis-vip-las-americas-xalapa,665,42325,2026-08-10T19:40:00,4,2D,SUBTITULADA,Tradicional,el-dia-d-bajo-presion
cinepolis-vip-las-americas-xalapa,665,42362,2026-08-11T13:30:00,4,2D,SUBTITULADA,Tradicional,el-dia-d-bajo-presion
cinepolis-vip-las-americas-xalapa,665,42364,2026-08-11T19:40:00,4,2D,SUBTITULADA,Tradicional,el-dia-d-bajo-presion
cinepolis-vip-las-americas-xalapa,665,42375,2026-08-12T13:30:00,4,2D,SUBTITULADA,Tradicional,el-dia-d-bajo-presion
cinepolis-vip-las-americas-xalapa,665,42377,2026-08-12T19:40:00,4,2D,SUBTITULADA,Tradicional,el-dia-d-bajo-presion
cinepolis-vip-las-americas-xalapa,665,42255,2026-08-07T15:00:00,4,2D,SUBTITULADA,Tradicional,la-muerte-de-robin-hood
cinepolis-vip-las-americas-xalapa,665,42257,2026-08-07T21:00:00,4,2D,SUBTITULADA,Tradicional,la-muerte-de-robin-hood
cinepolis-vip-las-americas-xalapa,665,42193,2026-08-08T14:00:00,4,2D,SUBTITULADA,Tradicional,la-muerte-de-robin-hood
cinepolis-vip-las-americas-xalapa,665,42195,2026-08-08T19:30:00,4,2D,SUBTITULADA,Tradicional,la-muerte-de-robin-hood
cinepolis-vip-las-americas-xalapa,665,42328,2026-08-08T22:30:00,4,2D,SUBTITULADA,Tradicional,la-muerte-de-robin-hood
cinepolis-vip-las-americas-xalapa,665,42349,2026-08-09T14:00:00,4,2D,SUBTITULADA,Tradicional,la-muerte-de-robin-hood
cinepolis-vip-las-americas-xalapa,665,42351,2026-08-09T19:30:00,4,2D,SUBTITULADA,Tradicional,la-muerte-de-robin-hood
cinepolis-vip-las-americas-xalapa,665,42352,2026-08-09T22:30:00,4,2D,SUBTITULADA,Tradicional,la-muerte-de-robin-hood
cinepolis-vip-las-americas-xalapa,665,42324,2026-08-10T16:15:00,4,2D,SUBTITULADA,Tradicional,la-muerte-de-robin-hood
cinepolis-vip-las-americas-xalapa,665,42326,2026-08-10T22:30:00,4,2D,SUBTITULADA,Tradicional,la-muerte-de-robin-hood
cinepolis-vip-las-americas-xalapa,665,42363,2026-08-11T16:15:00,4,2D,SUBTITULADA,Tradicional,la-muerte-de-robin-hood
cinepolis-vip-las-americas-xalapa,665,42365,2026-08-11T22:30:00,4,2D,SUBTITULADA,Tradicional,la-muerte-de-robin-hood
cinepolis-vip-las-americas-xalapa,665,42376,2026-08-12T16:15:00,4,2D,SUBTITULADA,Tradicional,la-muerte-de-robin-hood
cinepolis-vip-las-americas-xalapa,665,42378,2026-08-12T22:30:00,4,2D,SUBTITULADA,Tradicional,la-muerte-de-robin-hood
cinepolis-vip-las-americas-xalapa,665,42283,2026-08-07T16:40:00,2,2D,SUBTITULADA,Tradicional,la-odisea
cinepolis-vip-las-americas-xalapa,665,42284,2026-08-07T20:25:00,2,2D,SUBTITULADA,Tradicional,la-odisea
cinepolis-vip-las-americas-xalapa,665,42252,2026-08-08T12:40:00,3,2D,SUBTITULADA,Tradicional,la-odisea
cinepolis-vip-las-americas-xalapa,665,42253,2026-08-08T20:15:00,3,2D,SUBTITULADA,Tradicional,la-odisea
cinepolis-vip-las-americas-xalapa,665,42345,2026-08-09T12:40:00,3,2D,SUBTITULADA,Tradicional,la-odisea
cinepolis-vip-las-americas-xalapa,665,42347,2026-08-09T20:15:00,3,2D,SUBTITULADA,Tradicional,la-odisea
cinepolis-vip-las-americas-xalapa,665,42317,2026-08-10T14:00:00,2,2D,SUBTITULADA,Tradicional,la-odisea
cinepolis-vip-las-americas-xalapa,665,42318,2026-08-10T17:40:00,2,2D,SUBTITULADA,Tradicional,la-odisea
cinepolis-vip-las-americas-xalapa,665,42319,2026-08-10T21:20:00,2,2D,SUBTITULADA,Tradicional,la-odisea
cinepolis-vip-las-americas-xalapa,665,42356,2026-08-11T14:00:00,2,2D,SUBTITULADA,Tradicional,la-odisea
cinepolis-vip-las-americas-xalapa,665,42357,2026-08-11T17:40:00,2,2D,SUBTITULADA,Tradicional,la-odisea
cinepolis-vip-las-americas-xalapa,665,42358,2026-08-11T21:20:00,2,2D,SUBTITULADA,Tradicional,la-odisea
cinepolis-vip-las-americas-xalapa,665,42369,2026-08-12T14:00:00,2,2D,SUBTITULADA,Tradicional,la-odisea
cinepolis-vip-las-americas-xalapa,665,42370,2026-08-12T17:40:00,2,2D,SUBTITULADA,Tradicional,la-odisea
cinepolis-vip-las-americas-xalapa,665,42371,2026-08-12T21:20:00,2,2D,SUBTITULADA,Tradicional,la-odisea
cinepolis-vip-las-americas-xalapa,665,42142,2026-08-15T21:00:00,2,2D,ESPAÑOL,Tradicional,lmd-solo-la-mas-2
cinepolis-vip-las-americas-xalapa,665,42297,2026-08-07T14:00:00,3,2D,ESPAÑOL,Tradicional,spider-man-un-nuevo-dia
cinepolis-vip-las-americas-xalapa,665,42312,2026-08-07T17:35:00,3,2D,ESPAÑOL,Tradicional,spider-man-un-nuevo-dia
cinepolis-vip-las-americas-xalapa,665,42299,2026-08-07T21:40:00,3,2D,ESPAÑOL,Tradicional,spider-man-un-nuevo-dia
cinepolis-vip-las-americas-xalapa,665,42271,2026-08-07T15:40:00,1,2D,SUBTITULADA,Tradicional,spider-man-un-nuevo-dia
cinepolis-vip-las-americas-xalapa,665,42272,2026-08-07T19:10:00,1,2D,SUBTITULADA,Tradicional,spider-man-un-nuevo-dia
cinepolis-vip-las-americas-xalapa,665,42311,2026-08-07T22:30:00,1,2D,SUBTITULADA,Tradicional,spider-man-un-nuevo-dia
cinepolis-vip-las-americas-xalapa,665,42213,2026-08-08T11:00:00,1,3D,ESPAÑOL,Tradicional,spider-man-un-nuevo-dia
cinepolis-vip-las-americas-xalapa,665,42333,2026-08-08T14:40:00,1,2D,ESPAÑOL,Tradicional,spider-man-un-nuevo-dia
cinepolis-vip-las-americas-xalapa,665,42336,2026-08-08T16:20:00,3,2D,ESPAÑOL,Tradicional,spider-man-un-nuevo-dia
cinepolis-vip-las-americas-xalapa,665,42334,2026-08-08T18:00:00,1,2D,ESPAÑOL,Tradicional,spider-man-un-nuevo-dia
cinepolis-vip-las-americas-xalapa,665,42335,2026-08-08T21:15:00,1,2D,ESPAÑOL,Tradicional,spider-man-un-nuevo-dia
cinepolis-vip-las-americas-xalapa,665,42329,2026-08-08T12:00:00,2,2D,SUBTITULADA,Tradicional,spider-man-un-nuevo-dia
cinepolis-vip-las-americas-xalapa,665,42330,2026-08-08T15:20:00,2,2D,SUBTITULADA,Tradicional,spider-man-un-nuevo-dia
cinepolis-vip-las-americas-xalapa,665,42331,2026-08-08T18:40:00,2,2D,SUBTITULADA,Tradicional,spider-man-un-nuevo-dia
cinepolis-vip-las-americas-xalapa,665,42332,2026-08-08T22:00:00,2,2D,SUBTITULADA,Tradicional,spider-man-un-nuevo-dia
cinepolis-vip-las-americas-xalapa,665,42337,2026-08-09T11:00:00,1,3D,ESPAÑOL,Tradicional,spider-man-un-nuevo-dia
cinepolis-vip-las-americas-xalapa,665,42338,2026-08-09T14:40:00,1,2D,ESPAÑOL,Tradicional,spider-man-un-nuevo-dia
cinepolis-vip-las-americas-xalapa,665,42346,2026-08-09T16:20:00,3,2D,ESPAÑOL,Tradicional,spider-man-un-nuevo-dia
cinepolis-vip-las-americas-xalapa,665,42339,2026-08-09T18:00:00,1,2D,ESPAÑOL,Tradicional,spider-man-un-nuevo-dia
cinepolis-vip-las-americas-xalapa,665,42340,2026-08-09T21:15:00,1,2D,ESPAÑOL,Tradicional,spider-man-un-nuevo-dia
cinepolis-vip-las-americas-xalapa,665,42341,2026-08-09T12:00:00,2,2D,SUBTITULADA,Tradicional,spider-man-un-nuevo-dia
cinepolis-vip-las-americas-xalapa,665,42342,2026-08-09T15:20:00,2,2D,SUBTITULADA,Tradicional,spider-man-un-nuevo-dia
cinepolis-vip-las-americas-xalapa,665,42343,2026-08-09T18:40:00,2,2D,SUBTITULADA,Tradicional,spider-man-un-nuevo-dia
cinepolis-vip-las-americas-xalapa,665,42344,2026-08-09T22:00:00,2,2D,SUBTITULADA,Tradicional,spider-man-un-nuevo-dia
cinepolis-vip-las-americas-xalapa,665,42313,2026-08-10T13:00:00,1,3D,ESPAÑOL,Tradicional,spider-man-un-nuevo-dia
cinepolis-vip-las-americas-xalapa,665,42320,2026-08-10T15:00:00,3,2D,ESPAÑOL,Tradicional,spider-man-un-nuevo-dia
cinepolis-vip-las-americas-xalapa,665,42321,2026-08-10T18:40:00,3,2D,ESPAÑOL,Tradicional,spider-man-un-nuevo-dia
cinepolis-vip-las-americas-xalapa,665,42322,2026-08-10T22:00:00,3,2D,ESPAÑOL,Tradicional,spider-man-un-nuevo-dia
cinepolis-vip-las-americas-xalapa,665,42314,2026-08-10T16:50:00,1,2D,SUBTITULADA,Tradicional,spider-man-un-nuevo-dia
cinepolis-vip-las-americas-xalapa,665,42315,2026-08-10T20:20:00,1,2D,SUBTITULADA,Tradicional,spider-man-un-nuevo-dia
cinepolis-vip-las-americas-xalapa,665,42353,2026-08-11T13:00:00,1,3D,ESPAÑOL,Tradicional,spider-man-un-nuevo-dia
cinepolis-vip-las-americas-xalapa,665,42359,2026-08-11T15:00:00,3,2D,ESPAÑOL,Tradicional,spider-man-un-nuevo-dia
cinepolis-vip-las-americas-xalapa,665,42360,2026-08-11T18:40:00,3,2D,ESPAÑOL,Tradicional,spider-man-un-nuevo-dia
cinepolis-vip-las-americas-xalapa,665,42361,2026-08-11T22:00:00,3,2D,ESPAÑOL,Tradicional,spider-man-un-nuevo-dia
cinepolis-vip-las-americas-xalapa,665,42354,2026-08-11T16:50:00,1,2D,SUBTITULADA,Tradicional,spider-man-un-nuevo-dia
cinepolis-vip-las-americas-xalapa,665,42355,2026-08-11T20:20:00,1,2D,SUBTITULADA,Tradicional,spider-man-un-nuevo-dia
cinepolis-vip-las-americas-xalapa,665,42366,2026-08-12T13:00:00,1,3D,ESPAÑOL,Tradicional,spider-man-un-nuevo-dia
cinepolis-vip-las-americas-xalapa,665,42372,2026-08-12T15:00:00,3,2D,ESPAÑOL,Tradicional,spider-man-un-nuevo-dia
cinepolis-vip-las-americas-xalapa,665,42373,2026-08-12T18:40:00,3,2D,ESPAÑOL,Tradicional,spider-man-un-nuevo-dia
cinepolis-vip-las-americas-xalapa,665,42374,2026-08-12T22:00:00,3,2D,ESPAÑOL,Tradicional,spider-man-un-nuevo-dia
cinepolis-vip-las-americas-xalapa,665,42367,2026-08-12T16:50:00,1,2D,SUBTITULADA,Tradicional,spider-man-un-nuevo-dia
cinepolis-vip-las-americas-xalapa,665,42368,2026-08-12T20:20:00,1,2D,SUBTITULADA,Tradicional,spider-man-un-nuevo-dia
cinepolis-plaza-las-americas-xalapa,247,141830,2026-08-14T17:00:00,15,2D,ORIGINAL,SP,2026-cortis-tour-put-your-phone-down-en-vivo
cinepolis-plaza-las-americas-xalapa,247,138772,2026-08-08T16:10:00,12,2D,SUBTITULADA,Tradicional,ateez-light-the-way-en-cines
cinepolis-plaza-las-americas-xalapa,247,141646,2026-08-07T15:40:00,8,2D,SUBTITULADA,Tradicional,el-dia-d-bajo-presion
cinepolis-plaza-las-americas-xalapa,247,141647,2026-08-07T17:50:00,8,2D,SUBTITULADA,Tradicional,el-dia-d-bajo-presion
cinepolis-plaza-las-americas-xalapa,247,141648,2026-08-07T20:10:00,8,2D,SUBTITULADA,Tradicional,el-dia-d-bajo-presion
cinepolis-plaza-las-americas-xalapa,247,141649,2026-08-07T22:30:00,8,2D,SUBTITULADA,Tradicional,el-dia-d-bajo-presion
cinepolis-plaza-las-americas-xalapa,247,141472,2026-08-08T12:10:00,5,2D,SUBTITULADA,Tradicional,el-dia-d-bajo-presion
cinepolis-plaza-las-americas-xalapa,247,141473,2026-08-08T14:40:00,5,2D,SUBTITULADA,Tradicional,el-dia-d-bajo-presion
cinepolis-plaza-las-americas-xalapa,247,141474,2026-08-08T17:10:00,5,2D,SUBTITULADA,Tradicional,el-dia-d-bajo-presion
cinepolis-plaza-las-americas-xalapa,247,141475,2026-08-08T19:40:00,5,2D,SUBTITULADA,Tradicional,el-dia-d-bajo-presion
cinepolis-plaza-las-americas-xalapa,247,141476,2026-08-08T22:20:00,5,2D,SUBTITULADA,Tradicional,el-dia-d-bajo-presion
cinepolis-plaza-las-americas-xalapa,247,141857,2026-08-09T12:10:00,5,2D,SUBTITULADA,Tradicional,el-dia-d-bajo-presion
cinepolis-plaza-las-americas-xalapa,247,141858,2026-08-09T14:40:00,5,2D,SUBTITULADA,Tradicional,el-dia-d-bajo-presion
cinepolis-plaza-las-americas-xalapa,247,141859,2026-08-09T17:10:00,5,2D,SUBTITULADA,Tradicional,el-dia-d-bajo-presion
cinepolis-plaza-las-americas-xalapa,247,141860,2026-08-09T19:40:00,5,2D,SUBTITULADA,Tradicional,el-dia-d-bajo-presion
cinepolis-plaza-las-americas-xalapa,247,141861,2026-08-09T22:20:00,5,2D,SUBTITULADA,Tradicional,el-dia-d-bajo-presion
cinepolis-plaza-las-americas-xalapa,247,141692,2026-08-10T13:00:00,8,2D,SUBTITULADA,Tradicional,el-dia-d-bajo-presion
cinepolis-plaza-las-americas-xalapa,247,141693,2026-08-10T15:40:00,8,2D,SUBTITULADA,Tradicional,el-dia-d-bajo-presion
cinepolis-plaza-las-americas-xalapa,247,141694,2026-08-10T17:50:00,8,2D,SUBTITULADA,Tradicional,el-dia-d-bajo-presion
cinepolis-plaza-las-americas-xalapa,247,141695,2026-08-10T20:10:00,8,2D,SUBTITULADA,Tradicional,el-dia-d-bajo-presion
cinepolis-plaza-las-americas-xalapa,247,141696,2026-08-10T22:30:00,8,2D,SUBTITULADA,Tradicional,el-dia-d-bajo-presion
cinepolis-plaza-las-americas-xalapa,247,141798,2026-08-11T13:00:00,8,2D,SUBTITULADA,Tradicional,el-dia-d-bajo-presion
cinepolis-plaza-las-americas-xalapa,247,141799,2026-08-11T15:40:00,8,2D,SUBTITULADA,Tradicional,el-dia-d-bajo-presion
cinepolis-plaza-las-americas-xalapa,247,141800,2026-08-11T17:50:00,8,2D,SUBTITULADA,Tradicional,el-dia-d-bajo-presion
cinepolis-plaza-las-americas-xalapa,247,141801,2026-08-11T20:10:00,8,2D,SUBTITULADA,Tradicional,el-dia-d-bajo-presion
cinepolis-plaza-las-americas-xalapa,247,141802,2026-08-11T22:30:00,8,2D,SUBTITULADA,Tradicional,el-dia-d-bajo-presion
cinepolis-plaza-las-americas-xalapa,247,141747,2026-08-12T13:00:00,8,2D,SUBTITULADA,Tradicional,el-dia-d-bajo-presion
cinepolis-plaza-las-americas-xalapa,247,141748,2026-08-12T15:10:00,8,2D,SUBTITULADA,Tradicional,el-dia-d-bajo-presion
cinepolis-plaza-las-americas-xalapa,247,141749,2026-08-12T17:50:00,8,2D,SUBTITULADA,Tradicional,el-dia-d-bajo-presion
cinepolis-plaza-las-americas-xalapa,247,141750,2026-08-12T20:10:00,8,2D,SUBTITULADA,Tradicional,el-dia-d-bajo-presion
cinepolis-plaza-las-americas-xalapa,247,141751,2026-08-12T22:30:00,8,2D,SUBTITULADA,Tradicional,el-dia-d-bajo-presion
cinepolis-plaza-las-americas-xalapa,247,141828,2026-08-11T18:50:00,12,2D,SUBTITULADA,Tradicional,el-final-de-la-calle-oak
cinepolis-plaza-las-americas-xalapa,247,141829,2026-08-11T21:10:00,12,2D,SUBTITULADA,Tradicional,el-final-de-la-calle-oak
cinepolis-plaza-las-americas-xalapa,247,141220,2026-08-20T16:30:00,12,2D,SUBTITULADA,Tradicional,elephant-man
cinepolis-plaza-las-americas-xalapa,247,141206,2026-08-21T19:10:00,12,2D,SUBTITULADA,Tradicional,elephant-man
cinepolis-plaza-las-americas-xalapa,247,141226,2026-08-22T16:25:00,12,2D,SUBTITULADA,Tradicional,elephant-man
cinepolis-plaza-las-americas-xalapa,247,141208,2026-08-23T18:30:00,12,2D,SUBTITULADA,Tradicional,elephant-man
cinepolis-plaza-las-americas-xalapa,247,141222,2026-08-24T16:30:00,12,2D,SUBTITULADA,Tradicional,elephant-man
cinepolis-plaza-las-americas-xalapa,247,141210,2026-08-25T19:10:00,12,2D,SUBTITULADA,Tradicional,elephant-man
cinepolis-plaza-las-americas-xalapa,247,141224,2026-08-26T16:30:00,12,2D,SUBTITULADA,Tradicional,elephant-man
cinepolis-plaza-las-americas-xalapa,247,140082,2026-08-07T16:50:00,12,2D,SUBTITULADA,Tradicional,eraserhead
cinepolis-plaza-las-americas-xalapa,247,140080,2026-08-08T18:10:00,11,2D,SUBTITULADA,Tradicional,eraserhead
cinepolis-plaza-las-americas-xalapa,247,140085,2026-08-09T16:50:00,12,2D,SUBTITULADA,Tradicional,eraserhead
cinepolis-plaza-las-americas-xalapa,247,140076,2026-08-10T17:30:00,11,2D,SUBTITULADA,Tradicional,eraserhead
cinepolis-plaza-las-americas-xalapa,247,140083,2026-08-11T16:50:00,12,2D,SUBTITULADA,Tradicional,eraserhead
cinepolis-plaza-las-americas-xalapa,247,140078,2026-08-12T17:30:00,11,2D,SUBTITULADA,Tradicional,eraserhead
cinepolis-plaza-las-americas-xalapa,247,140649,2026-08-26T18:40:00,8,2D,SUBTITULADA,Tradicional,ghost-2-big-to-ring-en-cines
cinepolis-plaza-las-americas-xalapa,247,140651,2026-08-27T18:00:00,9,2D,SUBTITULADA,Tradicional,ghost-2-big-to-ring-en-cines
cinepolis-plaza-las-americas-xalapa,247,140650,2026-08-29T13:00:00,9,2D,SUBTITULADA,Tradicional,ghost-2-big-to-ring-en-cines
cinepolis-plaza-las-americas-xalapa,247,140760,2026-08-27T13:25:00,1,2D,ESPAÑOL,4DX,harry-potter-y-la-piedra-filosofal-25
cinepolis-plaza-las-americas-xalapa,247,140761,2026-08-27T19:45:00,1,2D,SUBTITULADA,4DX,harry-potter-y-la-piedra-filosofal-25
cinepolis-plaza-las-americas-xalapa,247,140752,2026-08-28T13:25:00,1,2D,ESPAÑOL,4DX,harry-potter-y-la-piedra-filosofal-25
cinepolis-plaza-las-americas-xalapa,247,140753,2026-08-28T19:45:00,1,2D,SUBTITULADA,4DX,harry-potter-y-la-piedra-filosofal-25
cinepolis-plaza-las-americas-xalapa,247,140754,2026-08-29T12:20:00,1,2D,ESPAÑOL,4DX,harry-potter-y-la-piedra-filosofal-25
cinepolis-plaza-las-americas-xalapa,247,140755,2026-08-29T18:40:00,1,2D,ESPAÑOL,4DX,harry-potter-y-la-piedra-filosofal-25
cinepolis-plaza-las-americas-xalapa,247,140756,2026-08-30T12:20:00,1,2D,ESPAÑOL,4DX,harry-potter-y-la-piedra-filosofal-25
cinepolis-plaza-las-americas-xalapa,247,140757,2026-08-30T18:40:00,1,2D,ESPAÑOL,4DX,harry-potter-y-la-piedra-filosofal-25
cinepolis-plaza-las-americas-xalapa,247,140758,2026-08-31T13:25:00,1,2D,ESPAÑOL,4DX,harry-potter-y-la-piedra-filosofal-25
cinepolis-plaza-las-americas-xalapa,247,140759,2026-08-31T19:45:00,1,2D,SUBTITULADA,4DX,harry-potter-y-la-piedra-filosofal-25
cinepolis-plaza-las-americas-xalapa,247,140762,2026-09-01T13:25:00,1,2D,ESPAÑOL,4DX,harry-potter-y-la-piedra-filosofal-25
cinepolis-plaza-las-americas-xalapa,247,140763,2026-09-01T19:45:00,1,2D,SUBTITULADA,4DX,harry-potter-y-la-piedra-filosofal-25
cinepolis-plaza-las-americas-xalapa,247,140764,2026-09-02T13:25:00,1,2D,ESPAÑOL,4DX,harry-potter-y-la-piedra-filosofal-25
cinepolis-plaza-las-americas-xalapa,247,140765,2026-09-02T19:45:00,1,2D,SUBTITULADA,4DX,harry-potter-y-la-piedra-filosofal-25
cinepolis-plaza-las-americas-xalapa,247,141284,2026-08-07T14:40:00,11,2D,ESPAÑOL,Tradicional,hasta-el-fin-del-mundo
cinepolis-plaza-las-americas-xalapa,247,141661,2026-08-07T16:30:00,14,2D,ESPAÑOL,Tradicional,hasta-el-fin-del-mundo
cinepolis-plaza-las-americas-xalapa,247,141285,2026-08-07T16:48:00,11,2D,ESPAÑOL,Tradicional,hasta-el-fin-del-mundo
cinepolis-plaza-las-americas-xalapa,247,141662,2026-08-07T18:50:00,14,2D,ESPAÑOL,Tradicional,hasta-el-fin-del-mundo
cinepolis-plaza-las-americas-xalapa,247,141704,2026-08-10T12:20:00,11,2D,ESPAÑOL,Tradicional,hasta-el-fin-del-mundo
cinepolis-plaza-las-americas-xalapa,247,141716,2026-08-10T16:30:00,14,2D,ESPAÑOL,Tradicional,hasta-el-fin-del-mundo
cinepolis-plaza-las-americas-xalapa,247,141717,2026-08-10T18:50:00,14,2D,ESPAÑOL,Tradicional,hasta-el-fin-del-mundo
cinepolis-plaza-las-americas-xalapa,247,141810,2026-08-11T12:20:00,11,2D,ESPAÑOL,Tradicional,hasta-el-fin-del-mundo
cinepolis-plaza-las-americas-xalapa,247,141811,2026-08-11T14:40:00,11,2D,ESPAÑOL,Tradicional,hasta-el-fin-del-mundo
cinepolis-plaza-las-americas-xalapa,247,141823,2026-08-11T16:30:00,14,2D,ESPAÑOL,Tradicional,hasta-el-fin-del-mundo
cinepolis-plaza-las-americas-xalapa,247,141812,2026-08-11T16:48:00,11,2D,ESPAÑOL,Tradicional,hasta-el-fin-del-mundo
cinepolis-plaza-las-americas-xalapa,247,141827,2026-08-11T21:30:00,14,2D,ESPAÑOL,Tradicional,hasta-el-fin-del-mundo
cinepolis-plaza-las-americas-xalapa,247,141759,2026-08-12T12:20:00,11,2D,ESPAÑOL,Tradicional,hasta-el-fin-del-mundo
cinepolis-plaza-las-americas-xalapa,247,141766,2026-08-12T16:30:00,14,2D,ESPAÑOL,Tradicional,hasta-el-fin-del-mundo
cinepolis-plaza-las-americas-xalapa,247,141767,2026-08-12T18:50:00,14,2D,ESPAÑOL,Tradicional,hasta-el-fin-del-mundo
cinepolis-plaza-las-americas-xalapa,247,140665,2026-08-13T18:55:00,12,2D,SUBTITULADA,Tradicional,inland-empire
cinepolis-plaza-las-americas-xalapa,247,140667,2026-08-14T16:00:00,11,2D,SUBTITULADA,Tradicional,inland-empire
cinepolis-plaza-las-americas-xalapa,247,140663,2026-08-15T19:00:00,11,2D,SUBTITULADA,Tradicional,inland-empire
cinepolis-plaza-las-americas-xalapa,247,140669,2026-08-16T16:00:00,12,2D,SUBTITULADA,Tradicional,inland-empire
cinepolis-plaza-las-americas-xalapa,247,140657,2026-08-17T18:55:00,12,2D,SUBTITULADA,Tradicional,inland-empire
cinepolis-plaza-las-americas-xalapa,247,140672,2026-08-18T16:00:00,12,2D,SUBTITULADA,Tradicional,inland-empire
cinepolis-plaza-las-americas-xalapa,247,140659,2026-08-19T19:00:00,12,2D,SUBTITULADA,Tradicional,inland-empire
cinepolis-plaza-las-americas-xalapa,247,141631,2026-08-07T15:50:00,4,2D,ESPAÑOL,Tradicional,insaciable
cinepolis-plaza-las-americas-xalapa,247,141633,2026-08-07T21:10:00,4,2D,ESPAÑOL,Tradicional,insaciable
cinepolis-plaza-las-americas-xalapa,247,141632,2026-08-07T18:30:00,4,2D,SUBTITULADA,Tradicional,insaciable
cinepolis-plaza-las-americas-xalapa,247,141263,2026-08-08T13:20:00,4,2D,ESPAÑOL,Tradicional,insaciable
cinepolis-plaza-las-americas-xalapa,247,141264,2026-08-08T16:00:00,4,2D,ESPAÑOL,Tradicional,insaciable
cinepolis-plaza-las-americas-xalapa,247,141266,2026-08-08T20:50:00,4,2D,ESPAÑOL,Tradicional,insaciable
cinepolis-plaza-las-americas-xalapa,247,141265,2026-08-08T18:25:00,4,2D,SUBTITULADA,Tradicional,insaciable
cinepolis-plaza-las-americas-xalapa,247,141853,2026-08-09T13:20:00,4,2D,ESPAÑOL,Tradicional,insaciable
cinepolis-plaza-las-americas-xalapa,247,141854,2026-08-09T16:00:00,4,2D,ESPAÑOL,Tradicional,insaciable
cinepolis-plaza-las-americas-xalapa,247,141856,2026-08-09T20:50:00,4,2D,ESPAÑOL,Tradicional,insaciable
cinepolis-plaza-las-americas-xalapa,247,141855,2026-08-09T18:25:00,4,2D,SUBTITULADA,Tradicional,insaciable
cinepolis-plaza-las-americas-xalapa,247,141677,2026-08-10T13:20:00,4,2D,ESPAÑOL,Tradicional,insaciable
cinepolis-plaza-las-americas-xalapa,247,141678,2026-08-10T15:50:00,4,2D,ESPAÑOL,Tradicional,insaciable
cinepolis-plaza-las-americas-xalapa,247,141680,2026-08-10T21:10:00,4,2D,ESPAÑOL,Tradicional,insaciable
cinepolis-plaza-las-americas-xalapa,247,141679,2026-08-10T18:30:00,4,2D,SUBTITULADA,Tradicional,insaciable
cinepolis-plaza-las-americas-xalapa,247,141783,2026-08-11T13:20:00,4,2D,ESPAÑOL,Tradicional,insaciable
cinepolis-plaza-las-americas-xalapa,247,141784,2026-08-11T15:50:00,4,2D,ESPAÑOL,Tradicional,insaciable
cinepolis-plaza-las-americas-xalapa,247,141786,2026-08-11T21:20:00,4,2D,ESPAÑOL,Tradicional,insaciable
cinepolis-plaza-las-americas-xalapa,247,141785,2026-08-11T18:30:00,4,2D,SUBTITULADA,Tradicional,insaciable
cinepolis-plaza-las-americas-xalapa,247,141732,2026-08-12T13:20:00,4,2D,ESPAÑOL,Tradicional,insaciable
cinepolis-plaza-las-americas-xalapa,247,141733,2026-08-12T15:50:00,4,2D,ESPAÑOL,Tradicional,insaciable
cinepolis-plaza-las-americas-xalapa,247,141735,2026-08-12T21:10:00,4,2D,ESPAÑOL,Tradicional,insaciable
cinepolis-plaza-las-americas-xalapa,247,141734,2026-08-12T18:30:00,4,2D,SUBTITULADA,Tradicional,insaciable
cinepolis-plaza-las-americas-xalapa,247,139536,2026-08-12T19:00:00,15,2D,SUBTITULADA,Tradicional,katseye-wild-hearts-en-cines
cinepolis-plaza-las-americas-xalapa,247,141236,2026-08-12T21:00:00,15,2D,SUBTITULADA,Tradicional,katseye-wild-hearts-en-cines
cinepolis-plaza-las-americas-xalapa,247,139537,2026-08-15T12:00:00,15,2D,SUBTITULADA,Tradicional,katseye-wild-hearts-en-cines
cinepolis-plaza-las-americas-xalapa,247,141237,2026-08-15T12:00:00,14,2D,SUBTITULADA,Tradicional,katseye-wild-hearts-en-cines
cinepolis-plaza-las-americas-xalapa,247,141212,2026-09-02T18:05:00,11,2D,SUBTITULADA,Tradicional,katy-perry-the-lifetimes-tour-en-vivo
cinepolis-plaza-las-americas-xalapa,247,141213,2026-09-05T14:05:00,11,2D,SUBTITULADA,Tradicional,katy-perry-the-lifetimes-tour-en-vivo
cinepolis-plaza-las-americas-xalapa,247,141651,2026-08-07T16:10:00,9,2D,ESPAÑOL,Tradicional,la-muerte-de-robin-hood
cinepolis-plaza-las-americas-xalapa,247,141653,2026-08-07T22:10:00,9,2D,ESPAÑOL,Tradicional,la-muerte-de-robin-hood
cinepolis-plaza-las-americas-xalapa,247,141650,2026-08-07T13:35:00,9,2D,SUBTITULADA,Tradicional,la-muerte-de-robin-hood
cinepolis-plaza-las-americas-xalapa,247,141652,2026-08-07T19:00:00,9,2D,SUBTITULADA,Tradicional,la-muerte-de-robin-hood
cinepolis-plaza-las-americas-xalapa,247,141404,2026-08-08T12:30:00,8,2D,ESPAÑOL,Tradicional,la-muerte-de-robin-hood
cinepolis-plaza-las-americas-xalapa,247,141405,2026-08-08T15:15:00,8,2D,ESPAÑOL,Tradicional,la-muerte-de-robin-hood
cinepolis-plaza-las-americas-xalapa,247,141406,2026-08-08T17:50:00,8,2D,SUBTITULADA,Tradicional,la-muerte-de-robin-hood
cinepolis-plaza-las-americas-xalapa,247,141407,2026-08-08T20:40:00,8,2D,SUBTITULADA,Tradicional,la-muerte-de-robin-hood
cinepolis-plaza-las-americas-xalapa,247,141869,2026-08-09T12:30:00,8,2D,ESPAÑOL,Tradicional,la-muerte-de-robin-hood
cinepolis-plaza-las-americas-xalapa,247,141870,2026-08-09T15:15:00,8,2D,ESPAÑOL,Tradicional,la-muerte-de-robin-hood
cinepolis-plaza-las-americas-xalapa,247,141871,2026-08-09T17:50:00,8,2D,SUBTITULADA,Tradicional,la-muerte-de-robin-hood
cinepolis-plaza-las-americas-xalapa,247,141872,2026-08-09T20:40:00,8,2D,SUBTITULADA,Tradicional,la-muerte-de-robin-hood
cinepolis-plaza-las-americas-xalapa,247,141698,2026-08-10T16:10:00,9,2D,ESPAÑOL,Tradicional,la-muerte-de-robin-hood
cinepolis-plaza-las-americas-xalapa,247,141700,2026-08-10T21:40:00,9,2D,ESPAÑOL,Tradicional,la-muerte-de-robin-hood
cinepolis-plaza-las-americas-xalapa,247,141697,2026-08-10T13:35:00,9,2D,SUBTITULADA,Tradicional,la-muerte-de-robin-hood
cinepolis-plaza-las-americas-xalapa,247,141699,2026-08-10T19:00:00,9,2D,SUBTITULADA,Tradicional,la-muerte-de-robin-hood
cinepolis-plaza-las-americas-xalapa,247,141804,2026-08-11T16:10:00,9,2D,ESPAÑOL,Tradicional,la-muerte-de-robin-hood
cinepolis-plaza-las-americas-xalapa,247,141806,2026-08-11T22:10:00,9,2D,ESPAÑOL,Tradicional,la-muerte-de-robin-hood
cinepolis-plaza-las-americas-xalapa,247,141803,2026-08-11T13:35:00,9,2D,SUBTITULADA,Tradicional,la-muerte-de-robin-hood
cinepolis-plaza-las-americas-xalapa,247,141805,2026-08-11T19:00:00,9,2D,SUBTITULADA,Tradicional,la-muerte-de-robin-hood
cinepolis-plaza-las-americas-xalapa,247,141753,2026-08-12T16:10:00,9,2D,ESPAÑOL,Tradicional,la-muerte-de-robin-hood
cinepolis-plaza-las-americas-xalapa,247,141755,2026-08-12T21:40:00,9,2D,ESPAÑOL,Tradicional,la-muerte-de-robin-hood
cinepolis-plaza-las-americas-xalapa,247,141752,2026-08-12T13:35:00,9,2D,SUBTITULADA,Tradicional,la-muerte-de-robin-hood
cinepolis-plaza-las-americas-xalapa,247,141754,2026-08-12T19:00:00,9,2D,SUBTITULADA,Tradicional,la-muerte-de-robin-hood
cinepolis-plaza-las-americas-xalapa,247,141640,2026-08-07T20:50:00,6,2D,ESPAÑOL,Tradicional,la-odisea
cinepolis-plaza-las-americas-xalapa,247,141637,2026-08-07T21:50:00,5,2D,ESPAÑOL,Tradicional,la-odisea
cinepolis-plaza-las-americas-xalapa,247,141665,2026-08-07T16:10:00,15,2D,SUBTITULADA,Tradicional,la-odisea
cinepolis-plaza-las-americas-xalapa,247,141666,2026-08-07T19:50:00,15,2D,SUBTITULADA,Tradicional,la-odisea
cinepolis-plaza-las-americas-xalapa,247,141288,2026-08-08T11:50:00,11,2D,ESPAÑOL,Tradicional,la-odisea
cinepolis-plaza-las-americas-xalapa,247,141450,2026-08-08T12:50:00,14,2D,ESPAÑOL,Tradicional,la-odisea
cinepolis-plaza-las-americas-xalapa,247,141289,2026-08-08T21:00:00,11,2D,ESPAÑOL,Tradicional,la-odisea
cinepolis-plaza-las-americas-xalapa,247,141451,2026-08-08T16:20:00,14,2D,SUBTITULADA,Tradicional,la-odisea
cinepolis-plaza-las-americas-xalapa,247,141452,2026-08-08T19:50:00,14,2D,SUBTITULADA,Tradicional,la-odisea
cinepolis-plaza-las-americas-xalapa,247,141885,2026-08-09T12:50:00,14,2D,ESPAÑOL,Tradicional,la-odisea
cinepolis-plaza-las-americas-xalapa,247,141290,2026-08-09T14:00:00,11,2D,ESPAÑOL,Tradicional,la-odisea
cinepolis-plaza-las-americas-xalapa,247,141292,2026-08-09T21:00:00,11,2D,ESPAÑOL,Tradicional,la-odisea
cinepolis-plaza-las-americas-xalapa,247,141886,2026-08-09T16:20:00,14,2D,SUBTITULADA,Tradicional,la-odisea
cinepolis-plaza-las-americas-xalapa,247,141291,2026-08-09T17:30:00,11,2D,SUBTITULADA,Tradicional,la-odisea
cinepolis-plaza-las-americas-xalapa,247,141887,2026-08-09T19:50:00,14,2D,SUBTITULADA,Tradicional,la-odisea
cinepolis-plaza-las-americas-xalapa,247,141687,2026-08-10T20:50:00,6,2D,ESPAÑOL,Tradicional,la-odisea
cinepolis-plaza-las-americas-xalapa,247,141684,2026-08-10T21:50:00,5,2D,ESPAÑOL,Tradicional,la-odisea
cinepolis-plaza-las-americas-xalapa,247,141719,2026-08-10T12:40:00,15,2D,SUBTITULADA,Tradicional,la-odisea
cinepolis-plaza-las-americas-xalapa,247,141720,2026-08-10T16:10:00,15,2D,SUBTITULADA,Tradicional,la-odisea
cinepolis-plaza-las-americas-xalapa,247,141721,2026-08-10T19:50:00,15,2D,SUBTITULADA,Tradicional,la-odisea
cinepolis-plaza-las-americas-xalapa,247,141793,2026-08-11T20:50:00,6,2D,ESPAÑOL,Tradicional,la-odisea
cinepolis-plaza-las-americas-xalapa,247,141790,2026-08-11T21:50:00,5,2D,ESPAÑOL,Tradicional,la-odisea
cinepolis-plaza-las-americas-xalapa,247,141824,2026-08-11T12:40:00,15,2D,SUBTITULADA,Tradicional,la-odisea
cinepolis-plaza-las-americas-xalapa,247,141825,2026-08-11T16:10:00,15,2D,SUBTITULADA,Tradicional,la-odisea
cinepolis-plaza-las-americas-xalapa,247,141826,2026-08-11T19:50:00,15,2D,SUBTITULADA,Tradicional,la-odisea
cinepolis-plaza-las-americas-xalapa,247,141742,2026-08-12T20:50:00,6,2D,ESPAÑOL,Tradicional,la-odisea
cinepolis-plaza-las-americas-xalapa,247,141739,2026-08-12T21:50:00,5,2D,ESPAÑOL,Tradicional,la-odisea
cinepolis-plaza-las-americas-xalapa,247,141771,2026-08-12T12:10:00,15,2D,SUBTITULADA,Tradicional,la-odisea
cinepolis-plaza-las-americas-xalapa,247,141769,2026-08-12T15:35:00,15,2D,SUBTITULADA,Tradicional,la-odisea
cinepolis-plaza-las-americas-xalapa,247,140668,2026-08-15T21:00:00,9,2D,ESPAÑOL,Tradicional,lmd-solo-la-mas-2
cinepolis-plaza-las-americas-xalapa,247,140067,2026-08-15T21:00:00,12,2D,ESPAÑOL,Tradicional,lmd-solo-la-mas-2
cinepolis-plaza-las-americas-xalapa,247,141233,2026-09-03T21:50:00,12,2D,ESPAÑOL,Tradicional,los-mejores-anos-de-nuestra-vida
cinepolis-plaza-las-americas-xalapa,247,141232,2026-09-04T21:50:00,12,2D,ESPAÑOL,Tradicional,los-mejores-anos-de-nuestra-vida
cinepolis-plaza-las-americas-xalapa,247,141235,2026-09-05T16:00:00,12,2D,ESPAÑOL,Tradicional,los-mejores-anos-de-nuestra-vida
cinepolis-plaza-las-americas-xalapa,247,141234,2026-09-06T16:00:00,12,2D,ESPAÑOL,Tradicional,los-mejores-anos-de-nuestra-vida
cinepolis-plaza-las-americas-xalapa,247,141230,2026-09-07T21:50:00,12,2D,ESPAÑOL,Tradicional,los-mejores-anos-de-nuestra-vida
cinepolis-plaza-las-americas-xalapa,247,141229,2026-09-08T21:50:00,12,2D,ESPAÑOL,Tradicional,los-mejores-anos-de-nuestra-vida
cinepolis-plaza-las-americas-xalapa,247,141231,2026-09-09T21:50:00,12,2D,ESPAÑOL,Tradicional,los-mejores-anos-de-nuestra-vida
cinepolis-plaza-las-americas-xalapa,247,141242,2026-08-07T14:30:00,12,2D,ESPAÑOL,Tradicional,marsupilami-caos-a-bordo
cinepolis-plaza-las-americas-xalapa,247,141356,2026-08-08T14:20:00,9,2D,ESPAÑOL,Tradicional,marsupilami-caos-a-bordo
cinepolis-plaza-las-americas-xalapa,247,141357,2026-08-08T16:40:00,9,2D,ESPAÑOL,Tradicional,marsupilami-caos-a-bordo
cinepolis-plaza-las-americas-xalapa,247,141873,2026-08-09T14:20:00,9,2D,ESPAÑOL,Tradicional,marsupilami-caos-a-bordo
cinepolis-plaza-las-americas-xalapa,247,141874,2026-08-09T16:40:00,9,2D,ESPAÑOL,Tradicional,marsupilami-caos-a-bordo
cinepolis-plaza-las-americas-xalapa,247,141708,2026-08-10T12:50:00,12,2D,ESPAÑOL,Tradicional,marsupilami-caos-a-bordo
cinepolis-plaza-las-americas-xalapa,247,141709,2026-08-10T15:10:00,12,2D,ESPAÑOL,Tradicional,marsupilami-caos-a-bordo
cinepolis-plaza-las-americas-xalapa,247,141772,2026-08-10T18:00:00,12,2D,ESPAÑOL,Tradicional,marsupilami-caos-a-bordo
cinepolis-plaza-las-americas-xalapa,247,141815,2026-08-11T12:10:00,12,2D,ESPAÑOL,Tradicional,marsupilami-caos-a-bordo
cinepolis-plaza-las-americas-xalapa,247,141816,2026-08-11T14:30:00,12,2D,ESPAÑOL,Tradicional,marsupilami-caos-a-bordo
cinepolis-plaza-las-americas-xalapa,247,141628,2026-08-07T18:10:00,3,2D,ESPAÑOL,SJ,minions-y-monstruos
cinepolis-plaza-las-americas-xalapa,247,141629,2026-08-07T20:40:00,3,2D,ESPAÑOL,SJ,minions-y-monstruos
cinepolis-plaza-las-americas-xalapa,247,141308,2026-08-08T11:50:00,3,2D,ESPAÑOL,SJ,minions-y-monstruos
cinepolis-plaza-las-americas-xalapa,247,141245,2026-08-08T13:30:00,12,2D,ESPAÑOL,Tradicional,minions-y-monstruos
cinepolis-plaza-las-americas-xalapa,247,141310,2026-08-08T17:30:00,3,2D,ESPAÑOL,SJ,minions-y-monstruos
cinepolis-plaza-las-americas-xalapa,247,141849,2026-08-09T11:50:00,3,2D,ESPAÑOL,SJ,minions-y-monstruos
cinepolis-plaza-las-americas-xalapa,247,141851,2026-08-09T17:30:00,3,2D,ESPAÑOL,SJ,minions-y-monstruos
cinepolis-plaza-las-americas-xalapa,247,141675,2026-08-10T18:10:00,3,2D,ESPAÑOL,SJ,minions-y-monstruos
cinepolis-plaza-las-americas-xalapa,247,141676,2026-08-10T20:40:00,3,2D,ESPAÑOL,SJ,minions-y-monstruos
cinepolis-plaza-las-americas-xalapa,247,141781,2026-08-11T18:10:00,3,2D,ESPAÑOL,SJ,minions-y-monstruos
cinepolis-plaza-las-americas-xalapa,247,141782,2026-08-11T20:40:00,3,2D,ESPAÑOL,SJ,minions-y-monstruos
cinepolis-plaza-las-americas-xalapa,247,141730,2026-08-12T18:10:00,3,2D,ESPAÑOL,SJ,minions-y-monstruos
cinepolis-plaza-las-americas-xalapa,247,141731,2026-08-12T20:40:00,3,2D,ESPAÑOL,SJ,minions-y-monstruos
cinepolis-plaza-las-americas-xalapa,247,141660,2026-08-07T14:00:00,14,2D,ESPAÑOL,Tradicional,moana-live-action
cinepolis-plaza-las-americas-xalapa,247,141243,2026-08-07T21:40:00,12,2D,ESPAÑOL,Tradicional,moana-live-action
cinepolis-plaza-las-americas-xalapa,247,141246,2026-08-08T19:20:00,12,2D,ESPAÑOL,Tradicional,moana-live-action
cinepolis-plaza-las-americas-xalapa,247,141837,2026-08-08T22:00:00,12,2D,ESPAÑOL,Tradicional,moana-live-action
cinepolis-plaza-las-americas-xalapa,247,141247,2026-08-09T13:30:00,12,2D,ESPAÑOL,Tradicional,moana-live-action
cinepolis-plaza-las-americas-xalapa,247,141248,2026-08-09T22:00:00,12,2D,ESPAÑOL,Tradicional,moana-live-action
cinepolis-plaza-las-americas-xalapa,247,141715,2026-08-10T14:00:00,14,2D,ESPAÑOL,Tradicional,moana-live-action
cinepolis-plaza-las-americas-xalapa,247,141711,2026-08-10T20:20:00,12,2D,ESPAÑOL,Tradicional,moana-live-action
cinepolis-plaza-las-americas-xalapa,247,141822,2026-08-11T14:00:00,14,2D,ESPAÑOL,Tradicional,moana-live-action
cinepolis-plaza-las-americas-xalapa,247,141765,2026-08-12T14:00:00,14,2D,ESPAÑOL,Tradicional,moana-live-action
cinepolis-plaza-las-americas-xalapa,247,141770,2026-08-12T21:20:00,12,2D,ESPAÑOL,Tradicional,moana-live-action
cinepolis-plaza-las-americas-xalapa,247,140664,2026-08-13T16:00:00,12,2D,SUBTITULADA,Tradicional,mulholland-empire
cinepolis-plaza-las-americas-xalapa,247,140666,2026-08-14T19:25:00,11,2D,SUBTITULADA,Tradicional,mulholland-empire
cinepolis-plaza-las-americas-xalapa,247,140662,2026-08-15T16:00:00,11,2D,SUBTITULADA,Tradicional,mulholland-empire
cinepolis-plaza-las-americas-xalapa,247,140670,2026-08-16T19:25:00,12,2D,SUBTITULADA,Tradicional,mulholland-empire
cinepolis-plaza-las-americas-xalapa,247,140656,2026-08-17T16:00:00,12,2D,SUBTITULADA,Tradicional,mulholland-empire
cinepolis-plaza-las-americas-xalapa,247,140671,2026-08-18T19:25:00,12,2D,SUBTITULADA,Tradicional,mulholland-empire
cinepolis-plaza-las-americas-xalapa,247,140658,2026-08-19T16:00:00,12,2D,SUBTITULADA,Tradicional,mulholland-empire
cinepolis-plaza-las-americas-xalapa,247,139522,2026-08-11T19:00:00,14,2D,SUBTITULADA,Tradicional,nimrods-una-comedia-de-green-day
cinepolis-plaza-las-americas-xalapa,247,139523,2026-08-14T19:00:00,14,2D,SUBTITULADA,Tradicional,nimrods-una-comedia-de-green-day
cinepolis-plaza-las-americas-xalapa,247,140652,2026-08-12T12:30:00,12,2D,ESPAÑOL,Tradicional,paw-patrol-la-dino-pelicula
cinepolis-plaza-las-americas-xalapa,247,140653,2026-08-12T14:40:00,12,2D,ESPAÑOL,Tradicional,paw-patrol-la-dino-pelicula
cinepolis-plaza-las-americas-xalapa,247,140654,2026-08-12T16:50:00,12,2D,ESPAÑOL,Tradicional,paw-patrol-la-dino-pelicula
cinepolis-plaza-las-americas-xalapa,247,140655,2026-08-12T18:55:00,12,2D,ESPAÑOL,Tradicional,paw-patrol-la-dino-pelicula
cinepolis-plaza-las-americas-xalapa,247,140677,2026-08-13T13:00:00,3,2D,ESPAÑOL,SJ,paw-patrol-la-dino-pelicula
cinepolis-plaza-las-americas-xalapa,247,140673,2026-08-13T13:10:00,7,2D,ESPAÑOL,Tradicional,paw-patrol-la-dino-pelicula
cinepolis-plaza-las-americas-xalapa,247,140674,2026-08-13T15:20:00,7,2D,ESPAÑOL,Tradicional,paw-patrol-la-dino-pelicula
cinepolis-plaza-las-americas-xalapa,247,140678,2026-08-13T15:35:00,3,2D,ESPAÑOL,SJ,paw-patrol-la-dino-pelicula
cinepolis-plaza-las-americas-xalapa,247,140675,2026-08-13T17:30:00,7,2D,ESPAÑOL,Tradicional,paw-patrol-la-dino-pelicula
cinepolis-plaza-las-americas-xalapa,247,140679,2026-08-13T18:10:00,3,2D,ESPAÑOL,SJ,paw-patrol-la-dino-pelicula
cinepolis-plaza-las-americas-xalapa,247,140676,2026-08-13T19:40:00,7,2D,ESPAÑOL,Tradicional,paw-patrol-la-dino-pelicula
cinepolis-plaza-las-americas-xalapa,247,140680,2026-08-13T20:45:00,3,2D,ESPAÑOL,SJ,paw-patrol-la-dino-pelicula
cinepolis-plaza-las-americas-xalapa,247,140681,2026-08-14T13:00:00,3,2D,ESPAÑOL,SJ,paw-patrol-la-dino-pelicula
cinepolis-plaza-las-americas-xalapa,247,140685,2026-08-14T13:10:00,7,2D,ESPAÑOL,Tradicional,paw-patrol-la-dino-pelicula
cinepolis-plaza-las-americas-xalapa,247,140686,2026-08-14T15:20:00,7,2D,ESPAÑOL,Tradicional,paw-patrol-la-dino-pelicula
cinepolis-plaza-las-americas-xalapa,247,140682,2026-08-14T15:35:00,3,2D,ESPAÑOL,SJ,paw-patrol-la-dino-pelicula
cinepolis-plaza-las-americas-xalapa,247,140687,2026-08-14T17:30:00,7,2D,ESPAÑOL,Tradicional,paw-patrol-la-dino-pelicula
cinepolis-plaza-las-americas-xalapa,247,140683,2026-08-14T18:10:00,3,2D,ESPAÑOL,SJ,paw-patrol-la-dino-pelicula
cinepolis-plaza-las-americas-xalapa,247,140688,2026-08-14T19:40:00,7,2D,ESPAÑOL,Tradicional,paw-patrol-la-dino-pelicula
cinepolis-plaza-las-americas-xalapa,247,140684,2026-08-14T20:45:00,3,2D,ESPAÑOL,SJ,paw-patrol-la-dino-pelicula
cinepolis-plaza-las-americas-xalapa,247,140730,2026-08-15T12:00:00,7,2D,ESPAÑOL,Tradicional,paw-patrol-la-dino-pelicula
cinepolis-plaza-las-americas-xalapa,247,140735,2026-08-15T13:00:00,3,2D,ESPAÑOL,SJ,paw-patrol-la-dino-pelicula
cinepolis-plaza-las-americas-xalapa,247,140731,2026-08-15T14:10:00,7,2D,ESPAÑOL,Tradicional,paw-patrol-la-dino-pelicula
cinepolis-plaza-las-americas-xalapa,247,140736,2026-08-15T15:30:00,3,2D,ESPAÑOL,SJ,paw-patrol-la-dino-pelicula
cinepolis-plaza-las-americas-xalapa,247,140732,2026-08-15T16:15:00,7,2D,ESPAÑOL,Tradicional,paw-patrol-la-dino-pelicula
cinepolis-plaza-las-americas-xalapa,247,140733,2026-08-15T18:20:00,7,2D,ESPAÑOL,Tradicional,paw-patrol-la-dino-pelicula
cinepolis-plaza-las-americas-xalapa,247,140737,2026-08-15T18:50:00,3,2D,ESPAÑOL,SJ,paw-patrol-la-dino-pelicula
cinepolis-plaza-las-americas-xalapa,247,140734,2026-08-15T20:30:00,7,2D,ESPAÑOL,Tradicional,paw-patrol-la-dino-pelicula
cinepolis-plaza-las-americas-xalapa,247,140701,2026-08-16T12:00:00,7,2D,ESPAÑOL,Tradicional,paw-patrol-la-dino-pelicula
cinepolis-plaza-las-americas-xalapa,247,140697,2026-08-16T13:00:00,3,2D,ESPAÑOL,SJ,paw-patrol-la-dino-pelicula
cinepolis-plaza-las-americas-xalapa,247,140702,2026-08-16T14:10:00,7,2D,ESPAÑOL,Tradicional,paw-patrol-la-dino-pelicula
cinepolis-plaza-las-americas-xalapa,247,140698,2026-08-16T15:30:00,3,2D,ESPAÑOL,SJ,paw-patrol-la-dino-pelicula
cinepolis-plaza-las-americas-xalapa,247,140703,2026-08-16T16:15:00,7,2D,ESPAÑOL,Tradicional,paw-patrol-la-dino-pelicula
cinepolis-plaza-las-americas-xalapa,247,140704,2026-08-16T18:20:00,7,2D,ESPAÑOL,Tradicional,paw-patrol-la-dino-pelicula
cinepolis-plaza-las-americas-xalapa,247,140699,2026-08-16T18:50:00,3,2D,ESPAÑOL,SJ,paw-patrol-la-dino-pelicula
cinepolis-plaza-las-americas-xalapa,247,140729,2026-08-16T20:30:00,7,2D,ESPAÑOL,Tradicional,paw-patrol-la-dino-pelicula
cinepolis-plaza-las-americas-xalapa,247,140705,2026-08-17T13:00:00,3,2D,ESPAÑOL,SJ,paw-patrol-la-dino-pelicula
cinepolis-plaza-las-americas-xalapa,247,140709,2026-08-17T13:10:00,7,2D,ESPAÑOL,Tradicional,paw-patrol-la-dino-pelicula
cinepolis-plaza-las-americas-xalapa,247,140710,2026-08-17T15:20:00,7,2D,ESPAÑOL,Tradicional,paw-patrol-la-dino-pelicula
cinepolis-plaza-las-americas-xalapa,247,140706,2026-08-17T15:35:00,3,2D,ESPAÑOL,SJ,paw-patrol-la-dino-pelicula
cinepolis-plaza-las-americas-xalapa,247,140711,2026-08-17T17:30:00,7,2D,ESPAÑOL,Tradicional,paw-patrol-la-dino-pelicula
cinepolis-plaza-las-americas-xalapa,247,140707,2026-08-17T18:10:00,3,2D,ESPAÑOL,SJ,paw-patrol-la-dino-pelicula
cinepolis-plaza-las-americas-xalapa,247,140712,2026-08-17T19:40:00,7,2D,ESPAÑOL,Tradicional,paw-patrol-la-dino-pelicula
cinepolis-plaza-las-americas-xalapa,247,140708,2026-08-17T20:45:00,3,2D,ESPAÑOL,SJ,paw-patrol-la-dino-pelicula
cinepolis-plaza-las-americas-xalapa,247,140713,2026-08-18T13:00:00,3,2D,ESPAÑOL,SJ,paw-patrol-la-dino-pelicula
cinepolis-plaza-las-americas-xalapa,247,140717,2026-08-18T13:10:00,7,2D,ESPAÑOL,Tradicional,paw-patrol-la-dino-pelicula
cinepolis-plaza-las-americas-xalapa,247,140718,2026-08-18T15:20:00,7,2D,ESPAÑOL,Tradicional,paw-patrol-la-dino-pelicula
cinepolis-plaza-las-americas-xalapa,247,140714,2026-08-18T15:35:00,3,2D,ESPAÑOL,SJ,paw-patrol-la-dino-pelicula
cinepolis-plaza-las-americas-xalapa,247,140719,2026-08-18T17:30:00,7,2D,ESPAÑOL,Tradicional,paw-patrol-la-dino-pelicula
cinepolis-plaza-las-americas-xalapa,247,140715,2026-08-18T18:10:00,3,2D,ESPAÑOL,SJ,paw-patrol-la-dino-pelicula
cinepolis-plaza-las-americas-xalapa,247,140720,2026-08-18T19:40:00,7,2D,ESPAÑOL,Tradicional,paw-patrol-la-dino-pelicula
cinepolis-plaza-las-americas-xalapa,247,140716,2026-08-18T20:45:00,3,2D,ESPAÑOL,SJ,paw-patrol-la-dino-pelicula
cinepolis-plaza-las-americas-xalapa,247,140721,2026-08-19T13:00:00,3,2D,ESPAÑOL,SJ,paw-patrol-la-dino-pelicula
cinepolis-plaza-las-americas-xalapa,247,140725,2026-08-19T13:10:00,7,2D,ESPAÑOL,Tradicional,paw-patrol-la-dino-pelicula
cinepolis-plaza-las-americas-xalapa,247,140726,2026-08-19T15:20:00,7,2D,ESPAÑOL,Tradicional,paw-patrol-la-dino-pelicula
cinepolis-plaza-las-americas-xalapa,247,140722,2026-08-19T15:35:00,3,2D,ESPAÑOL,SJ,paw-patrol-la-dino-pelicula
cinepolis-plaza-las-americas-xalapa,247,140727,2026-08-19T17:30:00,7,2D,ESPAÑOL,Tradicional,paw-patrol-la-dino-pelicula
cinepolis-plaza-las-americas-xalapa,247,140723,2026-08-19T18:10:00,3,2D,ESPAÑOL,SJ,paw-patrol-la-dino-pelicula
cinepolis-plaza-las-americas-xalapa,247,140728,2026-08-19T19:40:00,7,2D,ESPAÑOL,Tradicional,paw-patrol-la-dino-pelicula
cinepolis-plaza-las-americas-xalapa,247,140724,2026-08-19T20:45:00,3,2D,ESPAÑOL,SJ,paw-patrol-la-dino-pelicula
cinepolis-plaza-las-americas-xalapa,247,140738,2026-08-27T18:40:00,12,2D,ESPAÑOL,Tradicional,sagrado-corazon
cinepolis-plaza-las-americas-xalapa,247,140739,2026-08-27T20:50:00,12,2D,ESPAÑOL,Tradicional,sagrado-corazon
cinepolis-plaza-las-americas-xalapa,247,140740,2026-08-28T18:40:00,12,2D,ESPAÑOL,Tradicional,sagrado-corazon
cinepolis-plaza-las-americas-xalapa,247,140741,2026-08-28T20:50:00,12,2D,ESPAÑOL,Tradicional,sagrado-corazon
cinepolis-plaza-las-americas-xalapa,247,140742,2026-08-29T19:40:00,12,2D,ESPAÑOL,Tradicional,sagrado-corazon
cinepolis-plaza-las-americas-xalapa,247,140743,2026-08-29T22:00:00,12,2D,ESPAÑOL,Tradicional,sagrado-corazon
cinepolis-plaza-las-americas-xalapa,247,140750,2026-08-30T19:40:00,12,2D,ESPAÑOL,Tradicional,sagrado-corazon
cinepolis-plaza-las-americas-xalapa,247,140751,2026-08-30T22:00:00,12,2D,ESPAÑOL,Tradicional,sagrado-corazon
cinepolis-plaza-las-americas-xalapa,247,140744,2026-08-31T18:40:00,12,2D,ESPAÑOL,Tradicional,sagrado-corazon
cinepolis-plaza-las-americas-xalapa,247,140745,2026-08-31T20:50:00,12,2D,ESPAÑOL,Tradicional,sagrado-corazon
cinepolis-plaza-las-americas-xalapa,247,140746,2026-09-01T18:40:00,12,2D,ESPAÑOL,Tradicional,sagrado-corazon
cinepolis-plaza-las-americas-xalapa,247,140747,2026-09-01T20:50:00,12,2D,ESPAÑOL,Tradicional,sagrado-corazon
cinepolis-plaza-las-americas-xalapa,247,140748,2026-09-02T18:40:00,12,2D,ESPAÑOL,Tradicional,sagrado-corazon
cinepolis-plaza-las-americas-xalapa,247,140749,2026-09-02T20:50:00,12,2D,ESPAÑOL,Tradicional,sagrado-corazon
cinepolis-plaza-las-americas-xalapa,247,141657,2026-08-07T13:50:00,13,2D,ESPAÑOL,XE,spider-man-un-nuevo-dia
cinepolis-plaza-las-americas-xalapa,247,141638,2026-08-07T14:20:00,6,2D,ESPAÑOL,Tradicional,spider-man-un-nuevo-dia
cinepolis-plaza-las-americas-xalapa,247,141620,2026-08-07T14:40:00,1,3D,ESPAÑOL,4DX,spider-man-un-nuevo-dia
cinepolis-plaza-las-americas-xalapa,247,141635,2026-08-07T15:30:00,5,2D,ESPAÑOL,Tradicional,spider-man-un-nuevo-dia
cinepolis-plaza-las-americas-xalapa,247,141642,2026-08-07T16:00:00,7,2D,ESPAÑOL,Tradicional,spider-man-un-nuevo-dia
cinepolis-plaza-las-americas-xalapa,247,141655,2026-08-07T16:20:00,10,2D,ESPAÑOL,Tradicional,spider-man-un-nuevo-dia
cinepolis-plaza-las-americas-xalapa,247,141624,2026-08-07T16:40:00,2,3D,ESPAÑOL,Tradicional,spider-man-un-nuevo-dia
cinepolis-plaza-las-americas-xalapa,247,141658,2026-08-07T17:10:00,13,2D,ESPAÑOL,XE,spider-man-un-nuevo-dia
cinepolis-plaza-las-americas-xalapa,247,141621,2026-08-07T18:00:00,1,3D,ESPAÑOL,4DX,spider-man-un-nuevo-dia
cinepolis-plaza-las-americas-xalapa,247,141643,2026-08-07T19:10:00,7,2D,ESPAÑOL,Tradicional,spider-man-un-nuevo-dia
cinepolis-plaza-las-americas-xalapa,247,141656,2026-08-07T19:30:00,10,2D,ESPAÑOL,Tradicional,spider-man-un-nuevo-dia
cinepolis-plaza-las-americas-xalapa,247,141625,2026-08-07T20:00:00,2,3D,ESPAÑOL,Tradicional,spider-man-un-nuevo-dia
cinepolis-plaza-las-americas-xalapa,247,141663,2026-08-07T21:00:00,14,2D,ESPAÑOL,Tradicional,spider-man-un-nuevo-dia
cinepolis-plaza-las-americas-xalapa,247,141622,2026-08-07T21:20:00,1,3D,ESPAÑOL,4DX,spider-man-un-nuevo-dia
cinepolis-plaza-las-americas-xalapa,247,141644,2026-08-07T22:20:00,7,2D,ESPAÑOL,Tradicional,spider-man-un-nuevo-dia
cinepolis-plaza-las-americas-xalapa,247,141639,2026-08-07T17:40:00,6,2D,SUBTITULADA,Tradicional,spider-man-un-nuevo-dia
cinepolis-plaza-las-americas-xalapa,247,141636,2026-08-07T18:40:00,5,2D,SUBTITULADA,Tradicional,spider-man-un-nuevo-dia
cinepolis-plaza-las-americas-xalapa,247,141659,2026-08-07T20:30:00,13,2D,SUBTITULADA,XE,spider-man-un-nuevo-dia
cinepolis-plaza-las-americas-xalapa,247,141496,2026-08-08T11:50:00,13,2D,ESPAÑOL,XE,spider-man-un-nuevo-dia
cinepolis-plaza-las-americas-xalapa,247,141428,2026-08-08T12:20:00,10,2D,ESPAÑOL,Tradicional,spider-man-un-nuevo-dia
cinepolis-plaza-las-americas-xalapa,247,141553,2026-08-08T12:40:00,1,3D,ESPAÑOL,4DX,spider-man-un-nuevo-dia
cinepolis-plaza-las-americas-xalapa,247,141533,2026-08-08T13:00:00,2,3D,ESPAÑOL,Tradicional,spider-man-un-nuevo-dia
cinepolis-plaza-las-americas-xalapa,247,141380,2026-08-08T13:40:00,7,2D,ESPAÑOL,Tradicional,spider-man-un-nuevo-dia
cinepolis-plaza-las-americas-xalapa,247,141497,2026-08-08T14:50:00,13,2D,ESPAÑOL,XE,spider-man-un-nuevo-dia
cinepolis-plaza-las-americas-xalapa,247,141333,2026-08-08T15:10:00,6,2D,ESPAÑOL,Tradicional,spider-man-un-nuevo-dia
cinepolis-plaza-las-americas-xalapa,247,141429,2026-08-08T15:30:00,10,2D,ESPAÑOL,Tradicional,spider-man-un-nuevo-dia
cinepolis-plaza-las-americas-xalapa,247,141554,2026-08-08T15:50:00,1,3D,ESPAÑOL,4DX,spider-man-un-nuevo-dia
cinepolis-plaza-las-americas-xalapa,247,141534,2026-08-08T16:30:00,2,2D,ESPAÑOL,Tradicional,spider-man-un-nuevo-dia
cinepolis-plaza-las-americas-xalapa,247,141381,2026-08-08T16:50:00,7,2D,ESPAÑOL,Tradicional,spider-man-un-nuevo-dia
cinepolis-plaza-las-americas-xalapa,247,141517,2026-08-08T17:20:00,15,2D,ESPAÑOL,Tradicional,spider-man-un-nuevo-dia
cinepolis-plaza-las-americas-xalapa,247,141334,2026-08-08T18:20:00,6,2D,ESPAÑOL,Tradicional,spider-man-un-nuevo-dia
cinepolis-plaza-las-americas-xalapa,247,141430,2026-08-08T18:40:00,10,2D,ESPAÑOL,Tradicional,spider-man-un-nuevo-dia
cinepolis-plaza-las-americas-xalapa,247,141838,2026-08-08T19:30:00,2,3D,ESPAÑOL,Tradicional,spider-man-un-nuevo-dia
cinepolis-plaza-las-americas-xalapa,247,141382,2026-08-08T20:10:00,7,2D,ESPAÑOL,Tradicional,spider-man-un-nuevo-dia
cinepolis-plaza-las-americas-xalapa,247,141499,2026-08-08T21:10:00,13,2D,ESPAÑOL,XE,spider-man-un-nuevo-dia
cinepolis-plaza-las-americas-xalapa,247,141335,2026-08-08T21:30:00,6,2D,ESPAÑOL,Tradicional,spider-man-un-nuevo-dia
cinepolis-plaza-las-americas-xalapa,247,141556,2026-08-08T22:10:00,1,3D,ESPAÑOL,4DX,spider-man-un-nuevo-dia
cinepolis-plaza-las-americas-xalapa,247,141536,2026-08-08T22:30:00,2,2D,ESPAÑOL,Tradicional,spider-man-un-nuevo-dia
cinepolis-plaza-las-americas-xalapa,247,141332,2026-08-08T12:00:00,6,2D,SUBTITULADA,Tradicional,spider-man-un-nuevo-dia
cinepolis-plaza-las-americas-xalapa,247,141840,2026-08-08T14:10:00,15,2D,SUBTITULADA,Tradicional,spider-man-un-nuevo-dia
cinepolis-plaza-las-americas-xalapa,247,141498,2026-08-08T18:00:00,13,2D,SUBTITULADA,XE,spider-man-un-nuevo-dia
cinepolis-plaza-las-americas-xalapa,247,141555,2026-08-08T19:00:00,1,3D,SUBTITULADA,4DX,spider-man-un-nuevo-dia
cinepolis-plaza-las-americas-xalapa,247,141518,2026-08-08T20:30:00,15,2D,SUBTITULADA,Tradicional,spider-man-un-nuevo-dia
cinepolis-plaza-las-americas-xalapa,247,141839,2026-08-08T21:50:00,10,2D,SUBTITULADA,Tradicional,spider-man-un-nuevo-dia
cinepolis-plaza-las-americas-xalapa,247,141881,2026-08-09T11:50:00,13,2D,ESPAÑOL,XE,spider-man-un-nuevo-dia
cinepolis-plaza-las-americas-xalapa,247,141877,2026-08-09T12:20:00,10,2D,ESPAÑOL,Tradicional,spider-man-un-nuevo-dia
cinepolis-plaza-las-americas-xalapa,247,141841,2026-08-09T12:40:00,1,3D,ESPAÑOL,4DX,spider-man-un-nuevo-dia
cinepolis-plaza-las-americas-xalapa,247,141845,2026-08-09T13:00:00,2,3D,ESPAÑOL,Tradicional,spider-man-un-nuevo-dia
cinepolis-plaza-las-americas-xalapa,247,141866,2026-08-09T13:40:00,7,2D,ESPAÑOL,Tradicional,spider-man-un-nuevo-dia
cinepolis-plaza-las-americas-xalapa,247,141882,2026-08-09T14:50:00,13,2D,ESPAÑOL,XE,spider-man-un-nuevo-dia
cinepolis-plaza-las-americas-xalapa,247,141863,2026-08-09T15:10:00,6,2D,ESPAÑOL,Tradicional,spider-man-un-nuevo-dia
cinepolis-plaza-las-americas-xalapa,247,141878,2026-08-09T15:30:00,10,2D,ESPAÑOL,Tradicional,spider-man-un-nuevo-dia
cinepolis-plaza-las-americas-xalapa,247,141842,2026-08-09T15:50:00,1,3D,ESPAÑOL,4DX,spider-man-un-nuevo-dia
cinepolis-plaza-las-americas-xalapa,247,141846,2026-08-09T16:30:00,2,2D,ESPAÑOL,Tradicional,spider-man-un-nuevo-dia
cinepolis-plaza-las-americas-xalapa,247,141867,2026-08-09T16:50:00,7,2D,ESPAÑOL,Tradicional,spider-man-un-nuevo-dia
cinepolis-plaza-las-americas-xalapa,247,141889,2026-08-09T17:20:00,15,2D,ESPAÑOL,Tradicional,spider-man-un-nuevo-dia
cinepolis-plaza-las-americas-xalapa,247,141883,2026-08-09T18:00:00,13,2D,ESPAÑOL,XE,spider-man-un-nuevo-dia
cinepolis-plaza-las-americas-xalapa,247,141864,2026-08-09T18:20:00,6,2D,ESPAÑOL,Tradicional,spider-man-un-nuevo-dia
cinepolis-plaza-las-americas-xalapa,247,141879,2026-08-09T18:40:00,10,2D,ESPAÑOL,Tradicional,spider-man-un-nuevo-dia
cinepolis-plaza-las-americas-xalapa,247,141843,2026-08-09T19:00:00,1,3D,ESPAÑOL,4DX,spider-man-un-nuevo-dia
cinepolis-plaza-las-americas-xalapa,247,141847,2026-08-09T19:30:00,2,3D,ESPAÑOL,Tradicional,spider-man-un-nuevo-dia
cinepolis-plaza-las-americas-xalapa,247,141868,2026-08-09T20:10:00,7,2D,ESPAÑOL,Tradicional,spider-man-un-nuevo-dia
cinepolis-plaza-las-americas-xalapa,247,141884,2026-08-09T21:10:00,13,2D,ESPAÑOL,XE,spider-man-un-nuevo-dia
cinepolis-plaza-las-americas-xalapa,247,141865,2026-08-09T21:30:00,6,2D,ESPAÑOL,Tradicional,spider-man-un-nuevo-dia
cinepolis-plaza-las-americas-xalapa,247,141844,2026-08-09T22:10:00,1,3D,ESPAÑOL,4DX,spider-man-un-nuevo-dia
cinepolis-plaza-las-americas-xalapa,247,141862,2026-08-09T12:00:00,6,2D,SUBTITULADA,Tradicional,spider-man-un-nuevo-dia
cinepolis-plaza-las-americas-xalapa,247,141888,2026-08-09T14:10:00,15,2D,SUBTITULADA,Tradicional,spider-man-un-nuevo-dia
cinepolis-plaza-las-americas-xalapa,247,141890,2026-08-09T20:30:00,15,2D,SUBTITULADA,Tradicional,spider-man-un-nuevo-dia
cinepolis-plaza-las-americas-xalapa,247,141880,2026-08-09T21:50:00,10,2D,SUBTITULADA,Tradicional,spider-man-un-nuevo-dia
cinepolis-plaza-las-americas-xalapa,247,141681,2026-08-10T12:10:00,5,2D,ESPAÑOL,Tradicional,spider-man-un-nuevo-dia
cinepolis-plaza-las-americas-xalapa,247,141701,2026-08-10T13:10:00,10,2D,ESPAÑOL,Tradicional,spider-man-un-nuevo-dia
cinepolis-plaza-las-americas-xalapa,247,141670,2026-08-10T13:30:00,2,3D,ESPAÑOL,Tradicional,spider-man-un-nuevo-dia
cinepolis-plaza-las-americas-xalapa,247,141712,2026-08-10T13:50:00,13,2D,ESPAÑOL,XE,spider-man-un-nuevo-dia
cinepolis-plaza-las-americas-xalapa,247,141685,2026-08-10T14:20:00,6,2D,ESPAÑOL,Tradicional,spider-man-un-nuevo-dia
cinepolis-plaza-las-americas-xalapa,247,141667,2026-08-10T14:40:00,1,3D,ESPAÑOL,4DX,spider-man-un-nuevo-dia
cinepolis-plaza-las-americas-xalapa,247,141682,2026-08-10T15:30:00,5,2D,ESPAÑOL,Tradicional,spider-man-un-nuevo-dia
cinepolis-plaza-las-americas-xalapa,247,141689,2026-08-10T16:00:00,7,2D,ESPAÑOL,Tradicional,spider-man-un-nuevo-dia
cinepolis-plaza-las-americas-xalapa,247,141702,2026-08-10T16:20:00,10,2D,ESPAÑOL,Tradicional,spider-man-un-nuevo-dia
cinepolis-plaza-las-americas-xalapa,247,141671,2026-08-10T16:40:00,2,3D,ESPAÑOL,Tradicional,spider-man-un-nuevo-dia
cinepolis-plaza-las-americas-xalapa,247,141713,2026-08-10T17:10:00,13,2D,ESPAÑOL,XE,spider-man-un-nuevo-dia
cinepolis-plaza-las-americas-xalapa,247,141668,2026-08-10T18:00:00,1,3D,ESPAÑOL,4DX,spider-man-un-nuevo-dia
cinepolis-plaza-las-americas-xalapa,247,141690,2026-08-10T19:10:00,7,2D,ESPAÑOL,Tradicional,spider-man-un-nuevo-dia
cinepolis-plaza-las-americas-xalapa,247,141703,2026-08-10T19:30:00,10,2D,ESPAÑOL,Tradicional,spider-man-un-nuevo-dia
cinepolis-plaza-las-americas-xalapa,247,141835,2026-08-10T20:30:00,13,2D,ESPAÑOL,XE,spider-man-un-nuevo-dia
cinepolis-plaza-las-americas-xalapa,247,141718,2026-08-10T21:00:00,14,2D,ESPAÑOL,Tradicional,spider-man-un-nuevo-dia
cinepolis-plaza-las-americas-xalapa,247,141669,2026-08-10T21:20:00,1,3D,ESPAÑOL,4DX,spider-man-un-nuevo-dia
cinepolis-plaza-las-americas-xalapa,247,141691,2026-08-10T22:20:00,7,2D,ESPAÑOL,Tradicional,spider-man-un-nuevo-dia
cinepolis-plaza-las-americas-xalapa,247,141688,2026-08-10T12:50:00,7,2D,SUBTITULADA,Tradicional,spider-man-un-nuevo-dia
cinepolis-plaza-las-americas-xalapa,247,141686,2026-08-10T17:40:00,6,2D,SUBTITULADA,Tradicional,spider-man-un-nuevo-dia
cinepolis-plaza-las-americas-xalapa,247,141683,2026-08-10T18:40:00,5,2D,SUBTITULADA,Tradicional,spider-man-un-nuevo-dia
cinepolis-plaza-las-americas-xalapa,247,141836,2026-08-10T20:00:00,2,2D,SUBTITULADA,Tradicional,spider-man-un-nuevo-dia
cinepolis-plaza-las-americas-xalapa,247,141787,2026-08-11T12:10:00,5,2D,ESPAÑOL,Tradicional,spider-man-un-nuevo-dia
cinepolis-plaza-las-americas-xalapa,247,141807,2026-08-11T13:10:00,10,2D,ESPAÑOL,Tradicional,spider-man-un-nuevo-dia
cinepolis-plaza-las-americas-xalapa,247,141776,2026-08-11T13:30:00,2,3D,ESPAÑOL,Tradicional,spider-man-un-nuevo-dia
cinepolis-plaza-las-americas-xalapa,247,141819,2026-08-11T13:50:00,13,2D,ESPAÑOL,XE,spider-man-un-nuevo-dia
cinepolis-plaza-las-americas-xalapa,247,141791,2026-08-11T14:20:00,6,2D,ESPAÑOL,Tradicional,spider-man-un-nuevo-dia
cinepolis-plaza-las-americas-xalapa,247,141773,2026-08-11T14:40:00,1,3D,ESPAÑOL,4DX,spider-man-un-nuevo-dia
cinepolis-plaza-las-americas-xalapa,247,141788,2026-08-11T15:30:00,5,2D,ESPAÑOL,Tradicional,spider-man-un-nuevo-dia
cinepolis-plaza-las-americas-xalapa,247,141795,2026-08-11T16:00:00,7,2D,ESPAÑOL,Tradicional,spider-man-un-nuevo-dia
cinepolis-plaza-las-americas-xalapa,247,141808,2026-08-11T16:20:00,10,2D,ESPAÑOL,Tradicional,spider-man-un-nuevo-dia
cinepolis-plaza-las-americas-xalapa,247,141777,2026-08-11T16:40:00,2,3D,ESPAÑOL,Tradicional,spider-man-un-nuevo-dia
cinepolis-plaza-las-americas-xalapa,247,141820,2026-08-11T17:10:00,13,2D,ESPAÑOL,XE,spider-man-un-nuevo-dia
cinepolis-plaza-las-americas-xalapa,247,141774,2026-08-11T18:00:00,1,3D,ESPAÑOL,4DX,spider-man-un-nuevo-dia
cinepolis-plaza-las-americas-xalapa,247,141796,2026-08-11T19:10:00,7,2D,ESPAÑOL,Tradicional,spider-man-un-nuevo-dia
cinepolis-plaza-las-americas-xalapa,247,141809,2026-08-11T19:30:00,10,2D,ESPAÑOL,Tradicional,spider-man-un-nuevo-dia
cinepolis-plaza-las-americas-xalapa,247,141833,2026-08-11T20:30:00,13,2D,ESPAÑOL,XE,spider-man-un-nuevo-dia
cinepolis-plaza-las-americas-xalapa,247,141775,2026-08-11T21:20:00,1,3D,ESPAÑOL,4DX,spider-man-un-nuevo-dia
cinepolis-plaza-las-americas-xalapa,247,141797,2026-08-11T22:20:00,7,2D,ESPAÑOL,Tradicional,spider-man-un-nuevo-dia
cinepolis-plaza-las-americas-xalapa,247,141794,2026-08-11T12:50:00,7,2D,SUBTITULADA,Tradicional,spider-man-un-nuevo-dia
cinepolis-plaza-las-americas-xalapa,247,141792,2026-08-11T17:40:00,6,2D,SUBTITULADA,Tradicional,spider-man-un-nuevo-dia
cinepolis-plaza-las-americas-xalapa,247,141789,2026-08-11T18:40:00,5,2D,SUBTITULADA,Tradicional,spider-man-un-nuevo-dia
cinepolis-plaza-las-americas-xalapa,247,141834,2026-08-11T20:00:00,2,2D,SUBTITULADA,Tradicional,spider-man-un-nuevo-dia
cinepolis-plaza-las-americas-xalapa,247,141736,2026-08-12T12:10:00,5,2D,ESPAÑOL,Tradicional,spider-man-un-nuevo-dia
cinepolis-plaza-las-americas-xalapa,247,141756,2026-08-12T13:10:00,10,2D,ESPAÑOL,Tradicional,spider-man-un-nuevo-dia
cinepolis-plaza-las-americas-xalapa,247,141725,2026-08-12T13:30:00,2,3D,ESPAÑOL,Tradicional,spider-man-un-nuevo-dia
cinepolis-plaza-las-americas-xalapa,247,141762,2026-08-12T13:50:00,13,2D,ESPAÑOL,XE,spider-man-un-nuevo-dia
cinepolis-plaza-las-americas-xalapa,247,141740,2026-08-12T14:20:00,6,2D,ESPAÑOL,Tradicional,spider-man-un-nuevo-dia
cinepolis-plaza-las-americas-xalapa,247,141722,2026-08-12T14:40:00,1,3D,ESPAÑOL,4DX,spider-man-un-nuevo-dia
cinepolis-plaza-las-americas-xalapa,247,141737,2026-08-12T15:30:00,5,2D,ESPAÑOL,Tradicional,spider-man-un-nuevo-dia
cinepolis-plaza-las-americas-xalapa,247,141744,2026-08-12T16:00:00,7,2D,ESPAÑOL,Tradicional,spider-man-un-nuevo-dia
cinepolis-plaza-las-americas-xalapa,247,141757,2026-08-12T16:20:00,10,2D,ESPAÑOL,Tradicional,spider-man-un-nuevo-dia
cinepolis-plaza-las-americas-xalapa,247,141726,2026-08-12T16:40:00,2,3D,ESPAÑOL,Tradicional,spider-man-un-nuevo-dia
cinepolis-plaza-las-americas-xalapa,247,141763,2026-08-12T17:10:00,13,2D,ESPAÑOL,XE,spider-man-un-nuevo-dia
cinepolis-plaza-las-americas-xalapa,247,141723,2026-08-12T18:00:00,1,3D,ESPAÑOL,4DX,spider-man-un-nuevo-dia
cinepolis-plaza-las-americas-xalapa,247,141745,2026-08-12T19:10:00,7,2D,ESPAÑOL,Tradicional,spider-man-un-nuevo-dia
cinepolis-plaza-las-americas-xalapa,247,141758,2026-08-12T19:30:00,10,2D,ESPAÑOL,Tradicional,spider-man-un-nuevo-dia
cinepolis-plaza-las-americas-xalapa,247,141831,2026-08-12T20:30:00,13,2D,ESPAÑOL,XE,spider-man-un-nuevo-dia
cinepolis-plaza-las-americas-xalapa,247,141768,2026-08-12T21:00:00,14,2D,ESPAÑOL,Tradicional,spider-man-un-nuevo-dia
cinepolis-plaza-las-americas-xalapa,247,141724,2026-08-12T21:20:00,1,3D,ESPAÑOL,4DX,spider-man-un-nuevo-dia
cinepolis-plaza-las-americas-xalapa,247,141746,2026-08-12T22:20:00,7,2D,ESPAÑOL,Tradicional,spider-man-un-nuevo-dia
cinepolis-plaza-las-americas-xalapa,247,141743,2026-08-12T12:50:00,7,2D,SUBTITULADA,Tradicional,spider-man-un-nuevo-dia
cinepolis-plaza-las-americas-xalapa,247,141741,2026-08-12T17:40:00,6,2D,SUBTITULADA,Tradicional,spider-man-un-nuevo-dia
cinepolis-plaza-las-americas-xalapa,247,141738,2026-08-12T18:40:00,5,2D,SUBTITULADA,Tradicional,spider-man-un-nuevo-dia
cinepolis-plaza-las-americas-xalapa,247,141832,2026-08-12T20:00:00,2,2D,SUBTITULADA,Tradicional,spider-man-un-nuevo-dia
cinepolis-plaza-las-americas-xalapa,247,141221,2026-08-20T19:30:00,12,2D,SUBTITULADA,Tradicional,the-straight-story
cinepolis-plaza-las-americas-xalapa,247,141205,2026-08-21T16:10:00,12,2D,SUBTITULADA,Tradicional,the-straight-story
cinepolis-plaza-las-americas-xalapa,247,141227,2026-08-22T19:25:00,12,2D,SUBTITULADA,Tradicional,the-straight-story
cinepolis-plaza-las-americas-xalapa,247,141207,2026-08-23T16:10:00,12,2D,SUBTITULADA,Tradicional,the-straight-story
cinepolis-plaza-las-americas-xalapa,247,141223,2026-08-24T19:30:00,12,2D,SUBTITULADA,Tradicional,the-straight-story
cinepolis-plaza-las-americas-xalapa,247,141209,2026-08-25T16:10:00,12,2D,SUBTITULADA,Tradicional,the-straight-story
cinepolis-plaza-las-americas-xalapa,247,141225,2026-08-26T19:30:00,12,2D,SUBTITULADA,Tradicional,the-straight-story
cinepolis-plaza-las-americas-xalapa,247,141627,2026-08-07T15:20:00,3,2D,ESPAÑOL,SJ,toy-story-5
cinepolis-plaza-las-americas-xalapa,247,141309,2026-08-08T14:30:00,3,2D,ESPAÑOL,SJ,toy-story-5
cinepolis-plaza-las-americas-xalapa,247,141311,2026-08-08T20:00:00,3,2D,ESPAÑOL,SJ,toy-story-5
cinepolis-plaza-las-americas-xalapa,247,141850,2026-08-09T14:30:00,3,2D,ESPAÑOL,SJ,toy-story-5
cinepolis-plaza-las-americas-xalapa,247,141852,2026-08-09T20:00:00,3,2D,ESPAÑOL,SJ,toy-story-5
cinepolis-plaza-las-americas-xalapa,247,141673,2026-08-10T12:30:00,3,2D,ESPAÑOL,SJ,toy-story-5
cinepolis-plaza-las-americas-xalapa,247,141674,2026-08-10T15:20:00,3,2D,ESPAÑOL,SJ,toy-story-5
cinepolis-plaza-las-americas-xalapa,247,141779,2026-08-11T12:30:00,3,2D,ESPAÑOL,SJ,toy-story-5
cinepolis-plaza-las-americas-xalapa,247,141780,2026-08-11T15:20:00,3,2D,ESPAÑOL,SJ,toy-story-5
cinepolis-plaza-las-americas-xalapa,247,141728,2026-08-12T12:30:00,3,2D,ESPAÑOL,SJ,toy-story-5
cinepolis-plaza-las-americas-xalapa,247,141729,2026-08-12T15:20:00,3,2D,ESPAÑOL,SJ,toy-story-5
cinepolis-plaza-las-americas-xalapa,247,141286,2026-08-07T19:05:00,11,2D,ESPAÑOL,Tradicional,tu-corazon-sera-destrozado
cinepolis-plaza-las-americas-xalapa,247,141287,2026-08-07T22:00:00,11,2D,ESPAÑOL,Tradicional,tu-corazon-sera-destrozado
cinepolis-plaza-las-americas-xalapa,247,141358,2026-08-08T18:50:00,9,2D,ESPAÑOL,Tradicional,tu-corazon-sera-destrozado
cinepolis-plaza-las-americas-xalapa,247,141359,2026-08-08T21:45:00,9,2D,ESPAÑOL,Tradicional,tu-corazon-sera-destrozado
cinepolis-plaza-las-americas-xalapa,247,141875,2026-08-09T18:50:00,9,2D,ESPAÑOL,Tradicional,tu-corazon-sera-destrozado
cinepolis-plaza-las-americas-xalapa,247,141876,2026-08-09T21:45:00,9,2D,ESPAÑOL,Tradicional,tu-corazon-sera-destrozado
cinepolis-plaza-las-americas-xalapa,247,141706,2026-08-10T19:40:00,11,2D,ESPAÑOL,Tradicional,tu-corazon-sera-destrozado
cinepolis-plaza-las-americas-xalapa,247,141707,2026-08-10T22:30:00,11,2D,ESPAÑOL,Tradicional,tu-corazon-sera-destrozado
cinepolis-plaza-las-americas-xalapa,247,141813,2026-08-11T19:10:00,11,2D,ESPAÑOL,Tradicional,tu-corazon-sera-destrozado
cinepolis-plaza-las-americas-xalapa,247,141814,2026-08-11T22:00:00,11,2D,ESPAÑOL,Tradicional,tu-corazon-sera-destrozado
cinepolis-plaza-las-americas-xalapa,247,141760,2026-08-12T19:30:00,11,2D,ESPAÑOL,Tradicional,tu-corazon-sera-destrozado
cinepolis-plaza-las-americas-xalapa,247,141761,2026-08-12T22:20:00,11,2D,ESPAÑOL,Tradicional,tu-corazon-sera-destrozado
cinepolis-plaza-las-americas-xalapa,247,140081,2026-08-07T18:50:00,12,2D,SUBTITULADA,Tradicional,twin-peaks
cinepolis-plaza-las-americas-xalapa,247,140079,2026-08-08T15:20:00,11,2D,SUBTITULADA,Tradicional,twin-peaks
cinepolis-plaza-las-americas-xalapa,247,140086,2026-08-09T19:10:00,12,2D,SUBTITULADA,Tradicional,twin-peaks
cinepolis-plaza-las-americas-xalapa,247,141705,2026-08-10T14:30:00,11,2D,SUBTITULADA,Tradicional,twin-peaks
cinepolis-plaza-las-americas-xalapa,247,140077,2026-08-12T14:30:00,11,2D,SUBTITULADA,Tradicional,twin-peaks
cinepolis-chedraui-martinez-de-la-torre,573,65346,2026-08-07T14:50:00,7,2D,ESPAÑOL,Tradicional,la-muerte-de-robin-hood
cinepolis-chedraui-martinez-de-la-torre,573,65339,2026-08-07T17:30:00,7,2D,ESPAÑOL,Tradicional,la-muerte-de-robin-hood
cinepolis-chedraui-martinez-de-la-torre,573,65353,2026-08-07T20:20:00,7,2D,ESPAÑOL,Tradicional,la-muerte-de-robin-hood
cinepolis-chedraui-martinez-de-la-torre,573,65234,2026-08-08T11:20:00,6,2D,ESPAÑOL,Tradicional,la-muerte-de-robin-hood
cinepolis-chedraui-martinez-de-la-torre,573,65235,2026-08-08T14:00:00,6,2D,ESPAÑOL,Tradicional,la-muerte-de-robin-hood
cinepolis-chedraui-martinez-de-la-torre,573,65236,2026-08-08T16:40:00,6,2D,ESPAÑOL,Tradicional,la-muerte-de-robin-hood
cinepolis-chedraui-martinez-de-la-torre,573,65237,2026-08-08T19:20:00,6,2D,ESPAÑOL,Tradicional,la-muerte-de-robin-hood
cinepolis-chedraui-martinez-de-la-torre,573,65238,2026-08-08T22:05:00,6,2D,ESPAÑOL,Tradicional,la-muerte-de-robin-hood
cinepolis-chedraui-martinez-de-la-torre,573,65440,2026-08-09T11:20:00,6,2D,ESPAÑOL,Tradicional,la-muerte-de-robin-hood
cinepolis-chedraui-martinez-de-la-torre,573,65451,2026-08-09T14:00:00,6,2D,ESPAÑOL,Tradicional,la-muerte-de-robin-hood
cinepolis-chedraui-martinez-de-la-torre,573,65445,2026-08-09T16:40:00,6,2D,ESPAÑOL,Tradicional,la-muerte-de-robin-hood
cinepolis-chedraui-martinez-de-la-torre,573,65459,2026-08-09T19:20:00,6,2D,ESPAÑOL,Tradicional,la-muerte-de-robin-hood
cinepolis-chedraui-martinez-de-la-torre,573,65463,2026-08-09T22:05:00,6,2D,ESPAÑOL,Tradicional,la-muerte-de-robin-hood
cinepolis-chedraui-martinez-de-la-torre,573,65362,2026-08-10T12:15:00,7,2D,ESPAÑOL,Tradicional,la-muerte-de-robin-hood
cinepolis-chedraui-martinez-de-la-torre,573,65372,2026-08-10T14:50:00,7,2D,ESPAÑOL,Tradicional,la-muerte-de-robin-hood
cinepolis-chedraui-martinez-de-la-torre,573,65365,2026-08-10T17:30:00,7,2D,ESPAÑOL,Tradicional,la-muerte-de-robin-hood
cinepolis-chedraui-martinez-de-la-torre,573,65379,2026-08-10T20:20:00,7,2D,ESPAÑOL,Tradicional,la-muerte-de-robin-hood
cinepolis-chedraui-martinez-de-la-torre,573,65388,2026-08-11T12:15:00,7,2D,ESPAÑOL,Tradicional,la-muerte-de-robin-hood
cinepolis-chedraui-martinez-de-la-torre,573,65398,2026-08-11T14:50:00,7,2D,ESPAÑOL,Tradicional,la-muerte-de-robin-hood
cinepolis-chedraui-martinez-de-la-torre,573,65391,2026-08-11T17:30:00,7,2D,ESPAÑOL,Tradicional,la-muerte-de-robin-hood
cinepolis-chedraui-martinez-de-la-torre,573,65405,2026-08-11T20:20:00,7,2D,ESPAÑOL,Tradicional,la-muerte-de-robin-hood
cinepolis-chedraui-martinez-de-la-torre,573,65413,2026-08-12T12:15:00,7,2D,ESPAÑOL,Tradicional,la-muerte-de-robin-hood
cinepolis-chedraui-martinez-de-la-torre,573,65422,2026-08-12T14:50:00,7,2D,ESPAÑOL,Tradicional,la-muerte-de-robin-hood
cinepolis-chedraui-martinez-de-la-torre,573,65416,2026-08-12T17:30:00,7,2D,ESPAÑOL,Tradicional,la-muerte-de-robin-hood
cinepolis-chedraui-martinez-de-la-torre,573,65429,2026-08-12T20:20:00,7,2D,ESPAÑOL,Tradicional,la-muerte-de-robin-hood
cinepolis-chedraui-martinez-de-la-torre,573,65341,2026-08-07T17:00:00,2,2D,ESPAÑOL,Tradicional,la-odisea
cinepolis-chedraui-martinez-de-la-torre,573,65257,2026-08-08T12:35:00,7,2D,ESPAÑOL,Tradicional,la-odisea
cinepolis-chedraui-martinez-de-la-torre,573,65259,2026-08-08T18:10:00,7,2D,ESPAÑOL,Tradicional,la-odisea
cinepolis-chedraui-martinez-de-la-torre,573,65260,2026-08-08T21:40:00,7,2D,ESPAÑOL,Tradicional,la-odisea
cinepolis-chedraui-martinez-de-la-torre,573,65436,2026-08-09T12:35:00,7,2D,ESPAÑOL,Tradicional,la-odisea
cinepolis-chedraui-martinez-de-la-torre,573,65462,2026-08-09T18:10:00,7,2D,ESPAÑOL,Tradicional,la-odisea
cinepolis-chedraui-martinez-de-la-torre,573,65454,2026-08-09T21:40:00,7,2D,ESPAÑOL,Tradicional,la-odisea
cinepolis-chedraui-martinez-de-la-torre,573,65359,2026-08-10T13:20:00,2,2D,ESPAÑOL,Tradicional,la-odisea
cinepolis-chedraui-martinez-de-la-torre,573,65367,2026-08-10T17:00:00,2,2D,ESPAÑOL,Tradicional,la-odisea
cinepolis-chedraui-martinez-de-la-torre,573,65385,2026-08-11T13:20:00,2,2D,ESPAÑOL,Tradicional,la-odisea
cinepolis-chedraui-martinez-de-la-torre,573,65393,2026-08-11T17:00:00,2,2D,ESPAÑOL,Tradicional,la-odisea
cinepolis-chedraui-martinez-de-la-torre,573,65411,2026-08-12T13:20:00,2,2D,ESPAÑOL,Tradicional,la-odisea
cinepolis-chedraui-martinez-de-la-torre,573,65418,2026-08-12T17:00:00,2,2D,ESPAÑOL,Tradicional,la-odisea
cinepolis-chedraui-martinez-de-la-torre,573,65464,2026-08-15T21:00:00,7,2D,ESPAÑOL,Tradicional,lmd-solo-la-mas-2
cinepolis-chedraui-martinez-de-la-torre,573,65211,2026-08-08T13:50:00,3,2D,ESPAÑOL,Tradicional,minions-y-monstruos
cinepolis-chedraui-martinez-de-la-torre,573,65258,2026-08-08T16:00:00,7,2D,ESPAÑOL,Tradicional,minions-y-monstruos
cinepolis-chedraui-martinez-de-la-torre,573,65434,2026-08-09T13:50:00,3,2D,ESPAÑOL,Tradicional,minions-y-monstruos
cinepolis-chedraui-martinez-de-la-torre,573,65447,2026-08-09T16:00:00,7,2D,ESPAÑOL,Tradicional,minions-y-monstruos
cinepolis-chedraui-martinez-de-la-torre,573,65363,2026-08-10T12:15:00,3,2D,ESPAÑOL,Tradicional,minions-y-monstruos
cinepolis-chedraui-martinez-de-la-torre,573,65389,2026-08-11T12:15:00,3,2D,ESPAÑOL,Tradicional,minions-y-monstruos
cinepolis-chedraui-martinez-de-la-torre,573,65414,2026-08-12T12:15:00,3,2D,ESPAÑOL,Tradicional,minions-y-monstruos
cinepolis-chedraui-martinez-de-la-torre,573,65014,2026-08-12T12:10:00,6,2D,ESPAÑOL,Tradicional,paw-patrol-la-dino-pelicula
cinepolis-chedraui-martinez-de-la-torre,573,65015,2026-08-12T14:25:00,6,2D,ESPAÑOL,Tradicional,paw-patrol-la-dino-pelicula
cinepolis-chedraui-martinez-de-la-torre,573,65016,2026-08-12T16:30:00,6,2D,ESPAÑOL,Tradicional,paw-patrol-la-dino-pelicula
cinepolis-chedraui-martinez-de-la-torre,573,65017,2026-08-12T18:40:00,6,2D,ESPAÑOL,Tradicional,paw-patrol-la-dino-pelicula
cinepolis-chedraui-martinez-de-la-torre,573,65030,2026-08-13T13:45:00,5,2D,ESPAÑOL,Tradicional,paw-patrol-la-dino-pelicula
cinepolis-chedraui-martinez-de-la-torre,573,65031,2026-08-13T16:00:00,5,2D,ESPAÑOL,Tradicional,paw-patrol-la-dino-pelicula
cinepolis-chedraui-martinez-de-la-torre,573,65032,2026-08-13T18:15:00,5,2D,ESPAÑOL,Tradicional,paw-patrol-la-dino-pelicula
cinepolis-chedraui-martinez-de-la-torre,573,65033,2026-08-13T20:30:00,5,2D,ESPAÑOL,Tradicional,paw-patrol-la-dino-pelicula
cinepolis-chedraui-martinez-de-la-torre,573,65034,2026-08-14T13:45:00,5,2D,ESPAÑOL,Tradicional,paw-patrol-la-dino-pelicula
cinepolis-chedraui-martinez-de-la-torre,573,65035,2026-08-14T16:00:00,5,2D,ESPAÑOL,Tradicional,paw-patrol-la-dino-pelicula
cinepolis-chedraui-martinez-de-la-torre,573,65036,2026-08-14T18:15:00,5,2D,ESPAÑOL,Tradicional,paw-patrol-la-dino-pelicula
cinepolis-chedraui-martinez-de-la-torre,573,65037,2026-08-14T20:30:00,5,2D,ESPAÑOL,Tradicional,paw-patrol-la-dino-pelicula
cinepolis-chedraui-martinez-de-la-torre,573,65038,2026-08-15T12:00:00,5,2D,ESPAÑOL,Tradicional,paw-patrol-la-dino-pelicula
cinepolis-chedraui-martinez-de-la-torre,573,65039,2026-08-15T14:00:00,5,2D,ESPAÑOL,Tradicional,paw-patrol-la-dino-pelicula
cinepolis-chedraui-martinez-de-la-torre,573,65040,2026-08-15T16:05:00,5,2D,ESPAÑOL,Tradicional,paw-patrol-la-dino-pelicula
cinepolis-chedraui-martinez-de-la-torre,573,65041,2026-08-15T18:10:00,5,2D,ESPAÑOL,Tradicional,paw-patrol-la-dino-pelicula
cinepolis-chedraui-martinez-de-la-torre,573,65042,2026-08-15T20:25:00,5,2D,ESPAÑOL,Tradicional,paw-patrol-la-dino-pelicula
cinepolis-chedraui-martinez-de-la-torre,573,65043,2026-08-16T12:00:00,5,2D,ESPAÑOL,Tradicional,paw-patrol-la-dino-pelicula
cinepolis-chedraui-martinez-de-la-torre,573,65044,2026-08-16T14:00:00,5,2D,ESPAÑOL,Tradicional,paw-patrol-la-dino-pelicula
cinepolis-chedraui-martinez-de-la-torre,573,65045,2026-08-16T16:05:00,5,2D,ESPAÑOL,Tradicional,paw-patrol-la-dino-pelicula
cinepolis-chedraui-martinez-de-la-torre,573,65046,2026-08-16T18:10:00,5,2D,ESPAÑOL,Tradicional,paw-patrol-la-dino-pelicula
cinepolis-chedraui-martinez-de-la-torre,573,65047,2026-08-16T20:25:00,5,2D,ESPAÑOL,Tradicional,paw-patrol-la-dino-pelicula
cinepolis-chedraui-martinez-de-la-torre,573,65018,2026-08-17T13:45:00,5,2D,ESPAÑOL,Tradicional,paw-patrol-la-dino-pelicula
cinepolis-chedraui-martinez-de-la-torre,573,65019,2026-08-17T16:00:00,5,2D,ESPAÑOL,Tradicional,paw-patrol-la-dino-pelicula
cinepolis-chedraui-martinez-de-la-torre,573,65020,2026-08-17T18:15:00,5,2D,ESPAÑOL,Tradicional,paw-patrol-la-dino-pelicula
cinepolis-chedraui-martinez-de-la-torre,573,65021,2026-08-17T20:30:00,5,2D,ESPAÑOL,Tradicional,paw-patrol-la-dino-pelicula
cinepolis-chedraui-martinez-de-la-torre,573,65022,2026-08-18T13:45:00,5,2D,ESPAÑOL,Tradicional,paw-patrol-la-dino-pelicula
cinepolis-chedraui-martinez-de-la-torre,573,65023,2026-08-18T16:00:00,5,2D,ESPAÑOL,Tradicional,paw-patrol-la-dino-pelicula
cinepolis-chedraui-martinez-de-la-torre,573,65024,2026-08-18T18:15:00,5,2D,ESPAÑOL,Tradicional,paw-patrol-la-dino-pelicula
cinepolis-chedraui-martinez-de-la-torre,573,65025,2026-08-18T20:30:00,5,2D,ESPAÑOL,Tradicional,paw-patrol-la-dino-pelicula
cinepolis-chedraui-martinez-de-la-torre,573,65026,2026-08-19T13:45:00,5,2D,ESPAÑOL,Tradicional,paw-patrol-la-dino-pelicula
cinepolis-chedraui-martinez-de-la-torre,573,65027,2026-08-19T16:00:00,5,2D,ESPAÑOL,Tradicional,paw-patrol-la-dino-pelicula
cinepolis-chedraui-martinez-de-la-torre,573,65028,2026-08-19T18:15:00,5,2D,ESPAÑOL,Tradicional,paw-patrol-la-dino-pelicula
cinepolis-chedraui-martinez-de-la-torre,573,65029,2026-08-19T20:30:00,5,2D,ESPAÑOL,Tradicional,paw-patrol-la-dino-pelicula
cinepolis-chedraui-martinez-de-la-torre,573,65348,2026-08-07T13:50:00,5,2D,ESPAÑOL,Tradicional,spider-man-un-nuevo-dia
cinepolis-chedraui-martinez-de-la-torre,573,65347,2026-08-07T14:25:00,3,2D,ESPAÑOL,Tradicional,spider-man-un-nuevo-dia
cinepolis-chedraui-martinez-de-la-torre,573,65344,2026-08-07T15:00:00,1,2D,ESPAÑOL,Tradicional,spider-man-un-nuevo-dia
cinepolis-chedraui-martinez-de-la-torre,573,65345,2026-08-07T15:30:00,4,2D,ESPAÑOL,Tradicional,spider-man-un-nuevo-dia
cinepolis-chedraui-martinez-de-la-torre,573,65343,2026-08-07T16:00:00,6,2D,ESPAÑOL,Tradicional,spider-man-un-nuevo-dia
cinepolis-chedraui-martinez-de-la-torre,573,65342,2026-08-07T16:55:00,5,2D,ESPAÑOL,Tradicional,spider-man-un-nuevo-dia
cinepolis-chedraui-martinez-de-la-torre,573,65357,2026-08-07T18:00:00,1,3D,ESPAÑOL,Tradicional,spider-man-un-nuevo-dia
cinepolis-chedraui-martinez-de-la-torre,573,65358,2026-08-07T18:30:00,4,2D,ESPAÑOL,Tradicional,spider-man-un-nuevo-dia
cinepolis-chedraui-martinez-de-la-torre,573,65356,2026-08-07T19:00:00,6,2D,ESPAÑOL,Tradicional,spider-man-un-nuevo-dia
cinepolis-chedraui-martinez-de-la-torre,573,65355,2026-08-07T19:40:00,3,2D,ESPAÑOL,Tradicional,spider-man-un-nuevo-dia
cinepolis-chedraui-martinez-de-la-torre,573,65354,2026-08-07T20:00:00,5,2D,ESPAÑOL,Tradicional,spider-man-un-nuevo-dia
cinepolis-chedraui-martinez-de-la-torre,573,65352,2026-08-07T20:40:00,2,2D,ESPAÑOL,Tradicional,spider-man-un-nuevo-dia
cinepolis-chedraui-martinez-de-la-torre,573,65350,2026-08-07T21:00:00,1,2D,ESPAÑOL,Tradicional,spider-man-un-nuevo-dia
cinepolis-chedraui-martinez-de-la-torre,573,65351,2026-08-07T21:30:00,4,2D,ESPAÑOL,Tradicional,spider-man-un-nuevo-dia
cinepolis-chedraui-martinez-de-la-torre,573,65349,2026-08-07T22:00:00,6,2D,ESPAÑOL,Tradicional,spider-man-un-nuevo-dia
cinepolis-chedraui-martinez-de-la-torre,573,65281,2026-08-08T11:10:00,1,3D,ESPAÑOL,Tradicional,spider-man-un-nuevo-dia
cinepolis-chedraui-martinez-de-la-torre,573,65325,2026-08-08T11:30:00,5,2D,ESPAÑOL,Tradicional,spider-man-un-nuevo-dia
cinepolis-chedraui-martinez-de-la-torre,573,65186,2026-08-08T12:00:00,4,2D,ESPAÑOL,Tradicional,spider-man-un-nuevo-dia
cinepolis-chedraui-martinez-de-la-torre,573,65282,2026-08-08T14:10:00,1,2D,ESPAÑOL,Tradicional,spider-man-un-nuevo-dia
cinepolis-chedraui-martinez-de-la-torre,573,65326,2026-08-08T14:30:00,5,2D,ESPAÑOL,Tradicional,spider-man-un-nuevo-dia
cinepolis-chedraui-martinez-de-la-torre,573,65187,2026-08-08T15:10:00,4,2D,ESPAÑOL,Tradicional,spider-man-un-nuevo-dia
cinepolis-chedraui-martinez-de-la-torre,573,65305,2026-08-08T15:40:00,2,2D,ESPAÑOL,Tradicional,spider-man-un-nuevo-dia
cinepolis-chedraui-martinez-de-la-torre,573,65212,2026-08-08T16:20:00,3,2D,ESPAÑOL,Tradicional,spider-man-un-nuevo-dia
cinepolis-chedraui-martinez-de-la-torre,573,65283,2026-08-08T17:15:00,1,3D,ESPAÑOL,Tradicional,spider-man-un-nuevo-dia
cinepolis-chedraui-martinez-de-la-torre,573,65327,2026-08-08T17:30:00,5,2D,ESPAÑOL,Tradicional,spider-man-un-nuevo-dia
cinepolis-chedraui-martinez-de-la-torre,573,65188,2026-08-08T18:15:00,4,2D,ESPAÑOL,Tradicional,spider-man-un-nuevo-dia
cinepolis-chedraui-martinez-de-la-torre,573,65306,2026-08-08T18:50:00,2,2D,ESPAÑOL,Tradicional,spider-man-un-nuevo-dia
cinepolis-chedraui-martinez-de-la-torre,573,65213,2026-08-08T19:40:00,3,2D,ESPAÑOL,Tradicional,spider-man-un-nuevo-dia
cinepolis-chedraui-martinez-de-la-torre,573,65284,2026-08-08T20:25:00,1,2D,ESPAÑOL,Tradicional,spider-man-un-nuevo-dia
cinepolis-chedraui-martinez-de-la-torre,573,65328,2026-08-08T20:50:00,5,2D,ESPAÑOL,Tradicional,spider-man-un-nuevo-dia
cinepolis-chedraui-martinez-de-la-torre,573,65189,2026-08-08T21:20:00,4,2D,ESPAÑOL,Tradicional,spider-man-un-nuevo-dia
cinepolis-chedraui-martinez-de-la-torre,573,65307,2026-08-08T22:00:00,2,2D,ESPAÑOL,Tradicional,spider-man-un-nuevo-dia
cinepolis-chedraui-martinez-de-la-torre,573,65441,2026-08-09T11:10:00,1,3D,ESPAÑOL,Tradicional,spider-man-un-nuevo-dia
cinepolis-chedraui-martinez-de-la-torre,573,65437,2026-08-09T11:30:00,5,2D,ESPAÑOL,Tradicional,spider-man-un-nuevo-dia
cinepolis-chedraui-martinez-de-la-torre,573,65439,2026-08-09T12:00:00,4,2D,ESPAÑOL,Tradicional,spider-man-un-nuevo-dia
cinepolis-chedraui-martinez-de-la-torre,573,65452,2026-08-09T14:10:00,1,2D,ESPAÑOL,Tradicional,spider-man-un-nuevo-dia
cinepolis-chedraui-martinez-de-la-torre,573,65449,2026-08-09T14:30:00,5,2D,ESPAÑOL,Tradicional,spider-man-un-nuevo-dia
cinepolis-chedraui-martinez-de-la-torre,573,65450,2026-08-09T15:10:00,4,2D,ESPAÑOL,Tradicional,spider-man-un-nuevo-dia
cinepolis-chedraui-martinez-de-la-torre,573,65448,2026-08-09T15:40:00,2,2D,ESPAÑOL,Tradicional,spider-man-un-nuevo-dia
cinepolis-chedraui-martinez-de-la-torre,573,65446,2026-08-09T16:20:00,3,2D,ESPAÑOL,Tradicional,spider-man-un-nuevo-dia
cinepolis-chedraui-martinez-de-la-torre,573,65444,2026-08-09T17:15:00,1,3D,ESPAÑOL,Tradicional,spider-man-un-nuevo-dia
cinepolis-chedraui-martinez-de-la-torre,573,65461,2026-08-09T17:30:00,5,2D,ESPAÑOL,Tradicional,spider-man-un-nuevo-dia
cinepolis-chedraui-martinez-de-la-torre,573,65443,2026-08-09T18:15:00,4,2D,ESPAÑOL,Tradicional,spider-man-un-nuevo-dia
cinepolis-chedraui-martinez-de-la-torre,573,65460,2026-08-09T18:50:00,2,2D,ESPAÑOL,Tradicional,spider-man-un-nuevo-dia
cinepolis-chedraui-martinez-de-la-torre,573,65458,2026-08-09T19:40:00,3,2D,ESPAÑOL,Tradicional,spider-man-un-nuevo-dia
cinepolis-chedraui-martinez-de-la-torre,573,65457,2026-08-09T20:25:00,1,2D,ESPAÑOL,Tradicional,spider-man-un-nuevo-dia
cinepolis-chedraui-martinez-de-la-torre,573,65455,2026-08-09T20:50:00,5,2D,ESPAÑOL,Tradicional,spider-man-un-nuevo-dia
cinepolis-chedraui-martinez-de-la-torre,573,65456,2026-08-09T21:20:00,4,2D,ESPAÑOL,Tradicional,spider-man-un-nuevo-dia
cinepolis-chedraui-martinez-de-la-torre,573,65453,2026-08-09T22:00:00,2,2D,ESPAÑOL,Tradicional,spider-man-un-nuevo-dia
cinepolis-chedraui-martinez-de-la-torre,573,65361,2026-08-10T12:00:00,1,3D,ESPAÑOL,Tradicional,spider-man-un-nuevo-dia
cinepolis-chedraui-martinez-de-la-torre,573,65364,2026-08-10T12:30:00,4,2D,ESPAÑOL,Tradicional,spider-man-un-nuevo-dia
cinepolis-chedraui-martinez-de-la-torre,573,65360,2026-08-10T13:00:00,6,2D,ESPAÑOL,Tradicional,spider-man-un-nuevo-dia
cinepolis-chedraui-martinez-de-la-torre,573,65374,2026-08-10T13:50:00,5,2D,ESPAÑOL,Tradicional,spider-man-un-nuevo-dia
cinepolis-chedraui-martinez-de-la-torre,573,65373,2026-08-10T14:25:00,3,2D,ESPAÑOL,Tradicional,spider-man-un-nuevo-dia
cinepolis-chedraui-martinez-de-la-torre,573,65370,2026-08-10T15:00:00,1,2D,ESPAÑOL,Tradicional,spider-man-un-nuevo-dia
cinepolis-chedraui-martinez-de-la-torre,573,65371,2026-08-10T15:30:00,4,2D,ESPAÑOL,Tradicional,spider-man-un-nuevo-dia
cinepolis-chedraui-martinez-de-la-torre,573,65369,2026-08-10T16:00:00,6,2D,ESPAÑOL,Tradicional,spider-man-un-nuevo-dia
cinepolis-chedraui-martinez-de-la-torre,573,65368,2026-08-10T16:55:00,5,2D,ESPAÑOL,Tradicional,spider-man-un-nuevo-dia
cinepolis-chedraui-martinez-de-la-torre,573,65383,2026-08-10T18:00:00,1,3D,ESPAÑOL,Tradicional,spider-man-un-nuevo-dia
cinepolis-chedraui-martinez-de-la-torre,573,65384,2026-08-10T18:30:00,4,2D,ESPAÑOL,Tradicional,spider-man-un-nuevo-dia
cinepolis-chedraui-martinez-de-la-torre,573,65382,2026-08-10T19:00:00,6,2D,ESPAÑOL,Tradicional,spider-man-un-nuevo-dia
cinepolis-chedraui-martinez-de-la-torre,573,65381,2026-08-10T19:40:00,3,2D,ESPAÑOL,Tradicional,spider-man-un-nuevo-dia
cinepolis-chedraui-martinez-de-la-torre,573,65380,2026-08-10T20:00:00,5,2D,ESPAÑOL,Tradicional,spider-man-un-nuevo-dia
cinepolis-chedraui-martinez-de-la-torre,573,65378,2026-08-10T20:40:00,2,2D,ESPAÑOL,Tradicional,spider-man-un-nuevo-dia
cinepolis-chedraui-martinez-de-la-torre,573,65376,2026-08-10T21:00:00,1,2D,ESPAÑOL,Tradicional,spider-man-un-nuevo-dia
cinepolis-chedraui-martinez-de-la-torre,573,65377,2026-08-10T21:30:00,4,2D,ESPAÑOL,Tradicional,spider-man-un-nuevo-dia
cinepolis-chedraui-martinez-de-la-torre,573,65375,2026-08-10T22:00:00,6,2D,ESPAÑOL,Tradicional,spider-man-un-nuevo-dia
cinepolis-chedraui-martinez-de-la-torre,573,65387,2026-08-11T12:00:00,1,3D,ESPAÑOL,Tradicional,spider-man-un-nuevo-dia
cinepolis-chedraui-martinez-de-la-torre,573,65390,2026-08-11T12:30:00,4,2D,ESPAÑOL,Tradicional,spider-man-un-nuevo-dia
cinepolis-chedraui-martinez-de-la-torre,573,65386,2026-08-11T13:00:00,6,2D,ESPAÑOL,Tradicional,spider-man-un-nuevo-dia
cinepolis-chedraui-martinez-de-la-torre,573,65400,2026-08-11T13:50:00,5,2D,ESPAÑOL,Tradicional,spider-man-un-nuevo-dia
cinepolis-chedraui-martinez-de-la-torre,573,65399,2026-08-11T14:25:00,3,2D,ESPAÑOL,Tradicional,spider-man-un-nuevo-dia
cinepolis-chedraui-martinez-de-la-torre,573,65396,2026-08-11T15:00:00,1,2D,ESPAÑOL,Tradicional,spider-man-un-nuevo-dia
cinepolis-chedraui-martinez-de-la-torre,573,65397,2026-08-11T15:30:00,4,2D,ESPAÑOL,Tradicional,spider-man-un-nuevo-dia
cinepolis-chedraui-martinez-de-la-torre,573,65395,2026-08-11T16:00:00,6,2D,ESPAÑOL,Tradicional,spider-man-un-nuevo-dia
cinepolis-chedraui-martinez-de-la-torre,573,65394,2026-08-11T16:55:00,5,2D,ESPAÑOL,Tradicional,spider-man-un-nuevo-dia
cinepolis-chedraui-martinez-de-la-torre,573,65409,2026-08-11T18:00:00,1,3D,ESPAÑOL,Tradicional,spider-man-un-nuevo-dia
cinepolis-chedraui-martinez-de-la-torre,573,65410,2026-08-11T18:30:00,4,2D,ESPAÑOL,Tradicional,spider-man-un-nuevo-dia
cinepolis-chedraui-martinez-de-la-torre,573,65408,2026-08-11T19:00:00,6,2D,ESPAÑOL,Tradicional,spider-man-un-nuevo-dia
cinepolis-chedraui-martinez-de-la-torre,573,65407,2026-08-11T19:40:00,3,2D,ESPAÑOL,Tradicional,spider-man-un-nuevo-dia
cinepolis-chedraui-martinez-de-la-torre,573,65406,2026-08-11T20:00:00,5,2D,ESPAÑOL,Tradicional,spider-man-un-nuevo-dia
cinepolis-chedraui-martinez-de-la-torre,573,65404,2026-08-11T20:40:00,2,2D,ESPAÑOL,Tradicional,spider-man-un-nuevo-dia
cinepolis-chedraui-martinez-de-la-torre,573,65402,2026-08-11T21:00:00,1,2D,ESPAÑOL,Tradicional,spider-man-un-nuevo-dia
cinepolis-chedraui-martinez-de-la-torre,573,65403,2026-08-11T21:30:00,4,2D,ESPAÑOL,Tradicional,spider-man-un-nuevo-dia
cinepolis-chedraui-martinez-de-la-torre,573,65401,2026-08-11T22:00:00,6,2D,ESPAÑOL,Tradicional,spider-man-un-nuevo-dia
cinepolis-chedraui-martinez-de-la-torre,573,65415,2026-08-12T12:00:00,4,2D,ESPAÑOL,Tradicional,spider-man-un-nuevo-dia
cinepolis-chedraui-martinez-de-la-torre,573,65412,2026-08-12T12:30:00,1,3D,ESPAÑOL,Tradicional,spider-man-un-nuevo-dia
cinepolis-chedraui-martinez-de-la-torre,573,65424,2026-08-12T13:50:00,5,2D,ESPAÑOL,Tradicional,spider-man-un-nuevo-dia
cinepolis-chedraui-martinez-de-la-torre,573,65423,2026-08-12T14:25:00,3,2D,ESPAÑOL,Tradicional,spider-man-un-nuevo-dia
cinepolis-chedraui-martinez-de-la-torre,573,65421,2026-08-12T15:00:00,4,2D,ESPAÑOL,Tradicional,spider-man-un-nuevo-dia
cinepolis-chedraui-martinez-de-la-torre,573,65420,2026-08-12T15:30:00,1,2D,ESPAÑOL,Tradicional,spider-man-un-nuevo-dia
cinepolis-chedraui-martinez-de-la-torre,573,65419,2026-08-12T16:55:00,5,2D,ESPAÑOL,Tradicional,spider-man-un-nuevo-dia
cinepolis-chedraui-martinez-de-la-torre,573,65433,2026-08-12T18:00:00,4,2D,ESPAÑOL,Tradicional,spider-man-un-nuevo-dia
cinepolis-chedraui-martinez-de-la-torre,573,65432,2026-08-12T18:30:00,1,3D,ESPAÑOL,Tradicional,spider-man-un-nuevo-dia
cinepolis-chedraui-martinez-de-la-torre,573,65431,2026-08-12T19:40:00,3,2D,ESPAÑOL,Tradicional,spider-man-un-nuevo-dia
cinepolis-chedraui-martinez-de-la-torre,573,65430,2026-08-12T20:00:00,5,2D,ESPAÑOL,Tradicional,spider-man-un-nuevo-dia
cinepolis-chedraui-martinez-de-la-torre,573,65428,2026-08-12T20:40:00,2,2D,ESPAÑOL,Tradicional,spider-man-un-nuevo-dia
cinepolis-chedraui-martinez-de-la-torre,573,65427,2026-08-12T21:00:00,4,2D,ESPAÑOL,Tradicional,spider-man-un-nuevo-dia
cinepolis-chedraui-martinez-de-la-torre,573,65426,2026-08-12T21:30:00,1,2D,ESPAÑOL,Tradicional,spider-man-un-nuevo-dia
cinepolis-chedraui-martinez-de-la-torre,573,65425,2026-08-12T22:00:00,6,2D,ESPAÑOL,Tradicional,spider-man-un-nuevo-dia
cinepolis-chedraui-martinez-de-la-torre,573,65340,2026-08-07T17:25:00,3,2D,ESPAÑOL,Tradicional,toy-story-5
cinepolis-chedraui-martinez-de-la-torre,573,65303,2026-08-08T11:00:00,2,2D,ESPAÑOL,Tradicional,toy-story-5
cinepolis-chedraui-martinez-de-la-torre,573,65210,2026-08-08T11:35:00,3,2D,ESPAÑOL,Tradicional,toy-story-5
cinepolis-chedraui-martinez-de-la-torre,573,65304,2026-08-08T13:20:00,2,2D,ESPAÑOL,Tradicional,toy-story-5
cinepolis-chedraui-martinez-de-la-torre,573,65442,2026-08-09T11:00:00,2,2D,ESPAÑOL,Tradicional,toy-story-5
cinepolis-chedraui-martinez-de-la-torre,573,65438,2026-08-09T11:35:00,3,2D,ESPAÑOL,Tradicional,toy-story-5
cinepolis-chedraui-martinez-de-la-torre,573,65435,2026-08-09T13:20:00,2,2D,ESPAÑOL,Tradicional,toy-story-5
cinepolis-chedraui-martinez-de-la-torre,573,65366,2026-08-10T17:25:00,3,2D,ESPAÑOL,Tradicional,toy-story-5
cinepolis-chedraui-martinez-de-la-torre,573,65392,2026-08-11T17:25:00,3,2D,ESPAÑOL,Tradicional,toy-story-5
cinepolis-chedraui-martinez-de-la-torre,573,65417,2026-08-12T17:25:00,3,2D,ESPAÑOL,Tradicional,toy-story-5
cinepolis-plaza-minatitlan,139,101492,2026-08-07T14:00:00,3,2D,SUBTITULADA,Tradicional,el-dia-d-bajo-presion
cinepolis-plaza-minatitlan,139,101493,2026-08-07T16:20:00,3,2D,SUBTITULADA,Tradicional,el-dia-d-bajo-presion
cinepolis-plaza-minatitlan,139,101494,2026-08-07T18:30:00,3,2D,SUBTITULADA,Tradicional,el-dia-d-bajo-presion
cinepolis-plaza-minatitlan,139,101495,2026-08-07T21:00:00,3,2D,SUBTITULADA,Tradicional,el-dia-d-bajo-presion
cinepolis-plaza-minatitlan,139,101704,2026-08-08T11:50:00,6,2D,SUBTITULADA,Tradicional,el-dia-d-bajo-presion
cinepolis-plaza-minatitlan,139,101705,2026-08-08T14:15:00,6,2D,SUBTITULADA,Tradicional,el-dia-d-bajo-presion
cinepolis-plaza-minatitlan,139,101706,2026-08-08T16:30:00,6,2D,SUBTITULADA,Tradicional,el-dia-d-bajo-presion
cinepolis-plaza-minatitlan,139,101707,2026-08-08T18:45:00,6,2D,SUBTITULADA,Tradicional,el-dia-d-bajo-presion
cinepolis-plaza-minatitlan,139,101708,2026-08-08T21:00:00,6,2D,SUBTITULADA,Tradicional,el-dia-d-bajo-presion
cinepolis-plaza-minatitlan,139,101709,2026-08-09T11:50:00,6,2D,SUBTITULADA,Tradicional,el-dia-d-bajo-presion
cinepolis-plaza-minatitlan,139,101710,2026-08-09T14:15:00,6,2D,SUBTITULADA,Tradicional,el-dia-d-bajo-presion
cinepolis-plaza-minatitlan,139,101711,2026-08-09T16:30:00,6,2D,SUBTITULADA,Tradicional,el-dia-d-bajo-presion
cinepolis-plaza-minatitlan,139,101712,2026-08-09T18:45:00,6,2D,SUBTITULADA,Tradicional,el-dia-d-bajo-presion
cinepolis-plaza-minatitlan,139,101713,2026-08-09T21:00:00,6,2D,SUBTITULADA,Tradicional,el-dia-d-bajo-presion
cinepolis-plaza-minatitlan,139,101506,2026-08-10T11:45:00,3,2D,SUBTITULADA,Tradicional,el-dia-d-bajo-presion
cinepolis-plaza-minatitlan,139,101507,2026-08-10T14:00:00,3,2D,SUBTITULADA,Tradicional,el-dia-d-bajo-presion
cinepolis-plaza-minatitlan,139,101508,2026-08-10T16:20:00,3,2D,SUBTITULADA,Tradicional,el-dia-d-bajo-presion
cinepolis-plaza-minatitlan,139,101509,2026-08-10T18:30:00,3,2D,SUBTITULADA,Tradicional,el-dia-d-bajo-presion
cinepolis-plaza-minatitlan,139,101510,2026-08-10T21:00:00,3,2D,SUBTITULADA,Tradicional,el-dia-d-bajo-presion
cinepolis-plaza-minatitlan,139,101727,2026-08-11T11:45:00,3,2D,SUBTITULADA,Tradicional,el-dia-d-bajo-presion
cinepolis-plaza-minatitlan,139,101728,2026-08-11T14:00:00,3,2D,SUBTITULADA,Tradicional,el-dia-d-bajo-presion
cinepolis-plaza-minatitlan,139,101729,2026-08-11T16:20:00,3,2D,SUBTITULADA,Tradicional,el-dia-d-bajo-presion
cinepolis-plaza-minatitlan,139,101730,2026-08-11T18:30:00,3,2D,SUBTITULADA,Tradicional,el-dia-d-bajo-presion
cinepolis-plaza-minatitlan,139,101731,2026-08-11T21:00:00,3,2D,SUBTITULADA,Tradicional,el-dia-d-bajo-presion
cinepolis-plaza-minatitlan,139,101511,2026-08-12T11:45:00,3,2D,SUBTITULADA,Tradicional,el-dia-d-bajo-presion
cinepolis-plaza-minatitlan,139,101512,2026-08-12T14:00:00,3,2D,SUBTITULADA,Tradicional,el-dia-d-bajo-presion
cinepolis-plaza-minatitlan,139,101513,2026-08-12T16:20:00,3,2D,SUBTITULADA,Tradicional,el-dia-d-bajo-presion
cinepolis-plaza-minatitlan,139,101514,2026-08-12T18:30:00,3,2D,SUBTITULADA,Tradicional,el-dia-d-bajo-presion
cinepolis-plaza-minatitlan,139,101515,2026-08-12T21:00:00,3,2D,SUBTITULADA,Tradicional,el-dia-d-bajo-presion
cinepolis-plaza-minatitlan,139,101756,2026-08-11T18:00:00,6,2D,ESPAÑOL,Tradicional,el-final-de-la-calle-oak
cinepolis-plaza-minatitlan,139,101757,2026-08-11T20:15:00,6,2D,ESPAÑOL,Tradicional,el-final-de-la-calle-oak
cinepolis-plaza-minatitlan,139,101758,2026-08-11T22:30:00,6,2D,ESPAÑOL,Tradicional,el-final-de-la-calle-oak
cinepolis-plaza-minatitlan,139,101546,2026-08-07T17:25:00,2,2D,ESPAÑOL,Tradicional,insaciable
cinepolis-plaza-minatitlan,139,101547,2026-08-07T20:05:00,2,2D,ESPAÑOL,Tradicional,insaciable
cinepolis-plaza-minatitlan,139,101574,2026-08-08T16:40:00,7,2D,ESPAÑOL,Tradicional,insaciable
cinepolis-plaza-minatitlan,139,101575,2026-08-08T19:35:00,7,2D,ESPAÑOL,Tradicional,insaciable
cinepolis-plaza-minatitlan,139,101579,2026-08-09T16:40:00,7,2D,ESPAÑOL,Tradicional,insaciable
cinepolis-plaza-minatitlan,139,101580,2026-08-09T19:35:00,7,2D,ESPAÑOL,Tradicional,insaciable
cinepolis-plaza-minatitlan,139,101558,2026-08-10T17:25:00,2,2D,ESPAÑOL,Tradicional,insaciable
cinepolis-plaza-minatitlan,139,101559,2026-08-10T20:05:00,2,2D,ESPAÑOL,Tradicional,insaciable
cinepolis-plaza-minatitlan,139,101725,2026-08-11T17:25:00,2,2D,ESPAÑOL,Tradicional,insaciable
cinepolis-plaza-minatitlan,139,101726,2026-08-11T20:05:00,2,2D,ESPAÑOL,Tradicional,insaciable
cinepolis-plaza-minatitlan,139,101562,2026-08-12T17:25:00,2,2D,ESPAÑOL,Tradicional,insaciable
cinepolis-plaza-minatitlan,139,101563,2026-08-12T20:05:00,2,2D,ESPAÑOL,Tradicional,insaciable
cinepolis-plaza-minatitlan,139,101569,2026-08-07T14:55:00,7,2D,ESPAÑOL,Tradicional,la-muerte-de-robin-hood
cinepolis-plaza-minatitlan,139,101571,2026-08-07T20:35:00,7,2D,ESPAÑOL,Tradicional,la-muerte-de-robin-hood
cinepolis-plaza-minatitlan,139,101570,2026-08-07T17:55:00,7,2D,SUBTITULADA,Tradicional,la-muerte-de-robin-hood
cinepolis-plaza-minatitlan,139,101496,2026-08-08T10:25:00,3,2D,ESPAÑOL,Tradicional,la-muerte-de-robin-hood
cinepolis-plaza-minatitlan,139,101497,2026-08-08T13:00:00,3,2D,ESPAÑOL,Tradicional,la-muerte-de-robin-hood
cinepolis-plaza-minatitlan,139,101498,2026-08-08T15:35:00,3,2D,ESPAÑOL,Tradicional,la-muerte-de-robin-hood
cinepolis-plaza-minatitlan,139,101500,2026-08-08T21:50:00,3,2D,ESPAÑOL,Tradicional,la-muerte-de-robin-hood
cinepolis-plaza-minatitlan,139,101499,2026-08-08T18:55:00,3,2D,SUBTITULADA,Tradicional,la-muerte-de-robin-hood
cinepolis-plaza-minatitlan,139,101501,2026-08-09T10:25:00,3,2D,ESPAÑOL,Tradicional,la-muerte-de-robin-hood
cinepolis-plaza-minatitlan,139,101502,2026-08-09T13:00:00,3,2D,ESPAÑOL,Tradicional,la-muerte-de-robin-hood
cinepolis-plaza-minatitlan,139,101503,2026-08-09T15:35:00,3,2D,ESPAÑOL,Tradicional,la-muerte-de-robin-hood
cinepolis-plaza-minatitlan,139,101505,2026-08-09T21:50:00,3,2D,ESPAÑOL,Tradicional,la-muerte-de-robin-hood
cinepolis-plaza-minatitlan,139,101504,2026-08-09T18:55:00,3,2D,SUBTITULADA,Tradicional,la-muerte-de-robin-hood
cinepolis-plaza-minatitlan,139,101582,2026-08-10T12:05:00,7,2D,ESPAÑOL,Tradicional,la-muerte-de-robin-hood
cinepolis-plaza-minatitlan,139,101583,2026-08-10T14:55:00,7,2D,ESPAÑOL,Tradicional,la-muerte-de-robin-hood
cinepolis-plaza-minatitlan,139,101585,2026-08-10T20:35:00,7,2D,ESPAÑOL,Tradicional,la-muerte-de-robin-hood
cinepolis-plaza-minatitlan,139,101584,2026-08-10T17:55:00,7,2D,SUBTITULADA,Tradicional,la-muerte-de-robin-hood
cinepolis-plaza-minatitlan,139,101741,2026-08-11T12:05:00,7,2D,ESPAÑOL,Tradicional,la-muerte-de-robin-hood
cinepolis-plaza-minatitlan,139,101742,2026-08-11T14:55:00,7,2D,ESPAÑOL,Tradicional,la-muerte-de-robin-hood
cinepolis-plaza-minatitlan,139,101744,2026-08-11T20:35:00,7,2D,ESPAÑOL,Tradicional,la-muerte-de-robin-hood
cinepolis-plaza-minatitlan,139,101743,2026-08-11T17:55:00,7,2D,SUBTITULADA,Tradicional,la-muerte-de-robin-hood
cinepolis-plaza-minatitlan,139,101586,2026-08-12T12:05:00,7,2D,ESPAÑOL,Tradicional,la-muerte-de-robin-hood
cinepolis-plaza-minatitlan,139,101587,2026-08-12T14:55:00,7,2D,ESPAÑOL,Tradicional,la-muerte-de-robin-hood
cinepolis-plaza-minatitlan,139,101589,2026-08-12T20:35:00,7,2D,ESPAÑOL,Tradicional,la-muerte-de-robin-hood
cinepolis-plaza-minatitlan,139,101588,2026-08-12T17:55:00,7,2D,SUBTITULADA,Tradicional,la-muerte-de-robin-hood
cinepolis-plaza-minatitlan,139,101683,2026-08-07T14:10:00,1,2D,ESPAÑOL,Tradicional,la-odisea
cinepolis-plaza-minatitlan,139,101617,2026-08-07T19:25:00,8,2D,ESPAÑOL,Tradicional,la-odisea
cinepolis-plaza-minatitlan,139,101616,2026-08-07T15:55:00,8,2D,SUBTITULADA,Tradicional,la-odisea
cinepolis-plaza-minatitlan,139,101686,2026-08-08T12:40:00,1,2D,ESPAÑOL,Tradicional,la-odisea
cinepolis-plaza-minatitlan,139,101687,2026-08-08T16:15:00,1,2D,ESPAÑOL,Tradicional,la-odisea
cinepolis-plaza-minatitlan,139,101600,2026-08-08T19:15:00,5,2D,ESPAÑOL,Tradicional,la-odisea
cinepolis-plaza-minatitlan,139,101688,2026-08-08T20:00:00,1,2D,SUBTITULADA,Tradicional,la-odisea
cinepolis-plaza-minatitlan,139,101689,2026-08-09T12:40:00,1,2D,ESPAÑOL,Tradicional,la-odisea
cinepolis-plaza-minatitlan,139,101690,2026-08-09T16:15:00,1,2D,ESPAÑOL,Tradicional,la-odisea
cinepolis-plaza-minatitlan,139,101603,2026-08-09T19:15:00,5,2D,ESPAÑOL,Tradicional,la-odisea
cinepolis-plaza-minatitlan,139,101691,2026-08-09T20:00:00,1,2D,SUBTITULADA,Tradicional,la-odisea
cinepolis-plaza-minatitlan,139,101626,2026-08-10T12:25:00,8,2D,ESPAÑOL,Tradicional,la-odisea
cinepolis-plaza-minatitlan,139,101692,2026-08-10T14:10:00,1,2D,ESPAÑOL,Tradicional,la-odisea
cinepolis-plaza-minatitlan,139,101628,2026-08-10T19:25:00,8,2D,ESPAÑOL,Tradicional,la-odisea
cinepolis-plaza-minatitlan,139,101627,2026-08-10T15:55:00,8,2D,SUBTITULADA,Tradicional,la-odisea
cinepolis-plaza-minatitlan,139,101745,2026-08-11T12:25:00,8,2D,ESPAÑOL,Tradicional,la-odisea
cinepolis-plaza-minatitlan,139,101720,2026-08-11T14:10:00,1,2D,ESPAÑOL,Tradicional,la-odisea
cinepolis-plaza-minatitlan,139,101747,2026-08-11T19:25:00,8,2D,ESPAÑOL,Tradicional,la-odisea
cinepolis-plaza-minatitlan,139,101746,2026-08-11T15:55:00,8,2D,SUBTITULADA,Tradicional,la-odisea
cinepolis-plaza-minatitlan,139,101629,2026-08-12T12:25:00,8,2D,ESPAÑOL,Tradicional,la-odisea
cinepolis-plaza-minatitlan,139,101695,2026-08-12T14:10:00,1,2D,ESPAÑOL,Tradicional,la-odisea
cinepolis-plaza-minatitlan,139,101631,2026-08-12T19:25:00,8,2D,ESPAÑOL,Tradicional,la-odisea
cinepolis-plaza-minatitlan,139,101630,2026-08-12T15:55:00,8,2D,SUBTITULADA,Tradicional,la-odisea
cinepolis-plaza-minatitlan,139,101596,2026-08-07T17:45:00,5,2D,ESPAÑOL,Tradicional,minions-y-monstruos
cinepolis-plaza-minatitlan,139,101572,2026-08-08T10:45:00,7,2D,ESPAÑOL,Tradicional,minions-y-monstruos
cinepolis-plaza-minatitlan,139,101550,2026-08-08T17:35:00,2,2D,ESPAÑOL,Tradicional,minions-y-monstruos
cinepolis-plaza-minatitlan,139,101577,2026-08-09T10:45:00,7,2D,ESPAÑOL,Tradicional,minions-y-monstruos
cinepolis-plaza-minatitlan,139,101554,2026-08-09T17:35:00,2,2D,ESPAÑOL,Tradicional,minions-y-monstruos
cinepolis-plaza-minatitlan,139,101604,2026-08-10T12:15:00,5,2D,ESPAÑOL,Tradicional,minions-y-monstruos
cinepolis-plaza-minatitlan,139,101606,2026-08-10T17:45:00,5,2D,ESPAÑOL,Tradicional,minions-y-monstruos
cinepolis-plaza-minatitlan,139,101736,2026-08-11T12:15:00,5,2D,ESPAÑOL,Tradicional,minions-y-monstruos
cinepolis-plaza-minatitlan,139,101738,2026-08-11T17:45:00,5,2D,ESPAÑOL,Tradicional,minions-y-monstruos
cinepolis-plaza-minatitlan,139,101608,2026-08-12T12:15:00,5,2D,ESPAÑOL,Tradicional,minions-y-monstruos
cinepolis-plaza-minatitlan,139,101610,2026-08-12T17:45:00,5,2D,ESPAÑOL,Tradicional,minions-y-monstruos
cinepolis-plaza-minatitlan,139,101297,2026-08-12T12:30:00,6,2D,ESPAÑOL,Tradicional,paw-patrol-la-dino-pelicula
cinepolis-plaza-minatitlan,139,101298,2026-08-12T14:35:00,6,2D,ESPAÑOL,Tradicional,paw-patrol-la-dino-pelicula
cinepolis-plaza-minatitlan,139,101299,2026-08-12T16:40:00,6,2D,ESPAÑOL,Tradicional,paw-patrol-la-dino-pelicula
cinepolis-plaza-minatitlan,139,101300,2026-08-12T19:00:00,6,2D,ESPAÑOL,Tradicional,paw-patrol-la-dino-pelicula
cinepolis-plaza-minatitlan,139,101313,2026-08-13T13:10:00,4,2D,ESPAÑOL,Tradicional,paw-patrol-la-dino-pelicula
cinepolis-plaza-minatitlan,139,101314,2026-08-13T15:15:00,4,2D,ESPAÑOL,Tradicional,paw-patrol-la-dino-pelicula
cinepolis-plaza-minatitlan,139,101315,2026-08-13T17:35:00,4,2D,ESPAÑOL,Tradicional,paw-patrol-la-dino-pelicula
cinepolis-plaza-minatitlan,139,101316,2026-08-13T19:45:00,4,2D,ESPAÑOL,Tradicional,paw-patrol-la-dino-pelicula
cinepolis-plaza-minatitlan,139,101317,2026-08-14T13:10:00,4,2D,ESPAÑOL,Tradicional,paw-patrol-la-dino-pelicula
cinepolis-plaza-minatitlan,139,101318,2026-08-14T15:15:00,4,2D,ESPAÑOL,Tradicional,paw-patrol-la-dino-pelicula
cinepolis-plaza-minatitlan,139,101319,2026-08-14T17:35:00,4,2D,ESPAÑOL,Tradicional,paw-patrol-la-dino-pelicula
cinepolis-plaza-minatitlan,139,101320,2026-08-14T19:45:00,4,2D,ESPAÑOL,Tradicional,paw-patrol-la-dino-pelicula
cinepolis-plaza-minatitlan,139,101321,2026-08-15T11:15:00,4,2D,ESPAÑOL,Tradicional,paw-patrol-la-dino-pelicula
cinepolis-plaza-minatitlan,139,101322,2026-08-15T13:25:00,4,2D,ESPAÑOL,Tradicional,paw-patrol-la-dino-pelicula
cinepolis-plaza-minatitlan,139,101323,2026-08-15T15:30:00,4,2D,ESPAÑOL,Tradicional,paw-patrol-la-dino-pelicula
cinepolis-plaza-minatitlan,139,101324,2026-08-15T17:40:00,4,2D,ESPAÑOL,Tradicional,paw-patrol-la-dino-pelicula
cinepolis-plaza-minatitlan,139,101325,2026-08-15T19:50:00,4,2D,ESPAÑOL,Tradicional,paw-patrol-la-dino-pelicula
cinepolis-plaza-minatitlan,139,101326,2026-08-16T11:15:00,4,2D,ESPAÑOL,Tradicional,paw-patrol-la-dino-pelicula
cinepolis-plaza-minatitlan,139,101327,2026-08-16T13:25:00,4,2D,ESPAÑOL,Tradicional,paw-patrol-la-dino-pelicula
cinepolis-plaza-minatitlan,139,101328,2026-08-16T15:30:00,4,2D,ESPAÑOL,Tradicional,paw-patrol-la-dino-pelicula
cinepolis-plaza-minatitlan,139,101329,2026-08-16T17:40:00,4,2D,ESPAÑOL,Tradicional,paw-patrol-la-dino-pelicula
cinepolis-plaza-minatitlan,139,101330,2026-08-16T19:50:00,4,2D,ESPAÑOL,Tradicional,paw-patrol-la-dino-pelicula
cinepolis-plaza-minatitlan,139,101301,2026-08-17T13:10:00,4,2D,ESPAÑOL,Tradicional,paw-patrol-la-dino-pelicula
cinepolis-plaza-minatitlan,139,101302,2026-08-17T15:15:00,4,2D,ESPAÑOL,Tradicional,paw-patrol-la-dino-pelicula
cinepolis-plaza-minatitlan,139,101303,2026-08-17T17:35:00,4,2D,ESPAÑOL,Tradicional,paw-patrol-la-dino-pelicula
cinepolis-plaza-minatitlan,139,101304,2026-08-17T19:45:00,4,2D,ESPAÑOL,Tradicional,paw-patrol-la-dino-pelicula
cinepolis-plaza-minatitlan,139,101305,2026-08-18T13:10:00,4,2D,ESPAÑOL,Tradicional,paw-patrol-la-dino-pelicula
cinepolis-plaza-minatitlan,139,101306,2026-08-18T15:15:00,4,2D,ESPAÑOL,Tradicional,paw-patrol-la-dino-pelicula
cinepolis-plaza-minatitlan,139,101307,2026-08-18T17:35:00,4,2D,ESPAÑOL,Tradicional,paw-patrol-la-dino-pelicula
cinepolis-plaza-minatitlan,139,101308,2026-08-18T19:45:00,4,2D,ESPAÑOL,Tradicional,paw-patrol-la-dino-pelicula
cinepolis-plaza-minatitlan,139,101309,2026-08-19T13:10:00,4,2D,ESPAÑOL,Tradicional,paw-patrol-la-dino-pelicula
cinepolis-plaza-minatitlan,139,101310,2026-08-19T15:15:00,4,2D,ESPAÑOL,Tradicional,paw-patrol-la-dino-pelicula
cinepolis-plaza-minatitlan,139,101311,2026-08-19T17:35:00,4,2D,ESPAÑOL,Tradicional,paw-patrol-la-dino-pelicula
cinepolis-plaza-minatitlan,139,101312,2026-08-19T19:45:00,4,2D,ESPAÑOL,Tradicional,paw-patrol-la-dino-pelicula
cinepolis-plaza-minatitlan,139,101701,2026-08-07T14:15:00,6,2D,ESPAÑOL,Tradicional,spider-man-un-nuevo-dia
cinepolis-plaza-minatitlan,139,101595,2026-08-07T14:45:00,5,2D,ESPAÑOL,Tradicional,spider-man-un-nuevo-dia
cinepolis-plaza-minatitlan,139,101521,2026-08-07T15:10:00,9,2D,ESPAÑOL,Tradicional,spider-man-un-nuevo-dia
cinepolis-plaza-minatitlan,139,101637,2026-08-07T15:45:00,10,2D,ESPAÑOL,Tradicional,spider-man-un-nuevo-dia
cinepolis-plaza-minatitlan,139,101661,2026-08-07T16:15:00,4,2D,ESPAÑOL,Tradicional,spider-man-un-nuevo-dia
cinepolis-plaza-minatitlan,139,101702,2026-08-07T17:10:00,6,2D,ESPAÑOL,Tradicional,spider-man-un-nuevo-dia
cinepolis-plaza-minatitlan,139,101684,2026-08-07T17:35:00,1,2D,ESPAÑOL,Tradicional,spider-man-un-nuevo-dia
cinepolis-plaza-minatitlan,139,101522,2026-08-07T18:15:00,9,2D,ESPAÑOL,Tradicional,spider-man-un-nuevo-dia
cinepolis-plaza-minatitlan,139,101638,2026-08-07T18:50:00,10,3D,ESPAÑOL,Tradicional,spider-man-un-nuevo-dia
cinepolis-plaza-minatitlan,139,101597,2026-08-07T20:25:00,5,2D,ESPAÑOL,Tradicional,spider-man-un-nuevo-dia
cinepolis-plaza-minatitlan,139,101685,2026-08-07T20:50:00,1,2D,ESPAÑOL,Tradicional,spider-man-un-nuevo-dia
cinepolis-plaza-minatitlan,139,101703,2026-08-07T21:15:00,6,2D,ESPAÑOL,Tradicional,spider-man-un-nuevo-dia
cinepolis-plaza-minatitlan,139,101523,2026-08-07T21:40:00,9,2D,ESPAÑOL,Tradicional,spider-man-un-nuevo-dia
cinepolis-plaza-minatitlan,139,101639,2026-08-07T22:05:00,10,2D,ESPAÑOL,Tradicional,spider-man-un-nuevo-dia
cinepolis-plaza-minatitlan,139,101663,2026-08-07T22:15:00,4,2D,ESPAÑOL,Tradicional,spider-man-un-nuevo-dia
cinepolis-plaza-minatitlan,139,101662,2026-08-07T19:15:00,4,2D,SUBTITULADA,Tradicional,spider-man-un-nuevo-dia
cinepolis-plaza-minatitlan,139,101664,2026-08-08T10:15:00,4,2D,ESPAÑOL,Tradicional,spider-man-un-nuevo-dia
cinepolis-plaza-minatitlan,139,101524,2026-08-08T11:00:00,9,2D,ESPAÑOL,Tradicional,spider-man-un-nuevo-dia
cinepolis-plaza-minatitlan,139,101618,2026-08-08T11:35:00,8,2D,ESPAÑOL,Tradicional,spider-man-un-nuevo-dia
cinepolis-plaza-minatitlan,139,101640,2026-08-08T12:00:00,10,3D,ESPAÑOL,Tradicional,spider-man-un-nuevo-dia
cinepolis-plaza-minatitlan,139,101598,2026-08-08T12:25:00,5,2D,ESPAÑOL,Tradicional,spider-man-un-nuevo-dia
cinepolis-plaza-minatitlan,139,101573,2026-08-08T12:50:00,7,2D,ESPAÑOL,Tradicional,spider-man-un-nuevo-dia
cinepolis-plaza-minatitlan,139,101665,2026-08-08T13:15:00,4,2D,ESPAÑOL,Tradicional,spider-man-un-nuevo-dia
cinepolis-plaza-minatitlan,139,101549,2026-08-08T13:45:00,2,2D,ESPAÑOL,Tradicional,spider-man-un-nuevo-dia
cinepolis-plaza-minatitlan,139,101525,2026-08-08T14:05:00,9,2D,ESPAÑOL,Tradicional,spider-man-un-nuevo-dia
cinepolis-plaza-minatitlan,139,101619,2026-08-08T14:45:00,8,2D,ESPAÑOL,Tradicional,spider-man-un-nuevo-dia
cinepolis-plaza-minatitlan,139,101641,2026-08-08T15:20:00,10,2D,ESPAÑOL,Tradicional,spider-man-un-nuevo-dia
cinepolis-plaza-minatitlan,139,101599,2026-08-08T15:55:00,5,2D,ESPAÑOL,Tradicional,spider-man-un-nuevo-dia
cinepolis-plaza-minatitlan,139,101666,2026-08-08T16:50:00,4,2D,ESPAÑOL,Tradicional,spider-man-un-nuevo-dia
cinepolis-plaza-minatitlan,139,101526,2026-08-08T17:15:00,9,2D,ESPAÑOL,Tradicional,spider-man-un-nuevo-dia
cinepolis-plaza-minatitlan,139,101620,2026-08-08T17:50:00,8,2D,ESPAÑOL,Tradicional,spider-man-un-nuevo-dia
cinepolis-plaza-minatitlan,139,101551,2026-08-08T19:50:00,2,2D,ESPAÑOL,Tradicional,spider-man-un-nuevo-dia
cinepolis-plaza-minatitlan,139,101667,2026-08-08T20:25:00,4,2D,ESPAÑOL,Tradicional,spider-man-un-nuevo-dia
cinepolis-plaza-minatitlan,139,101621,2026-08-08T20:50:00,8,2D,ESPAÑOL,Tradicional,spider-man-un-nuevo-dia
cinepolis-plaza-minatitlan,139,101527,2026-08-08T21:15:00,9,2D,ESPAÑOL,Tradicional,spider-man-un-nuevo-dia
cinepolis-plaza-minatitlan,139,101643,2026-08-08T21:35:00,10,2D,ESPAÑOL,Tradicional,spider-man-un-nuevo-dia
cinepolis-plaza-minatitlan,139,101576,2026-08-08T22:15:00,7,2D,ESPAÑOL,Tradicional,spider-man-un-nuevo-dia
cinepolis-plaza-minatitlan,139,101642,2026-08-08T18:25:00,10,3D,SUBTITULADA,Tradicional,spider-man-un-nuevo-dia
cinepolis-plaza-minatitlan,139,101668,2026-08-09T10:15:00,4,2D,ESPAÑOL,Tradicional,spider-man-un-nuevo-dia
cinepolis-plaza-minatitlan,139,101528,2026-08-09T11:00:00,9,2D,ESPAÑOL,Tradicional,spider-man-un-nuevo-dia
cinepolis-plaza-minatitlan,139,101622,2026-08-09T11:35:00,8,2D,ESPAÑOL,Tradicional,spider-man-un-nuevo-dia
cinepolis-plaza-minatitlan,139,101644,2026-08-09T12:00:00,10,3D,ESPAÑOL,Tradicional,spider-man-un-nuevo-dia
cinepolis-plaza-minatitlan,139,101601,2026-08-09T12:25:00,5,2D,ESPAÑOL,Tradicional,spider-man-un-nuevo-dia
cinepolis-plaza-minatitlan,139,101578,2026-08-09T12:50:00,7,2D,ESPAÑOL,Tradicional,spider-man-un-nuevo-dia
cinepolis-plaza-minatitlan,139,101669,2026-08-09T13:15:00,4,2D,ESPAÑOL,Tradicional,spider-man-un-nuevo-dia
cinepolis-plaza-minatitlan,139,101553,2026-08-09T13:45:00,2,2D,ESPAÑOL,Tradicional,spider-man-un-nuevo-dia
cinepolis-plaza-minatitlan,139,101529,2026-08-09T14:05:00,9,2D,ESPAÑOL,Tradicional,spider-man-un-nuevo-dia
cinepolis-plaza-minatitlan,139,101623,2026-08-09T14:45:00,8,2D,ESPAÑOL,Tradicional,spider-man-un-nuevo-dia
cinepolis-plaza-minatitlan,139,101645,2026-08-09T15:20:00,10,2D,ESPAÑOL,Tradicional,spider-man-un-nuevo-dia
cinepolis-plaza-minatitlan,139,101602,2026-08-09T15:55:00,5,2D,ESPAÑOL,Tradicional,spider-man-un-nuevo-dia
cinepolis-plaza-minatitlan,139,101670,2026-08-09T16:50:00,4,2D,ESPAÑOL,Tradicional,spider-man-un-nuevo-dia
cinepolis-plaza-minatitlan,139,101530,2026-08-09T17:15:00,9,2D,ESPAÑOL,Tradicional,spider-man-un-nuevo-dia
cinepolis-plaza-minatitlan,139,101624,2026-08-09T17:50:00,8,2D,ESPAÑOL,Tradicional,spider-man-un-nuevo-dia
cinepolis-plaza-minatitlan,139,101555,2026-08-09T19:50:00,2,2D,ESPAÑOL,Tradicional,spider-man-un-nuevo-dia
cinepolis-plaza-minatitlan,139,101671,2026-08-09T20:25:00,4,2D,ESPAÑOL,Tradicional,spider-man-un-nuevo-dia
cinepolis-plaza-minatitlan,139,101625,2026-08-09T20:50:00,8,2D,ESPAÑOL,Tradicional,spider-man-un-nuevo-dia
cinepolis-plaza-minatitlan,139,101531,2026-08-09T21:15:00,9,2D,ESPAÑOL,Tradicional,spider-man-un-nuevo-dia
cinepolis-plaza-minatitlan,139,101647,2026-08-09T21:35:00,10,2D,ESPAÑOL,Tradicional,spider-man-un-nuevo-dia
cinepolis-plaza-minatitlan,139,101581,2026-08-09T22:15:00,7,2D,ESPAÑOL,Tradicional,spider-man-un-nuevo-dia
cinepolis-plaza-minatitlan,139,101646,2026-08-09T18:25:00,10,3D,SUBTITULADA,Tradicional,spider-man-un-nuevo-dia
cinepolis-plaza-minatitlan,139,101532,2026-08-10T11:55:00,9,2D,ESPAÑOL,Tradicional,spider-man-un-nuevo-dia
cinepolis-plaza-minatitlan,139,101648,2026-08-10T12:40:00,10,3D,ESPAÑOL,Tradicional,spider-man-un-nuevo-dia
cinepolis-plaza-minatitlan,139,101672,2026-08-10T13:20:00,4,2D,ESPAÑOL,Tradicional,spider-man-un-nuevo-dia
cinepolis-plaza-minatitlan,139,101714,2026-08-10T14:15:00,6,2D,ESPAÑOL,Tradicional,spider-man-un-nuevo-dia
cinepolis-plaza-minatitlan,139,101605,2026-08-10T14:45:00,5,2D,ESPAÑOL,Tradicional,spider-man-un-nuevo-dia
cinepolis-plaza-minatitlan,139,101533,2026-08-10T15:10:00,9,2D,ESPAÑOL,Tradicional,spider-man-un-nuevo-dia
cinepolis-plaza-minatitlan,139,101649,2026-08-10T15:45:00,10,2D,ESPAÑOL,Tradicional,spider-man-un-nuevo-dia
cinepolis-plaza-minatitlan,139,101673,2026-08-10T16:15:00,4,2D,ESPAÑOL,Tradicional,spider-man-un-nuevo-dia
cinepolis-plaza-minatitlan,139,101715,2026-08-10T17:10:00,6,2D,ESPAÑOL,Tradicional,spider-man-un-nuevo-dia
cinepolis-plaza-minatitlan,139,101693,2026-08-10T17:35:00,1,2D,ESPAÑOL,Tradicional,spider-man-un-nuevo-dia
cinepolis-plaza-minatitlan,139,101534,2026-08-10T18:15:00,9,2D,ESPAÑOL,Tradicional,spider-man-un-nuevo-dia
cinepolis-plaza-minatitlan,139,101650,2026-08-10T18:50:00,10,3D,ESPAÑOL,Tradicional,spider-man-un-nuevo-dia
cinepolis-plaza-minatitlan,139,101607,2026-08-10T20:25:00,5,2D,ESPAÑOL,Tradicional,spider-man-un-nuevo-dia
cinepolis-plaza-minatitlan,139,101694,2026-08-10T20:50:00,1,2D,ESPAÑOL,Tradicional,spider-man-un-nuevo-dia
cinepolis-plaza-minatitlan,139,101716,2026-08-10T21:15:00,6,2D,ESPAÑOL,Tradicional,spider-man-un-nuevo-dia
cinepolis-plaza-minatitlan,139,101535,2026-08-10T21:40:00,9,2D,ESPAÑOL,Tradicional,spider-man-un-nuevo-dia
cinepolis-plaza-minatitlan,139,101651,2026-08-10T22:05:00,10,2D,ESPAÑOL,Tradicional,spider-man-un-nuevo-dia
cinepolis-plaza-minatitlan,139,101675,2026-08-10T22:15:00,4,2D,ESPAÑOL,Tradicional,spider-man-un-nuevo-dia
cinepolis-plaza-minatitlan,139,101674,2026-08-10T19:15:00,4,2D,SUBTITULADA,Tradicional,spider-man-un-nuevo-dia
cinepolis-plaza-minatitlan,139,101748,2026-08-11T11:55:00,9,2D,ESPAÑOL,Tradicional,spider-man-un-nuevo-dia
cinepolis-plaza-minatitlan,139,101752,2026-08-11T12:40:00,10,3D,ESPAÑOL,Tradicional,spider-man-un-nuevo-dia
cinepolis-plaza-minatitlan,139,101732,2026-08-11T13:20:00,4,2D,ESPAÑOL,Tradicional,spider-man-un-nuevo-dia
cinepolis-plaza-minatitlan,139,101740,2026-08-11T14:15:00,6,2D,ESPAÑOL,Tradicional,spider-man-un-nuevo-dia
cinepolis-plaza-minatitlan,139,101737,2026-08-11T14:45:00,5,2D,ESPAÑOL,Tradicional,spider-man-un-nuevo-dia
cinepolis-plaza-minatitlan,139,101749,2026-08-11T15:10:00,9,2D,ESPAÑOL,Tradicional,spider-man-un-nuevo-dia
cinepolis-plaza-minatitlan,139,101753,2026-08-11T15:45:00,10,2D,ESPAÑOL,Tradicional,spider-man-un-nuevo-dia
cinepolis-plaza-minatitlan,139,101733,2026-08-11T16:15:00,4,2D,ESPAÑOL,Tradicional,spider-man-un-nuevo-dia
cinepolis-plaza-minatitlan,139,101721,2026-08-11T17:35:00,1,2D,ESPAÑOL,Tradicional,spider-man-un-nuevo-dia
cinepolis-plaza-minatitlan,139,101750,2026-08-11T18:15:00,9,2D,ESPAÑOL,Tradicional,spider-man-un-nuevo-dia
cinepolis-plaza-minatitlan,139,101754,2026-08-11T18:50:00,10,3D,ESPAÑOL,Tradicional,spider-man-un-nuevo-dia
cinepolis-plaza-minatitlan,139,101739,2026-08-11T20:25:00,5,2D,ESPAÑOL,Tradicional,spider-man-un-nuevo-dia
cinepolis-plaza-minatitlan,139,101722,2026-08-11T20:50:00,1,2D,ESPAÑOL,Tradicional,spider-man-un-nuevo-dia
cinepolis-plaza-minatitlan,139,101751,2026-08-11T21:40:00,9,2D,ESPAÑOL,Tradicional,spider-man-un-nuevo-dia
cinepolis-plaza-minatitlan,139,101755,2026-08-11T22:05:00,10,2D,ESPAÑOL,Tradicional,spider-man-un-nuevo-dia
cinepolis-plaza-minatitlan,139,101735,2026-08-11T22:15:00,4,2D,ESPAÑOL,Tradicional,spider-man-un-nuevo-dia
cinepolis-plaza-minatitlan,139,101734,2026-08-11T19:15:00,4,2D,SUBTITULADA,Tradicional,spider-man-un-nuevo-dia
cinepolis-plaza-minatitlan,139,101536,2026-08-12T11:55:00,9,2D,ESPAÑOL,Tradicional,spider-man-un-nuevo-dia
cinepolis-plaza-minatitlan,139,101652,2026-08-12T12:40:00,10,3D,ESPAÑOL,Tradicional,spider-man-un-nuevo-dia
cinepolis-plaza-minatitlan,139,101676,2026-08-12T13:20:00,4,2D,ESPAÑOL,Tradicional,spider-man-un-nuevo-dia
cinepolis-plaza-minatitlan,139,101609,2026-08-12T14:45:00,5,2D,ESPAÑOL,Tradicional,spider-man-un-nuevo-dia
cinepolis-plaza-minatitlan,139,101537,2026-08-12T15:10:00,9,2D,ESPAÑOL,Tradicional,spider-man-un-nuevo-dia
cinepolis-plaza-minatitlan,139,101653,2026-08-12T15:45:00,10,2D,ESPAÑOL,Tradicional,spider-man-un-nuevo-dia
cinepolis-plaza-minatitlan,139,101677,2026-08-12T16:15:00,4,2D,ESPAÑOL,Tradicional,spider-man-un-nuevo-dia
cinepolis-plaza-minatitlan,139,101696,2026-08-12T17:35:00,1,2D,ESPAÑOL,Tradicional,spider-man-un-nuevo-dia
cinepolis-plaza-minatitlan,139,101538,2026-08-12T18:15:00,9,2D,ESPAÑOL,Tradicional,spider-man-un-nuevo-dia
cinepolis-plaza-minatitlan,139,101654,2026-08-12T18:50:00,10,3D,ESPAÑOL,Tradicional,spider-man-un-nuevo-dia
cinepolis-plaza-minatitlan,139,101611,2026-08-12T20:25:00,5,2D,ESPAÑOL,Tradicional,spider-man-un-nuevo-dia
cinepolis-plaza-minatitlan,139,101697,2026-08-12T20:50:00,1,2D,ESPAÑOL,Tradicional,spider-man-un-nuevo-dia
cinepolis-plaza-minatitlan,139,101539,2026-08-12T21:40:00,9,2D,ESPAÑOL,Tradicional,spider-man-un-nuevo-dia
cinepolis-plaza-minatitlan,139,101655,2026-08-12T22:05:00,10,2D,ESPAÑOL,Tradicional,spider-man-un-nuevo-dia
cinepolis-plaza-minatitlan,139,101679,2026-08-12T22:15:00,4,2D,ESPAÑOL,Tradicional,spider-man-un-nuevo-dia
cinepolis-plaza-minatitlan,139,101678,2026-08-12T19:15:00,4,2D,SUBTITULADA,Tradicional,spider-man-un-nuevo-dia
cinepolis-plaza-minatitlan,139,101545,2026-08-07T14:35:00,2,2D,ESPAÑOL,Tradicional,toy-story-5
cinepolis-plaza-minatitlan,139,101548,2026-08-08T11:20:00,2,2D,ESPAÑOL,Tradicional,toy-story-5
cinepolis-plaza-minatitlan,139,101552,2026-08-09T11:20:00,2,2D,ESPAÑOL,Tradicional,toy-story-5
cinepolis-plaza-minatitlan,139,101556,2026-08-10T12:05:00,2,2D,ESPAÑOL,Tradicional,toy-story-5
cinepolis-plaza-minatitlan,139,101557,2026-08-10T14:35:00,2,2D,ESPAÑOL,Tradicional,toy-story-5
cinepolis-plaza-minatitlan,139,101723,2026-08-11T12:05:00,2,2D,ESPAÑOL,Tradicional,toy-story-5
cinepolis-plaza-minatitlan,139,101724,2026-08-11T14:35:00,2,2D,ESPAÑOL,Tradicional,toy-story-5
cinepolis-plaza-minatitlan,139,101560,2026-08-12T12:05:00,2,2D,ESPAÑOL,Tradicional,toy-story-5
cinepolis-plaza-minatitlan,139,101561,2026-08-12T14:35:00,2,2D,ESPAÑOL,Tradicional,toy-story-5
cinepolis-plaza-valle-orizaba,388,113241,2026-08-14T17:00:00,6,2D,ORIGINAL,Tradicional,2026-cortis-tour-put-your-phone-down-en-vivo
cinepolis-plaza-valle-orizaba,388,113007,2026-08-07T14:10:00,3,2D,SUBTITULADA,Tradicional,el-dia-d-bajo-presion
cinepolis-plaza-valle-orizaba,388,113008,2026-08-07T16:20:00,3,2D,SUBTITULADA,Tradicional,el-dia-d-bajo-presion
cinepolis-plaza-valle-orizaba,388,113009,2026-08-07T18:30:00,3,2D,SUBTITULADA,Tradicional,el-dia-d-bajo-presion
cinepolis-plaza-valle-orizaba,388,113010,2026-08-07T20:50:00,3,2D,SUBTITULADA,Tradicional,el-dia-d-bajo-presion
cinepolis-plaza-valle-orizaba,388,112850,2026-08-08T11:40:00,12,2D,SUBTITULADA,Tradicional,el-dia-d-bajo-presion
cinepolis-plaza-valle-orizaba,388,112851,2026-08-08T14:15:00,12,2D,SUBTITULADA,Tradicional,el-dia-d-bajo-presion
cinepolis-plaza-valle-orizaba,388,112852,2026-08-08T16:30:00,12,2D,SUBTITULADA,Tradicional,el-dia-d-bajo-presion
cinepolis-plaza-valle-orizaba,388,112853,2026-08-08T19:20:00,12,2D,SUBTITULADA,Tradicional,el-dia-d-bajo-presion
cinepolis-plaza-valle-orizaba,388,112854,2026-08-08T21:35:00,12,2D,SUBTITULADA,Tradicional,el-dia-d-bajo-presion
cinepolis-plaza-valle-orizaba,388,113230,2026-08-09T11:40:00,12,2D,SUBTITULADA,Tradicional,el-dia-d-bajo-presion
cinepolis-plaza-valle-orizaba,388,113231,2026-08-09T14:15:00,12,2D,SUBTITULADA,Tradicional,el-dia-d-bajo-presion
cinepolis-plaza-valle-orizaba,388,113232,2026-08-09T16:30:00,12,2D,SUBTITULADA,Tradicional,el-dia-d-bajo-presion
cinepolis-plaza-valle-orizaba,388,113233,2026-08-09T19:20:00,12,2D,SUBTITULADA,Tradicional,el-dia-d-bajo-presion
cinepolis-plaza-valle-orizaba,388,113234,2026-08-09T21:35:00,12,2D,SUBTITULADA,Tradicional,el-dia-d-bajo-presion
cinepolis-plaza-valle-orizaba,388,113053,2026-08-10T12:00:00,3,2D,SUBTITULADA,Tradicional,el-dia-d-bajo-presion
cinepolis-plaza-valle-orizaba,388,113054,2026-08-10T14:10:00,3,2D,SUBTITULADA,Tradicional,el-dia-d-bajo-presion
cinepolis-plaza-valle-orizaba,388,113055,2026-08-10T16:20:00,3,2D,SUBTITULADA,Tradicional,el-dia-d-bajo-presion
cinepolis-plaza-valle-orizaba,388,113056,2026-08-10T18:30:00,3,2D,SUBTITULADA,Tradicional,el-dia-d-bajo-presion
cinepolis-plaza-valle-orizaba,388,113057,2026-08-10T20:50:00,3,2D,SUBTITULADA,Tradicional,el-dia-d-bajo-presion
cinepolis-plaza-valle-orizaba,388,113100,2026-08-11T12:00:00,3,2D,SUBTITULADA,Tradicional,el-dia-d-bajo-presion
cinepolis-plaza-valle-orizaba,388,113101,2026-08-11T14:10:00,3,2D,SUBTITULADA,Tradicional,el-dia-d-bajo-presion
cinepolis-plaza-valle-orizaba,388,113102,2026-08-11T16:20:00,3,2D,SUBTITULADA,Tradicional,el-dia-d-bajo-presion
cinepolis-plaza-valle-orizaba,388,113103,2026-08-11T18:30:00,3,2D,SUBTITULADA,Tradicional,el-dia-d-bajo-presion
cinepolis-plaza-valle-orizaba,388,113104,2026-08-11T20:50:00,3,2D,SUBTITULADA,Tradicional,el-dia-d-bajo-presion
cinepolis-plaza-valle-orizaba,388,113146,2026-08-12T12:00:00,3,2D,SUBTITULADA,Tradicional,el-dia-d-bajo-presion
cinepolis-plaza-valle-orizaba,388,113147,2026-08-12T14:10:00,3,2D,SUBTITULADA,Tradicional,el-dia-d-bajo-presion
cinepolis-plaza-valle-orizaba,388,113148,2026-08-12T16:20:00,3,2D,SUBTITULADA,Tradicional,el-dia-d-bajo-presion
cinepolis-plaza-valle-orizaba,388,113149,2026-08-12T18:30:00,3,2D,SUBTITULADA,Tradicional,el-dia-d-bajo-presion
cinepolis-plaza-valle-orizaba,388,113150,2026-08-12T20:50:00,3,2D,SUBTITULADA,Tradicional,el-dia-d-bajo-presion
cinepolis-plaza-valle-orizaba,388,113183,2026-08-11T18:10:00,10,2D,SUBTITULADA,Tradicional,el-final-de-la-calle-oak
cinepolis-plaza-valle-orizaba,388,113184,2026-08-11T20:25:00,10,2D,SUBTITULADA,Tradicional,el-final-de-la-calle-oak
cinepolis-plaza-valle-orizaba,388,112122,2026-08-26T18:40:00,9,2D,SUBTITULADA,Tradicional,ghost-2-big-to-ring-en-cines
cinepolis-plaza-valle-orizaba,388,112124,2026-08-27T18:00:00,11,2D,SUBTITULADA,Tradicional,ghost-2-big-to-ring-en-cines
cinepolis-plaza-valle-orizaba,388,112123,2026-08-29T12:45:00,11,2D,SUBTITULADA,Tradicional,ghost-2-big-to-ring-en-cines
cinepolis-plaza-valle-orizaba,388,112380,2026-08-27T14:55:00,3,2D,ESPAÑOL,Tradicional,harry-potter-y-la-piedra-filosofal-25
cinepolis-plaza-valle-orizaba,388,112381,2026-08-27T18:20:00,3,2D,ESPAÑOL,Tradicional,harry-potter-y-la-piedra-filosofal-25
cinepolis-plaza-valle-orizaba,388,112382,2026-08-27T21:40:00,3,2D,SUBTITULADA,Tradicional,harry-potter-y-la-piedra-filosofal-25
cinepolis-plaza-valle-orizaba,388,112368,2026-08-28T14:55:00,3,2D,ESPAÑOL,Tradicional,harry-potter-y-la-piedra-filosofal-25
cinepolis-plaza-valle-orizaba,388,112369,2026-08-28T18:20:00,3,2D,ESPAÑOL,Tradicional,harry-potter-y-la-piedra-filosofal-25
cinepolis-plaza-valle-orizaba,388,112370,2026-08-28T21:40:00,3,2D,SUBTITULADA,Tradicional,harry-potter-y-la-piedra-filosofal-25
cinepolis-plaza-valle-orizaba,388,112371,2026-08-29T13:35:00,3,2D,ESPAÑOL,Tradicional,harry-potter-y-la-piedra-filosofal-25
cinepolis-plaza-valle-orizaba,388,112372,2026-08-29T16:50:00,3,2D,ESPAÑOL,Tradicional,harry-potter-y-la-piedra-filosofal-25
cinepolis-plaza-valle-orizaba,388,112373,2026-08-29T20:10:00,3,2D,SUBTITULADA,Tradicional,harry-potter-y-la-piedra-filosofal-25
cinepolis-plaza-valle-orizaba,388,112374,2026-08-30T13:35:00,3,2D,ESPAÑOL,Tradicional,harry-potter-y-la-piedra-filosofal-25
cinepolis-plaza-valle-orizaba,388,112375,2026-08-30T16:50:00,3,2D,ESPAÑOL,Tradicional,harry-potter-y-la-piedra-filosofal-25
cinepolis-plaza-valle-orizaba,388,112376,2026-08-30T20:10:00,3,2D,SUBTITULADA,Tradicional,harry-potter-y-la-piedra-filosofal-25
cinepolis-plaza-valle-orizaba,388,112377,2026-08-31T14:55:00,3,2D,ESPAÑOL,Tradicional,harry-potter-y-la-piedra-filosofal-25
cinepolis-plaza-valle-orizaba,388,112378,2026-08-31T18:20:00,3,2D,ESPAÑOL,Tradicional,harry-potter-y-la-piedra-filosofal-25
cinepolis-plaza-valle-orizaba,388,112379,2026-08-31T21:40:00,3,2D,SUBTITULADA,Tradicional,harry-potter-y-la-piedra-filosofal-25
cinepolis-plaza-valle-orizaba,388,112648,2026-09-01T14:55:00,3,2D,ESPAÑOL,Tradicional,harry-potter-y-la-piedra-filosofal-25
cinepolis-plaza-valle-orizaba,388,112649,2026-09-01T18:20:00,3,2D,ESPAÑOL,Tradicional,harry-potter-y-la-piedra-filosofal-25
cinepolis-plaza-valle-orizaba,388,112650,2026-09-01T21:40:00,3,2D,SUBTITULADA,Tradicional,harry-potter-y-la-piedra-filosofal-25
cinepolis-plaza-valle-orizaba,388,112645,2026-09-02T14:55:00,3,2D,ESPAÑOL,Tradicional,harry-potter-y-la-piedra-filosofal-25
cinepolis-plaza-valle-orizaba,388,112646,2026-09-02T18:20:00,3,2D,ESPAÑOL,Tradicional,harry-potter-y-la-piedra-filosofal-25
cinepolis-plaza-valle-orizaba,388,112647,2026-09-02T21:40:00,3,2D,SUBTITULADA,Tradicional,harry-potter-y-la-piedra-filosofal-25
cinepolis-plaza-valle-orizaba,388,113036,2026-08-07T15:25:00,10,2D,ESPAÑOL,Tradicional,insaciable
cinepolis-plaza-valle-orizaba,388,113037,2026-08-07T18:55:00,10,2D,ESPAÑOL,Tradicional,insaciable
cinepolis-plaza-valle-orizaba,388,113038,2026-08-07T21:25:00,10,2D,ESPAÑOL,Tradicional,insaciable
cinepolis-plaza-valle-orizaba,388,112873,2026-08-08T11:10:00,10,2D,ESPAÑOL,Tradicional,insaciable
cinepolis-plaza-valle-orizaba,388,112874,2026-08-08T13:50:00,10,2D,ESPAÑOL,Tradicional,insaciable
cinepolis-plaza-valle-orizaba,388,112875,2026-08-08T16:45:00,10,2D,ESPAÑOL,Tradicional,insaciable
cinepolis-plaza-valle-orizaba,388,112877,2026-08-08T22:10:00,10,2D,ESPAÑOL,Tradicional,insaciable
cinepolis-plaza-valle-orizaba,388,112876,2026-08-08T19:40:00,10,2D,SUBTITULADA,Tradicional,insaciable
cinepolis-plaza-valle-orizaba,388,113221,2026-08-09T11:10:00,10,2D,ESPAÑOL,Tradicional,insaciable
cinepolis-plaza-valle-orizaba,388,113222,2026-08-09T13:50:00,10,2D,ESPAÑOL,Tradicional,insaciable
cinepolis-plaza-valle-orizaba,388,113223,2026-08-09T16:45:00,10,2D,ESPAÑOL,Tradicional,insaciable
cinepolis-plaza-valle-orizaba,388,113225,2026-08-09T22:10:00,10,2D,ESPAÑOL,Tradicional,insaciable
cinepolis-plaza-valle-orizaba,388,113224,2026-08-09T19:40:00,10,2D,SUBTITULADA,Tradicional,insaciable
cinepolis-plaza-valle-orizaba,388,113082,2026-08-10T12:45:00,10,2D,ESPAÑOL,Tradicional,insaciable
cinepolis-plaza-valle-orizaba,388,113083,2026-08-10T15:25:00,10,2D,ESPAÑOL,Tradicional,insaciable
cinepolis-plaza-valle-orizaba,388,113084,2026-08-10T18:55:00,10,2D,ESPAÑOL,Tradicional,insaciable
cinepolis-plaza-valle-orizaba,388,113085,2026-08-10T21:25:00,10,2D,ESPAÑOL,Tradicional,insaciable
cinepolis-plaza-valle-orizaba,388,113128,2026-08-11T12:45:00,10,2D,ESPAÑOL,Tradicional,insaciable
cinepolis-plaza-valle-orizaba,388,113129,2026-08-11T15:25:00,10,2D,ESPAÑOL,Tradicional,insaciable
cinepolis-plaza-valle-orizaba,388,113175,2026-08-12T12:45:00,10,2D,ESPAÑOL,Tradicional,insaciable
cinepolis-plaza-valle-orizaba,388,113176,2026-08-12T15:25:00,10,2D,ESPAÑOL,Tradicional,insaciable
cinepolis-plaza-valle-orizaba,388,113177,2026-08-12T18:55:00,10,2D,ESPAÑOL,Tradicional,insaciable
cinepolis-plaza-valle-orizaba,388,113178,2026-08-12T21:25:00,10,2D,ESPAÑOL,Tradicional,insaciable
cinepolis-plaza-valle-orizaba,388,113019,2026-08-07T14:30:00,6,2D,ESPAÑOL,Tradicional,la-muerte-de-robin-hood
cinepolis-plaza-valle-orizaba,388,113020,2026-08-07T17:05:00,6,2D,ESPAÑOL,Tradicional,la-muerte-de-robin-hood
cinepolis-plaza-valle-orizaba,388,113021,2026-08-07T19:40:00,6,2D,SUBTITULADA,Tradicional,la-muerte-de-robin-hood
cinepolis-plaza-valle-orizaba,388,113022,2026-08-07T22:15:00,6,2D,SUBTITULADA,Tradicional,la-muerte-de-robin-hood
cinepolis-plaza-valle-orizaba,388,112776,2026-08-08T12:15:00,6,2D,ESPAÑOL,Tradicional,la-muerte-de-robin-hood
cinepolis-plaza-valle-orizaba,388,112777,2026-08-08T15:30:00,6,2D,ESPAÑOL,Tradicional,la-muerte-de-robin-hood
cinepolis-plaza-valle-orizaba,388,112779,2026-08-08T21:15:00,6,2D,ESPAÑOL,Tradicional,la-muerte-de-robin-hood
cinepolis-plaza-valle-orizaba,388,112778,2026-08-08T18:05:00,6,2D,SUBTITULADA,Tradicional,la-muerte-de-robin-hood
cinepolis-plaza-valle-orizaba,388,113205,2026-08-09T12:15:00,6,2D,ESPAÑOL,Tradicional,la-muerte-de-robin-hood
cinepolis-plaza-valle-orizaba,388,113206,2026-08-09T15:30:00,6,2D,ESPAÑOL,Tradicional,la-muerte-de-robin-hood
cinepolis-plaza-valle-orizaba,388,113208,2026-08-09T21:15:00,6,2D,ESPAÑOL,Tradicional,la-muerte-de-robin-hood
cinepolis-plaza-valle-orizaba,388,113207,2026-08-09T18:05:00,6,2D,SUBTITULADA,Tradicional,la-muerte-de-robin-hood
cinepolis-plaza-valle-orizaba,388,113065,2026-08-10T11:55:00,6,2D,ESPAÑOL,Tradicional,la-muerte-de-robin-hood
cinepolis-plaza-valle-orizaba,388,113066,2026-08-10T14:30:00,6,2D,ESPAÑOL,Tradicional,la-muerte-de-robin-hood
cinepolis-plaza-valle-orizaba,388,113067,2026-08-10T17:05:00,6,2D,ESPAÑOL,Tradicional,la-muerte-de-robin-hood
cinepolis-plaza-valle-orizaba,388,113068,2026-08-10T19:40:00,6,2D,SUBTITULADA,Tradicional,la-muerte-de-robin-hood
cinepolis-plaza-valle-orizaba,388,113069,2026-08-10T22:15:00,6,2D,SUBTITULADA,Tradicional,la-muerte-de-robin-hood
cinepolis-plaza-valle-orizaba,388,113111,2026-08-11T11:55:00,6,2D,ESPAÑOL,Tradicional,la-muerte-de-robin-hood
cinepolis-plaza-valle-orizaba,388,113112,2026-08-11T14:30:00,6,2D,ESPAÑOL,Tradicional,la-muerte-de-robin-hood
cinepolis-plaza-valle-orizaba,388,113113,2026-08-11T17:05:00,6,2D,ESPAÑOL,Tradicional,la-muerte-de-robin-hood
cinepolis-plaza-valle-orizaba,388,113114,2026-08-11T19:40:00,6,2D,SUBTITULADA,Tradicional,la-muerte-de-robin-hood
cinepolis-plaza-valle-orizaba,388,113115,2026-08-11T22:15:00,6,2D,SUBTITULADA,Tradicional,la-muerte-de-robin-hood
cinepolis-plaza-valle-orizaba,388,113158,2026-08-12T11:55:00,6,2D,ESPAÑOL,Tradicional,la-muerte-de-robin-hood
cinepolis-plaza-valle-orizaba,388,113159,2026-08-12T14:30:00,6,2D,ESPAÑOL,Tradicional,la-muerte-de-robin-hood
cinepolis-plaza-valle-orizaba,388,113160,2026-08-12T17:05:00,6,2D,ESPAÑOL,Tradicional,la-muerte-de-robin-hood
cinepolis-plaza-valle-orizaba,388,113161,2026-08-12T19:40:00,6,2D,SUBTITULADA,Tradicional,la-muerte-de-robin-hood
cinepolis-plaza-valle-orizaba,388,113162,2026-08-12T22:15:00,6,2D,SUBTITULADA,Tradicional,la-muerte-de-robin-hood
cinepolis-plaza-valle-orizaba,388,113004,2026-08-07T17:20:00,2,2D,ESPAÑOL,Tradicional,la-odisea
cinepolis-plaza-valle-orizaba,388,113013,2026-08-07T19:00:00,4,2D,ESPAÑOL,Tradicional,la-odisea
cinepolis-plaza-valle-orizaba,388,113012,2026-08-07T15:15:00,4,2D,SUBTITULADA,Tradicional,la-odisea
cinepolis-plaza-valle-orizaba,388,113005,2026-08-07T20:45:00,2,2D,SUBTITULADA,Tradicional,la-odisea
cinepolis-plaza-valle-orizaba,388,112897,2026-08-08T11:20:00,4,2D,ESPAÑOL,Tradicional,la-odisea
cinepolis-plaza-valle-orizaba,388,112898,2026-08-08T14:55:00,4,2D,ESPAÑOL,Tradicional,la-odisea
cinepolis-plaza-valle-orizaba,388,112900,2026-08-08T20:55:00,4,2D,ESPAÑOL,Tradicional,la-odisea
cinepolis-plaza-valle-orizaba,388,112829,2026-08-08T21:45:00,9,2D,ESPAÑOL,Tradicional,la-odisea
cinepolis-plaza-valle-orizaba,388,112828,2026-08-08T18:15:00,9,2D,SUBTITULADA,Tradicional,la-odisea
cinepolis-plaza-valle-orizaba,388,113197,2026-08-09T11:20:00,4,2D,ESPAÑOL,Tradicional,la-odisea
cinepolis-plaza-valle-orizaba,388,113198,2026-08-09T14:55:00,4,2D,ESPAÑOL,Tradicional,la-odisea
cinepolis-plaza-valle-orizaba,388,113200,2026-08-09T20:55:00,4,2D,ESPAÑOL,Tradicional,la-odisea
cinepolis-plaza-valle-orizaba,388,113220,2026-08-09T21:45:00,9,2D,ESPAÑOL,Tradicional,la-odisea
cinepolis-plaza-valle-orizaba,388,113219,2026-08-09T18:15:00,9,2D,SUBTITULADA,Tradicional,la-odisea
cinepolis-plaza-valle-orizaba,388,113050,2026-08-10T13:10:00,2,2D,ESPAÑOL,Tradicional,la-odisea
cinepolis-plaza-valle-orizaba,388,113051,2026-08-10T17:20:00,2,2D,ESPAÑOL,Tradicional,la-odisea
cinepolis-plaza-valle-orizaba,388,113060,2026-08-10T19:00:00,4,2D,ESPAÑOL,Tradicional,la-odisea
cinepolis-plaza-valle-orizaba,388,113059,2026-08-10T15:15:00,4,2D,SUBTITULADA,Tradicional,la-odisea
cinepolis-plaza-valle-orizaba,388,113052,2026-08-10T20:45:00,2,2D,SUBTITULADA,Tradicional,la-odisea
cinepolis-plaza-valle-orizaba,388,113097,2026-08-11T13:10:00,2,2D,ESPAÑOL,Tradicional,la-odisea
cinepolis-plaza-valle-orizaba,388,113098,2026-08-11T17:20:00,2,2D,ESPAÑOL,Tradicional,la-odisea
cinepolis-plaza-valle-orizaba,388,113106,2026-08-11T15:15:00,4,2D,SUBTITULADA,Tradicional,la-odisea
cinepolis-plaza-valle-orizaba,388,113099,2026-08-11T20:45:00,2,2D,SUBTITULADA,Tradicional,la-odisea
cinepolis-plaza-valle-orizaba,388,113143,2026-08-12T13:10:00,2,2D,ESPAÑOL,Tradicional,la-odisea
cinepolis-plaza-valle-orizaba,388,113144,2026-08-12T17:20:00,2,2D,ESPAÑOL,Tradicional,la-odisea
cinepolis-plaza-valle-orizaba,388,113153,2026-08-12T19:00:00,4,2D,ESPAÑOL,Tradicional,la-odisea
cinepolis-plaza-valle-orizaba,388,113152,2026-08-12T15:15:00,4,2D,SUBTITULADA,Tradicional,la-odisea
cinepolis-plaza-valle-orizaba,388,113145,2026-08-12T20:45:00,2,2D,SUBTITULADA,Tradicional,la-odisea
cinepolis-plaza-valle-orizaba,388,113235,2026-08-15T21:00:00,8,2D,ESPAÑOL,Tradicional,lmd-solo-la-mas-2
cinepolis-plaza-valle-orizaba,388,113236,2026-08-15T21:00:00,7,2D,ESPAÑOL,Tradicional,lmd-solo-la-mas-2
cinepolis-plaza-valle-orizaba,388,113028,2026-08-07T15:30:00,8,2D,ESPAÑOL,Tradicional,marsupilami-caos-a-bordo
cinepolis-plaza-valle-orizaba,388,112826,2026-08-08T12:20:00,9,2D,ESPAÑOL,Tradicional,marsupilami-caos-a-bordo
cinepolis-plaza-valle-orizaba,388,112827,2026-08-08T15:40:00,9,2D,ESPAÑOL,Tradicional,marsupilami-caos-a-bordo
cinepolis-plaza-valle-orizaba,388,113217,2026-08-09T12:20:00,9,2D,ESPAÑOL,Tradicional,marsupilami-caos-a-bordo
cinepolis-plaza-valle-orizaba,388,113218,2026-08-09T15:40:00,9,2D,ESPAÑOL,Tradicional,marsupilami-caos-a-bordo
cinepolis-plaza-valle-orizaba,388,113074,2026-08-10T13:00:00,8,2D,ESPAÑOL,Tradicional,marsupilami-caos-a-bordo
cinepolis-plaza-valle-orizaba,388,113075,2026-08-10T15:30:00,8,2D,ESPAÑOL,Tradicional,marsupilami-caos-a-bordo
cinepolis-plaza-valle-orizaba,388,113120,2026-08-11T13:00:00,8,2D,ESPAÑOL,Tradicional,marsupilami-caos-a-bordo
cinepolis-plaza-valle-orizaba,388,113121,2026-08-11T15:30:00,8,2D,ESPAÑOL,Tradicional,marsupilami-caos-a-bordo
cinepolis-plaza-valle-orizaba,388,113167,2026-08-12T13:00:00,8,2D,ESPAÑOL,Tradicional,marsupilami-caos-a-bordo
cinepolis-plaza-valle-orizaba,388,113168,2026-08-12T15:30:00,8,2D,ESPAÑOL,Tradicional,marsupilami-caos-a-bordo
cinepolis-plaza-valle-orizaba,388,113029,2026-08-07T18:05:00,8,2D,ESPAÑOL,Tradicional,minions-y-monstruos
cinepolis-plaza-valle-orizaba,388,112724,2026-08-08T12:05:00,3,2D,ESPAÑOL,Tradicional,minions-y-monstruos
cinepolis-plaza-valle-orizaba,388,113193,2026-08-09T12:05:00,3,2D,ESPAÑOL,Tradicional,minions-y-monstruos
cinepolis-plaza-valle-orizaba,388,113078,2026-08-10T12:35:00,9,2D,ESPAÑOL,Tradicional,minions-y-monstruos
cinepolis-plaza-valle-orizaba,388,113076,2026-08-10T18:05:00,8,2D,ESPAÑOL,Tradicional,minions-y-monstruos
cinepolis-plaza-valle-orizaba,388,113124,2026-08-11T12:35:00,9,2D,ESPAÑOL,Tradicional,minions-y-monstruos
cinepolis-plaza-valle-orizaba,388,113122,2026-08-11T18:05:00,8,2D,ESPAÑOL,Tradicional,minions-y-monstruos
cinepolis-plaza-valle-orizaba,388,113171,2026-08-12T12:35:00,9,2D,ESPAÑOL,Tradicional,minions-y-monstruos
cinepolis-plaza-valle-orizaba,388,113169,2026-08-12T18:05:00,8,2D,ESPAÑOL,Tradicional,minions-y-monstruos
cinepolis-plaza-valle-orizaba,388,111583,2026-08-11T19:00:00,4,2D,SUBTITULADA,Tradicional,nimrods-una-comedia-de-green-day
cinepolis-plaza-valle-orizaba,388,111584,2026-08-14T19:00:00,4,2D,SUBTITULADA,Tradicional,nimrods-una-comedia-de-green-day
cinepolis-plaza-valle-orizaba,388,112320,2026-08-12T12:10:00,12,2D,ESPAÑOL,Tradicional,paw-patrol-la-dino-pelicula
cinepolis-plaza-valle-orizaba,388,112321,2026-08-12T14:35:00,12,2D,ESPAÑOL,Tradicional,paw-patrol-la-dino-pelicula
cinepolis-plaza-valle-orizaba,388,112322,2026-08-12T16:55:00,12,2D,ESPAÑOL,Tradicional,paw-patrol-la-dino-pelicula
cinepolis-plaza-valle-orizaba,388,112323,2026-08-12T19:00:00,12,2D,ESPAÑOL,Tradicional,paw-patrol-la-dino-pelicula
cinepolis-plaza-valle-orizaba,388,112336,2026-08-13T14:15:00,3,2D,ESPAÑOL,Tradicional,paw-patrol-la-dino-pelicula
cinepolis-plaza-valle-orizaba,388,112337,2026-08-13T16:25:00,3,2D,ESPAÑOL,Tradicional,paw-patrol-la-dino-pelicula
cinepolis-plaza-valle-orizaba,388,112338,2026-08-13T18:25:00,3,2D,ESPAÑOL,Tradicional,paw-patrol-la-dino-pelicula
cinepolis-plaza-valle-orizaba,388,112339,2026-08-13T20:30:00,3,2D,ESPAÑOL,Tradicional,paw-patrol-la-dino-pelicula
cinepolis-plaza-valle-orizaba,388,112340,2026-08-14T14:15:00,3,2D,ESPAÑOL,Tradicional,paw-patrol-la-dino-pelicula
cinepolis-plaza-valle-orizaba,388,112341,2026-08-14T16:25:00,3,2D,ESPAÑOL,Tradicional,paw-patrol-la-dino-pelicula
cinepolis-plaza-valle-orizaba,388,112342,2026-08-14T18:25:00,3,2D,ESPAÑOL,Tradicional,paw-patrol-la-dino-pelicula
cinepolis-plaza-valle-orizaba,388,112343,2026-08-14T20:30:00,3,2D,ESPAÑOL,Tradicional,paw-patrol-la-dino-pelicula
cinepolis-plaza-valle-orizaba,388,112344,2026-08-15T12:30:00,3,2D,ESPAÑOL,Tradicional,paw-patrol-la-dino-pelicula
cinepolis-plaza-valle-orizaba,388,112345,2026-08-15T14:30:00,3,2D,ESPAÑOL,Tradicional,paw-patrol-la-dino-pelicula
cinepolis-plaza-valle-orizaba,388,112346,2026-08-15T16:30:00,3,2D,ESPAÑOL,Tradicional,paw-patrol-la-dino-pelicula
cinepolis-plaza-valle-orizaba,388,112347,2026-08-15T18:30:00,3,2D,ESPAÑOL,Tradicional,paw-patrol-la-dino-pelicula
cinepolis-plaza-valle-orizaba,388,112348,2026-08-15T20:30:00,3,2D,ESPAÑOL,Tradicional,paw-patrol-la-dino-pelicula
cinepolis-plaza-valle-orizaba,388,112349,2026-08-16T12:30:00,3,2D,ESPAÑOL,Tradicional,paw-patrol-la-dino-pelicula
cinepolis-plaza-valle-orizaba,388,112350,2026-08-16T14:30:00,3,2D,ESPAÑOL,Tradicional,paw-patrol-la-dino-pelicula
cinepolis-plaza-valle-orizaba,388,112351,2026-08-16T16:30:00,3,2D,ESPAÑOL,Tradicional,paw-patrol-la-dino-pelicula
cinepolis-plaza-valle-orizaba,388,112352,2026-08-16T18:30:00,3,2D,ESPAÑOL,Tradicional,paw-patrol-la-dino-pelicula
cinepolis-plaza-valle-orizaba,388,112353,2026-08-16T20:30:00,3,2D,ESPAÑOL,Tradicional,paw-patrol-la-dino-pelicula
cinepolis-plaza-valle-orizaba,388,112324,2026-08-17T14:15:00,3,2D,ESPAÑOL,Tradicional,paw-patrol-la-dino-pelicula
cinepolis-plaza-valle-orizaba,388,112325,2026-08-17T16:25:00,3,2D,ESPAÑOL,Tradicional,paw-patrol-la-dino-pelicula
cinepolis-plaza-valle-orizaba,388,112326,2026-08-17T18:25:00,3,2D,ESPAÑOL,Tradicional,paw-patrol-la-dino-pelicula
cinepolis-plaza-valle-orizaba,388,112327,2026-08-17T20:30:00,3,2D,ESPAÑOL,Tradicional,paw-patrol-la-dino-pelicula
cinepolis-plaza-valle-orizaba,388,112328,2026-08-18T14:15:00,3,2D,ESPAÑOL,Tradicional,paw-patrol-la-dino-pelicula
cinepolis-plaza-valle-orizaba,388,112329,2026-08-18T16:25:00,3,2D,ESPAÑOL,Tradicional,paw-patrol-la-dino-pelicula
cinepolis-plaza-valle-orizaba,388,112330,2026-08-18T18:25:00,3,2D,ESPAÑOL,Tradicional,paw-patrol-la-dino-pelicula
cinepolis-plaza-valle-orizaba,388,112331,2026-08-18T20:30:00,3,2D,ESPAÑOL,Tradicional,paw-patrol-la-dino-pelicula
cinepolis-plaza-valle-orizaba,388,112332,2026-08-19T14:15:00,3,2D,ESPAÑOL,Tradicional,paw-patrol-la-dino-pelicula
cinepolis-plaza-valle-orizaba,388,112333,2026-08-19T16:25:00,3,2D,ESPAÑOL,Tradicional,paw-patrol-la-dino-pelicula
cinepolis-plaza-valle-orizaba,388,112334,2026-08-19T18:25:00,3,2D,ESPAÑOL,Tradicional,paw-patrol-la-dino-pelicula
cinepolis-plaza-valle-orizaba,388,112335,2026-08-19T20:30:00,3,2D,ESPAÑOL,Tradicional,paw-patrol-la-dino-pelicula
cinepolis-plaza-valle-orizaba,388,112366,2026-08-27T17:05:00,12,2D,ESPAÑOL,Tradicional,sagrado-corazon
cinepolis-plaza-valle-orizaba,388,112367,2026-08-27T19:20:00,12,2D,ESPAÑOL,Tradicional,sagrado-corazon
cinepolis-plaza-valle-orizaba,388,112354,2026-08-28T17:05:00,12,2D,ESPAÑOL,Tradicional,sagrado-corazon
cinepolis-plaza-valle-orizaba,388,112355,2026-08-28T19:20:00,12,2D,ESPAÑOL,Tradicional,sagrado-corazon
cinepolis-plaza-valle-orizaba,388,112356,2026-08-29T15:50:00,12,2D,ESPAÑOL,Tradicional,sagrado-corazon
cinepolis-plaza-valle-orizaba,388,112357,2026-08-29T18:05:00,12,2D,ESPAÑOL,Tradicional,sagrado-corazon
cinepolis-plaza-valle-orizaba,388,112358,2026-08-30T15:50:00,12,2D,ESPAÑOL,Tradicional,sagrado-corazon
cinepolis-plaza-valle-orizaba,388,112359,2026-08-30T18:05:00,12,2D,ESPAÑOL,Tradicional,sagrado-corazon
cinepolis-plaza-valle-orizaba,388,112360,2026-08-31T17:05:00,12,2D,ESPAÑOL,Tradicional,sagrado-corazon
cinepolis-plaza-valle-orizaba,388,112361,2026-08-31T19:20:00,12,2D,ESPAÑOL,Tradicional,sagrado-corazon
cinepolis-plaza-valle-orizaba,388,112364,2026-09-01T17:05:00,12,2D,ESPAÑOL,Tradicional,sagrado-corazon
cinepolis-plaza-valle-orizaba,388,112365,2026-09-01T19:20:00,12,2D,ESPAÑOL,Tradicional,sagrado-corazon
cinepolis-plaza-valle-orizaba,388,112362,2026-09-02T17:05:00,12,2D,ESPAÑOL,Tradicional,sagrado-corazon
cinepolis-plaza-valle-orizaba,388,112363,2026-09-02T19:20:00,12,2D,ESPAÑOL,Tradicional,sagrado-corazon
cinepolis-plaza-valle-orizaba,388,113039,2026-08-07T14:05:00,11,2D,ESPAÑOL,Tradicional,spider-man-un-nuevo-dia
cinepolis-plaza-valle-orizaba,388,113024,2026-08-07T14:55:00,7,2D,ESPAÑOL,Tradicional,spider-man-un-nuevo-dia
cinepolis-plaza-valle-orizaba,388,113000,2026-08-07T15:10:00,1,2D,ESPAÑOL,Tradicional,spider-man-un-nuevo-dia
cinepolis-plaza-valle-orizaba,388,113015,2026-08-07T16:00:00,5,2D,ESPAÑOL,XE,spider-man-un-nuevo-dia
cinepolis-plaza-valle-orizaba,388,113040,2026-08-07T17:10:00,11,2D,ESPAÑOL,Tradicional,spider-man-un-nuevo-dia
cinepolis-plaza-valle-orizaba,388,113033,2026-08-07T17:35:00,9,2D,ESPAÑOL,Tradicional,spider-man-un-nuevo-dia
cinepolis-plaza-valle-orizaba,388,113025,2026-08-07T18:00:00,7,2D,ESPAÑOL,Tradicional,spider-man-un-nuevo-dia
cinepolis-plaza-valle-orizaba,388,113001,2026-08-07T18:15:00,1,2D,ESPAÑOL,Tradicional,spider-man-un-nuevo-dia
cinepolis-plaza-valle-orizaba,388,113016,2026-08-07T19:05:00,5,3D,ESPAÑOL,XE,spider-man-un-nuevo-dia
cinepolis-plaza-valle-orizaba,388,113041,2026-08-07T20:15:00,11,2D,ESPAÑOL,Tradicional,spider-man-un-nuevo-dia
cinepolis-plaza-valle-orizaba,388,113034,2026-08-07T20:40:00,9,2D,ESPAÑOL,Tradicional,spider-man-un-nuevo-dia
cinepolis-plaza-valle-orizaba,388,113026,2026-08-07T21:05:00,7,2D,ESPAÑOL,Tradicional,spider-man-un-nuevo-dia
cinepolis-plaza-valle-orizaba,388,113002,2026-08-07T21:20:00,1,2D,ESPAÑOL,Tradicional,spider-man-un-nuevo-dia
cinepolis-plaza-valle-orizaba,388,113017,2026-08-07T22:10:00,5,2D,ESPAÑOL,XE,spider-man-un-nuevo-dia
cinepolis-plaza-valle-orizaba,388,113044,2026-08-07T18:50:00,12,2D,SUBTITULADA,Tradicional,spider-man-un-nuevo-dia
cinepolis-plaza-valle-orizaba,388,113045,2026-08-07T21:50:00,12,2D,SUBTITULADA,Tradicional,spider-man-un-nuevo-dia
cinepolis-plaza-valle-orizaba,388,112942,2026-08-08T10:50:00,5,3D,ESPAÑOL,XE,spider-man-un-nuevo-dia
cinepolis-plaza-valle-orizaba,388,112964,2026-08-08T11:50:00,2,2D,ESPAÑOL,Tradicional,spider-man-un-nuevo-dia
cinepolis-plaza-valle-orizaba,388,112750,2026-08-08T12:10:00,7,2D,ESPAÑOL,Tradicional,spider-man-un-nuevo-dia
cinepolis-plaza-valle-orizaba,388,112802,2026-08-08T12:35:00,1,2D,ESPAÑOL,Tradicional,spider-man-un-nuevo-dia
cinepolis-plaza-valle-orizaba,388,112919,2026-08-08T13:35:00,8,2D,ESPAÑOL,Tradicional,spider-man-un-nuevo-dia
cinepolis-plaza-valle-orizaba,388,112943,2026-08-08T13:55:00,5,2D,ESPAÑOL,XE,spider-man-un-nuevo-dia
cinepolis-plaza-valle-orizaba,388,112725,2026-08-08T14:30:00,3,2D,ESPAÑOL,Tradicional,spider-man-un-nuevo-dia
cinepolis-plaza-valle-orizaba,388,112965,2026-08-08T14:50:00,2,2D,ESPAÑOL,Tradicional,spider-man-un-nuevo-dia
cinepolis-plaza-valle-orizaba,388,112751,2026-08-08T15:10:00,7,2D,ESPAÑOL,Tradicional,spider-man-un-nuevo-dia
cinepolis-plaza-valle-orizaba,388,112803,2026-08-08T15:45:00,1,2D,ESPAÑOL,Tradicional,spider-man-un-nuevo-dia
cinepolis-plaza-valle-orizaba,388,112920,2026-08-08T16:50:00,8,2D,ESPAÑOL,Tradicional,spider-man-un-nuevo-dia
cinepolis-plaza-valle-orizaba,388,112944,2026-08-08T17:10:00,5,3D,ESPAÑOL,XE,spider-man-un-nuevo-dia
cinepolis-plaza-valle-orizaba,388,112726,2026-08-08T17:30:00,3,2D,ESPAÑOL,Tradicional,spider-man-un-nuevo-dia
cinepolis-plaza-valle-orizaba,388,112966,2026-08-08T17:50:00,2,2D,ESPAÑOL,Tradicional,spider-man-un-nuevo-dia
cinepolis-plaza-valle-orizaba,388,112752,2026-08-08T18:10:00,7,2D,ESPAÑOL,Tradicional,spider-man-un-nuevo-dia
cinepolis-plaza-valle-orizaba,388,112921,2026-08-08T20:05:00,8,2D,ESPAÑOL,Tradicional,spider-man-un-nuevo-dia
cinepolis-plaza-valle-orizaba,388,112945,2026-08-08T20:25:00,5,2D,ESPAÑOL,XE,spider-man-un-nuevo-dia
cinepolis-plaza-valle-orizaba,388,112967,2026-08-08T21:00:00,2,2D,ESPAÑOL,Tradicional,spider-man-un-nuevo-dia
cinepolis-plaza-valle-orizaba,388,112753,2026-08-08T21:20:00,7,2D,ESPAÑOL,Tradicional,spider-man-un-nuevo-dia
cinepolis-plaza-valle-orizaba,388,112727,2026-08-08T21:40:00,3,2D,ESPAÑOL,Tradicional,spider-man-un-nuevo-dia
cinepolis-plaza-valle-orizaba,388,112805,2026-08-08T22:05:00,1,2D,ESPAÑOL,Tradicional,spider-man-un-nuevo-dia
cinepolis-plaza-valle-orizaba,388,112984,2026-08-08T12:30:00,11,2D,SUBTITULADA,Tradicional,spider-man-un-nuevo-dia
cinepolis-plaza-valle-orizaba,388,112986,2026-08-08T18:30:00,11,2D,SUBTITULADA,Tradicional,spider-man-un-nuevo-dia
cinepolis-plaza-valle-orizaba,388,112804,2026-08-08T18:55:00,1,2D,SUBTITULADA,Tradicional,spider-man-un-nuevo-dia
cinepolis-plaza-valle-orizaba,388,112987,2026-08-08T21:50:00,11,2D,SUBTITULADA,Tradicional,spider-man-un-nuevo-dia
cinepolis-plaza-valle-orizaba,388,113201,2026-08-09T10:50:00,5,3D,ESPAÑOL,XE,spider-man-un-nuevo-dia
cinepolis-plaza-valle-orizaba,388,113189,2026-08-09T11:50:00,2,2D,ESPAÑOL,Tradicional,spider-man-un-nuevo-dia
cinepolis-plaza-valle-orizaba,388,113209,2026-08-09T12:10:00,7,2D,ESPAÑOL,Tradicional,spider-man-un-nuevo-dia
cinepolis-plaza-valle-orizaba,388,113185,2026-08-09T12:35:00,1,2D,ESPAÑOL,Tradicional,spider-man-un-nuevo-dia
cinepolis-plaza-valle-orizaba,388,113214,2026-08-09T13:35:00,8,2D,ESPAÑOL,Tradicional,spider-man-un-nuevo-dia
cinepolis-plaza-valle-orizaba,388,113202,2026-08-09T13:55:00,5,2D,ESPAÑOL,XE,spider-man-un-nuevo-dia
cinepolis-plaza-valle-orizaba,388,113194,2026-08-09T14:30:00,3,2D,ESPAÑOL,Tradicional,spider-man-un-nuevo-dia
cinepolis-plaza-valle-orizaba,388,113190,2026-08-09T14:50:00,2,2D,ESPAÑOL,Tradicional,spider-man-un-nuevo-dia
cinepolis-plaza-valle-orizaba,388,113210,2026-08-09T15:10:00,7,2D,ESPAÑOL,Tradicional,spider-man-un-nuevo-dia
cinepolis-plaza-valle-orizaba,388,113186,2026-08-09T15:45:00,1,2D,ESPAÑOL,Tradicional,spider-man-un-nuevo-dia
cinepolis-plaza-valle-orizaba,388,113215,2026-08-09T16:50:00,8,2D,ESPAÑOL,Tradicional,spider-man-un-nuevo-dia
cinepolis-plaza-valle-orizaba,388,113203,2026-08-09T17:10:00,5,3D,ESPAÑOL,XE,spider-man-un-nuevo-dia
cinepolis-plaza-valle-orizaba,388,113195,2026-08-09T17:30:00,3,2D,ESPAÑOL,Tradicional,spider-man-un-nuevo-dia
cinepolis-plaza-valle-orizaba,388,113191,2026-08-09T17:50:00,2,2D,ESPAÑOL,Tradicional,spider-man-un-nuevo-dia
cinepolis-plaza-valle-orizaba,388,113211,2026-08-09T18:10:00,7,2D,ESPAÑOL,Tradicional,spider-man-un-nuevo-dia
cinepolis-plaza-valle-orizaba,388,113216,2026-08-09T20:05:00,8,2D,ESPAÑOL,Tradicional,spider-man-un-nuevo-dia
cinepolis-plaza-valle-orizaba,388,113204,2026-08-09T20:25:00,5,2D,ESPAÑOL,XE,spider-man-un-nuevo-dia
cinepolis-plaza-valle-orizaba,388,113192,2026-08-09T21:00:00,2,2D,ESPAÑOL,Tradicional,spider-man-un-nuevo-dia
cinepolis-plaza-valle-orizaba,388,113212,2026-08-09T21:20:00,7,2D,ESPAÑOL,Tradicional,spider-man-un-nuevo-dia
cinepolis-plaza-valle-orizaba,388,113196,2026-08-09T21:40:00,3,2D,ESPAÑOL,Tradicional,spider-man-un-nuevo-dia
cinepolis-plaza-valle-orizaba,388,113188,2026-08-09T22:05:00,1,2D,ESPAÑOL,Tradicional,spider-man-un-nuevo-dia
cinepolis-plaza-valle-orizaba,388,113226,2026-08-09T12:30:00,11,2D,SUBTITULADA,Tradicional,spider-man-un-nuevo-dia
cinepolis-plaza-valle-orizaba,388,113228,2026-08-09T18:30:00,11,2D,SUBTITULADA,Tradicional,spider-man-un-nuevo-dia
cinepolis-plaza-valle-orizaba,388,113187,2026-08-09T18:55:00,1,2D,SUBTITULADA,Tradicional,spider-man-un-nuevo-dia
cinepolis-plaza-valle-orizaba,388,113229,2026-08-09T21:50:00,11,2D,SUBTITULADA,Tradicional,spider-man-un-nuevo-dia
cinepolis-plaza-valle-orizaba,388,113070,2026-08-10T11:50:00,7,2D,ESPAÑOL,Tradicional,spider-man-un-nuevo-dia
cinepolis-plaza-valle-orizaba,388,113046,2026-08-10T12:05:00,1,2D,ESPAÑOL,Tradicional,spider-man-un-nuevo-dia
cinepolis-plaza-valle-orizaba,388,113061,2026-08-10T12:55:00,5,3D,ESPAÑOL,XE,spider-man-un-nuevo-dia
cinepolis-plaza-valle-orizaba,388,113086,2026-08-10T14:05:00,11,2D,ESPAÑOL,Tradicional,spider-man-un-nuevo-dia
cinepolis-plaza-valle-orizaba,388,113071,2026-08-10T14:55:00,7,2D,ESPAÑOL,Tradicional,spider-man-un-nuevo-dia
cinepolis-plaza-valle-orizaba,388,113047,2026-08-10T15:10:00,1,2D,ESPAÑOL,Tradicional,spider-man-un-nuevo-dia
cinepolis-plaza-valle-orizaba,388,113062,2026-08-10T16:00:00,5,2D,ESPAÑOL,XE,spider-man-un-nuevo-dia
cinepolis-plaza-valle-orizaba,388,113087,2026-08-10T17:10:00,11,2D,ESPAÑOL,Tradicional,spider-man-un-nuevo-dia
cinepolis-plaza-valle-orizaba,388,113080,2026-08-10T17:35:00,9,2D,ESPAÑOL,Tradicional,spider-man-un-nuevo-dia
cinepolis-plaza-valle-orizaba,388,113072,2026-08-10T18:00:00,7,2D,ESPAÑOL,Tradicional,spider-man-un-nuevo-dia
cinepolis-plaza-valle-orizaba,388,113048,2026-08-10T18:15:00,1,2D,ESPAÑOL,Tradicional,spider-man-un-nuevo-dia
cinepolis-plaza-valle-orizaba,388,113063,2026-08-10T19:05:00,5,3D,ESPAÑOL,XE,spider-man-un-nuevo-dia
cinepolis-plaza-valle-orizaba,388,113088,2026-08-10T20:15:00,11,2D,ESPAÑOL,Tradicional,spider-man-un-nuevo-dia
cinepolis-plaza-valle-orizaba,388,113081,2026-08-10T20:40:00,9,2D,ESPAÑOL,Tradicional,spider-man-un-nuevo-dia
cinepolis-plaza-valle-orizaba,388,113073,2026-08-10T21:05:00,7,2D,ESPAÑOL,Tradicional,spider-man-un-nuevo-dia
cinepolis-plaza-valle-orizaba,388,113049,2026-08-10T21:20:00,1,2D,ESPAÑOL,Tradicional,spider-man-un-nuevo-dia
cinepolis-plaza-valle-orizaba,388,113064,2026-08-10T22:10:00,5,2D,ESPAÑOL,XE,spider-man-un-nuevo-dia
cinepolis-plaza-valle-orizaba,388,113089,2026-08-10T12:40:00,12,2D,SUBTITULADA,Tradicional,spider-man-un-nuevo-dia
cinepolis-plaza-valle-orizaba,388,113091,2026-08-10T18:50:00,12,2D,SUBTITULADA,Tradicional,spider-man-un-nuevo-dia
cinepolis-plaza-valle-orizaba,388,113092,2026-08-10T21:50:00,12,2D,SUBTITULADA,Tradicional,spider-man-un-nuevo-dia
cinepolis-plaza-valle-orizaba,388,113116,2026-08-11T11:50:00,7,2D,ESPAÑOL,Tradicional,spider-man-un-nuevo-dia
cinepolis-plaza-valle-orizaba,388,113093,2026-08-11T12:05:00,1,2D,ESPAÑOL,Tradicional,spider-man-un-nuevo-dia
cinepolis-plaza-valle-orizaba,388,113107,2026-08-11T12:55:00,5,3D,ESPAÑOL,XE,spider-man-un-nuevo-dia
cinepolis-plaza-valle-orizaba,388,113132,2026-08-11T14:05:00,11,2D,ESPAÑOL,Tradicional,spider-man-un-nuevo-dia
cinepolis-plaza-valle-orizaba,388,113117,2026-08-11T14:55:00,7,2D,ESPAÑOL,Tradicional,spider-man-un-nuevo-dia
cinepolis-plaza-valle-orizaba,388,113094,2026-08-11T15:10:00,1,2D,ESPAÑOL,Tradicional,spider-man-un-nuevo-dia
cinepolis-plaza-valle-orizaba,388,113108,2026-08-11T16:00:00,5,2D,ESPAÑOL,XE,spider-man-un-nuevo-dia
cinepolis-plaza-valle-orizaba,388,113133,2026-08-11T17:10:00,11,2D,ESPAÑOL,Tradicional,spider-man-un-nuevo-dia
cinepolis-plaza-valle-orizaba,388,113126,2026-08-11T17:35:00,9,2D,ESPAÑOL,Tradicional,spider-man-un-nuevo-dia
cinepolis-plaza-valle-orizaba,388,113118,2026-08-11T18:00:00,7,2D,ESPAÑOL,Tradicional,spider-man-un-nuevo-dia
cinepolis-plaza-valle-orizaba,388,113095,2026-08-11T18:15:00,1,2D,ESPAÑOL,Tradicional,spider-man-un-nuevo-dia
cinepolis-plaza-valle-orizaba,388,113109,2026-08-11T19:05:00,5,3D,ESPAÑOL,XE,spider-man-un-nuevo-dia
cinepolis-plaza-valle-orizaba,388,113134,2026-08-11T20:15:00,11,2D,ESPAÑOL,Tradicional,spider-man-un-nuevo-dia
cinepolis-plaza-valle-orizaba,388,113127,2026-08-11T20:40:00,9,2D,ESPAÑOL,Tradicional,spider-man-un-nuevo-dia
cinepolis-plaza-valle-orizaba,388,113119,2026-08-11T21:05:00,7,2D,ESPAÑOL,Tradicional,spider-man-un-nuevo-dia
cinepolis-plaza-valle-orizaba,388,113096,2026-08-11T21:20:00,1,2D,ESPAÑOL,Tradicional,spider-man-un-nuevo-dia
cinepolis-plaza-valle-orizaba,388,113110,2026-08-11T22:10:00,5,2D,ESPAÑOL,XE,spider-man-un-nuevo-dia
cinepolis-plaza-valle-orizaba,388,113135,2026-08-11T12:40:00,12,2D,SUBTITULADA,Tradicional,spider-man-un-nuevo-dia
cinepolis-plaza-valle-orizaba,388,113137,2026-08-11T18:50:00,12,2D,SUBTITULADA,Tradicional,spider-man-un-nuevo-dia
cinepolis-plaza-valle-orizaba,388,113138,2026-08-11T21:50:00,12,2D,SUBTITULADA,Tradicional,spider-man-un-nuevo-dia
cinepolis-plaza-valle-orizaba,388,113163,2026-08-12T11:50:00,7,2D,ESPAÑOL,Tradicional,spider-man-un-nuevo-dia
cinepolis-plaza-valle-orizaba,388,113139,2026-08-12T12:05:00,1,2D,ESPAÑOL,Tradicional,spider-man-un-nuevo-dia
cinepolis-plaza-valle-orizaba,388,113154,2026-08-12T12:55:00,5,3D,ESPAÑOL,XE,spider-man-un-nuevo-dia
cinepolis-plaza-valle-orizaba,388,113179,2026-08-12T14:05:00,11,2D,ESPAÑOL,Tradicional,spider-man-un-nuevo-dia
cinepolis-plaza-valle-orizaba,388,113164,2026-08-12T14:55:00,7,2D,ESPAÑOL,Tradicional,spider-man-un-nuevo-dia
cinepolis-plaza-valle-orizaba,388,113140,2026-08-12T15:10:00,1,2D,ESPAÑOL,Tradicional,spider-man-un-nuevo-dia
cinepolis-plaza-valle-orizaba,388,113155,2026-08-12T16:00:00,5,2D,ESPAÑOL,XE,spider-man-un-nuevo-dia
cinepolis-plaza-valle-orizaba,388,113180,2026-08-12T17:10:00,11,2D,ESPAÑOL,Tradicional,spider-man-un-nuevo-dia
cinepolis-plaza-valle-orizaba,388,113173,2026-08-12T17:35:00,9,2D,ESPAÑOL,Tradicional,spider-man-un-nuevo-dia
cinepolis-plaza-valle-orizaba,388,113165,2026-08-12T18:00:00,7,2D,ESPAÑOL,Tradicional,spider-man-un-nuevo-dia
cinepolis-plaza-valle-orizaba,388,113141,2026-08-12T18:15:00,1,2D,ESPAÑOL,Tradicional,spider-man-un-nuevo-dia
cinepolis-plaza-valle-orizaba,388,113156,2026-08-12T19:05:00,5,3D,ESPAÑOL,XE,spider-man-un-nuevo-dia
cinepolis-plaza-valle-orizaba,388,113181,2026-08-12T20:15:00,11,2D,ESPAÑOL,Tradicional,spider-man-un-nuevo-dia
cinepolis-plaza-valle-orizaba,388,113174,2026-08-12T20:40:00,9,2D,ESPAÑOL,Tradicional,spider-man-un-nuevo-dia
cinepolis-plaza-valle-orizaba,388,113166,2026-08-12T21:05:00,7,2D,ESPAÑOL,Tradicional,spider-man-un-nuevo-dia
cinepolis-plaza-valle-orizaba,388,113142,2026-08-12T21:20:00,1,2D,ESPAÑOL,Tradicional,spider-man-un-nuevo-dia
cinepolis-plaza-valle-orizaba,388,113157,2026-08-12T22:10:00,5,2D,ESPAÑOL,XE,spider-man-un-nuevo-dia
cinepolis-plaza-valle-orizaba,388,113182,2026-08-12T21:50:00,12,2D,SUBTITULADA,Tradicional,spider-man-un-nuevo-dia
cinepolis-plaza-valle-orizaba,388,113032,2026-08-07T15:00:00,9,2D,ESPAÑOL,Tradicional,toy-story-5
cinepolis-plaza-valle-orizaba,388,113043,2026-08-07T16:30:00,12,2D,ESPAÑOL,Tradicional,toy-story-5
cinepolis-plaza-valle-orizaba,388,113030,2026-08-07T20:30:00,8,2D,ESPAÑOL,Tradicional,toy-story-5
cinepolis-plaza-valle-orizaba,388,112918,2026-08-08T10:55:00,8,2D,ESPAÑOL,Tradicional,toy-story-5
cinepolis-plaza-valle-orizaba,388,112985,2026-08-08T16:10:00,11,2D,ESPAÑOL,Tradicional,toy-story-5
cinepolis-plaza-valle-orizaba,388,112899,2026-08-08T18:35:00,4,2D,ESPAÑOL,Tradicional,toy-story-5
cinepolis-plaza-valle-orizaba,388,113213,2026-08-09T10:55:00,8,2D,ESPAÑOL,Tradicional,toy-story-5
cinepolis-plaza-valle-orizaba,388,113227,2026-08-09T16:10:00,11,2D,ESPAÑOL,Tradicional,toy-story-5
cinepolis-plaza-valle-orizaba,388,113199,2026-08-09T18:35:00,4,2D,ESPAÑOL,Tradicional,toy-story-5
cinepolis-plaza-valle-orizaba,388,113058,2026-08-10T12:40:00,4,2D,ESPAÑOL,Tradicional,toy-story-5
cinepolis-plaza-valle-orizaba,388,113079,2026-08-10T15:00:00,9,2D,ESPAÑOL,Tradicional,toy-story-5
cinepolis-plaza-valle-orizaba,388,113090,2026-08-10T16:30:00,12,2D,ESPAÑOL,Tradicional,toy-story-5
cinepolis-plaza-valle-orizaba,388,113077,2026-08-10T20:30:00,8,2D,ESPAÑOL,Tradicional,toy-story-5
cinepolis-plaza-valle-orizaba,388,113105,2026-08-11T12:40:00,4,2D,ESPAÑOL,Tradicional,toy-story-5
cinepolis-plaza-valle-orizaba,388,113125,2026-08-11T15:00:00,9,2D,ESPAÑOL,Tradicional,toy-story-5
cinepolis-plaza-valle-orizaba,388,113136,2026-08-11T16:30:00,12,2D,ESPAÑOL,Tradicional,toy-story-5
cinepolis-plaza-valle-orizaba,388,113123,2026-08-11T20:30:00,8,2D,ESPAÑOL,Tradicional,toy-story-5
cinepolis-plaza-valle-orizaba,388,113151,2026-08-12T12:40:00,4,2D,ESPAÑOL,Tradicional,toy-story-5
cinepolis-plaza-valle-orizaba,388,113172,2026-08-12T15:00:00,9,2D,ESPAÑOL,Tradicional,toy-story-5
cinepolis-plaza-valle-orizaba,388,113170,2026-08-12T20:30:00,8,2D,ESPAÑOL,Tradicional,toy-story-5
cinepolis-rio-blanco-orizaba,609,52890,2026-08-07T14:50:00,3,2D,ESPAÑOL,Tradicional,la-muerte-de-robin-hood
cinepolis-rio-blanco-orizaba,609,52891,2026-08-07T17:50:00,3,2D,ESPAÑOL,Tradicional,la-muerte-de-robin-hood
cinepolis-rio-blanco-orizaba,609,52892,2026-08-07T20:25:00,3,2D,ESPAÑOL,Tradicional,la-muerte-de-robin-hood
cinepolis-rio-blanco-orizaba,609,52842,2026-08-08T11:00:00,2,2D,ESPAÑOL,Tradicional,la-muerte-de-robin-hood
cinepolis-rio-blanco-orizaba,609,52843,2026-08-08T13:40:00,2,2D,ESPAÑOL,Tradicional,la-muerte-de-robin-hood
cinepolis-rio-blanco-orizaba,609,52844,2026-08-08T16:20:00,2,2D,ESPAÑOL,Tradicional,la-muerte-de-robin-hood
cinepolis-rio-blanco-orizaba,609,52845,2026-08-08T19:15:00,2,2D,ESPAÑOL,Tradicional,la-muerte-de-robin-hood
cinepolis-rio-blanco-orizaba,609,52846,2026-08-08T22:00:00,2,2D,ESPAÑOL,Tradicional,la-muerte-de-robin-hood
cinepolis-rio-blanco-orizaba,609,52962,2026-08-09T11:00:00,2,2D,ESPAÑOL,Tradicional,la-muerte-de-robin-hood
cinepolis-rio-blanco-orizaba,609,52963,2026-08-09T13:40:00,2,2D,ESPAÑOL,Tradicional,la-muerte-de-robin-hood
cinepolis-rio-blanco-orizaba,609,52964,2026-08-09T16:20:00,2,2D,ESPAÑOL,Tradicional,la-muerte-de-robin-hood
cinepolis-rio-blanco-orizaba,609,52965,2026-08-09T19:15:00,2,2D,ESPAÑOL,Tradicional,la-muerte-de-robin-hood
cinepolis-rio-blanco-orizaba,609,52966,2026-08-09T22:00:00,2,2D,ESPAÑOL,Tradicional,la-muerte-de-robin-hood
cinepolis-rio-blanco-orizaba,609,52908,2026-08-10T12:15:00,3,2D,ESPAÑOL,Tradicional,la-muerte-de-robin-hood
cinepolis-rio-blanco-orizaba,609,52909,2026-08-10T14:50:00,3,2D,ESPAÑOL,Tradicional,la-muerte-de-robin-hood
cinepolis-rio-blanco-orizaba,609,52910,2026-08-10T17:50:00,3,2D,ESPAÑOL,Tradicional,la-muerte-de-robin-hood
cinepolis-rio-blanco-orizaba,609,52911,2026-08-10T20:25:00,3,2D,ESPAÑOL,Tradicional,la-muerte-de-robin-hood
cinepolis-rio-blanco-orizaba,609,52810,2026-08-12T12:30:00,3,2D,ESPAÑOL,Tradicional,la-muerte-de-robin-hood
cinepolis-rio-blanco-orizaba,609,52811,2026-08-12T15:10:00,3,2D,ESPAÑOL,Tradicional,la-muerte-de-robin-hood
cinepolis-rio-blanco-orizaba,609,52812,2026-08-12T17:50:00,3,2D,ESPAÑOL,Tradicional,la-muerte-de-robin-hood
cinepolis-rio-blanco-orizaba,609,52813,2026-08-12T20:25:00,3,2D,ESPAÑOL,Tradicional,la-muerte-de-robin-hood
cinepolis-rio-blanco-orizaba,609,52894,2026-08-07T16:30:00,4,2D,ESPAÑOL,Tradicional,la-odisea
cinepolis-rio-blanco-orizaba,609,52895,2026-08-07T20:00:00,4,2D,ESPAÑOL,Tradicional,la-odisea
cinepolis-rio-blanco-orizaba,609,52820,2026-08-08T11:20:00,4,2D,ESPAÑOL,Tradicional,la-odisea
cinepolis-rio-blanco-orizaba,609,52799,2026-08-08T13:10:00,3,2D,ESPAÑOL,Tradicional,la-odisea
cinepolis-rio-blanco-orizaba,609,52801,2026-08-08T18:55:00,3,2D,ESPAÑOL,Tradicional,la-odisea
cinepolis-rio-blanco-orizaba,609,52971,2026-08-09T11:20:00,4,2D,ESPAÑOL,Tradicional,la-odisea
cinepolis-rio-blanco-orizaba,609,52968,2026-08-09T13:10:00,3,2D,ESPAÑOL,Tradicional,la-odisea
cinepolis-rio-blanco-orizaba,609,52970,2026-08-09T18:55:00,3,2D,ESPAÑOL,Tradicional,la-odisea
cinepolis-rio-blanco-orizaba,609,52912,2026-08-10T13:00:00,4,2D,ESPAÑOL,Tradicional,la-odisea
cinepolis-rio-blanco-orizaba,609,52913,2026-08-10T16:30:00,4,2D,ESPAÑOL,Tradicional,la-odisea
cinepolis-rio-blanco-orizaba,609,52914,2026-08-10T20:00:00,4,2D,ESPAÑOL,Tradicional,la-odisea
cinepolis-rio-blanco-orizaba,609,52831,2026-08-12T12:55:00,4,2D,ESPAÑOL,Tradicional,la-odisea
cinepolis-rio-blanco-orizaba,609,52832,2026-08-12T16:35:00,4,2D,ESPAÑOL,Tradicional,la-odisea
cinepolis-rio-blanco-orizaba,609,52833,2026-08-12T20:00:00,4,2D,ESPAÑOL,Tradicional,la-odisea
cinepolis-rio-blanco-orizaba,609,52881,2026-08-07T13:40:00,1,2D,ESPAÑOL,Tradicional,minions-y-monstruos
cinepolis-rio-blanco-orizaba,609,52798,2026-08-08T11:10:00,3,2D,ESPAÑOL,Tradicional,minions-y-monstruos
cinepolis-rio-blanco-orizaba,609,52967,2026-08-09T11:10:00,3,2D,ESPAÑOL,Tradicional,minions-y-monstruos
cinepolis-rio-blanco-orizaba,609,52900,2026-08-10T13:40:00,1,2D,ESPAÑOL,Tradicional,minions-y-monstruos
cinepolis-rio-blanco-orizaba,609,52877,2026-08-12T13:35:00,1,2D,ESPAÑOL,Tradicional,minions-y-monstruos
cinepolis-rio-blanco-orizaba,609,52605,2026-08-12T12:10:00,2,2D,ESPAÑOL,Tradicional,paw-patrol-la-dino-pelicula
cinepolis-rio-blanco-orizaba,609,52606,2026-08-12T14:25:00,2,2D,ESPAÑOL,Tradicional,paw-patrol-la-dino-pelicula
cinepolis-rio-blanco-orizaba,609,52607,2026-08-12T16:30:00,2,2D,ESPAÑOL,Tradicional,paw-patrol-la-dino-pelicula
cinepolis-rio-blanco-orizaba,609,52608,2026-08-12T18:35:00,2,2D,ESPAÑOL,Tradicional,paw-patrol-la-dino-pelicula
cinepolis-rio-blanco-orizaba,609,52621,2026-08-13T13:35:00,4,2D,ESPAÑOL,Tradicional,paw-patrol-la-dino-pelicula
cinepolis-rio-blanco-orizaba,609,52622,2026-08-13T15:40:00,4,2D,ESPAÑOL,Tradicional,paw-patrol-la-dino-pelicula
cinepolis-rio-blanco-orizaba,609,52623,2026-08-13T17:55:00,4,2D,ESPAÑOL,Tradicional,paw-patrol-la-dino-pelicula
cinepolis-rio-blanco-orizaba,609,52624,2026-08-13T20:05:00,4,2D,ESPAÑOL,Tradicional,paw-patrol-la-dino-pelicula
cinepolis-rio-blanco-orizaba,609,52625,2026-08-14T13:35:00,4,2D,ESPAÑOL,Tradicional,paw-patrol-la-dino-pelicula
cinepolis-rio-blanco-orizaba,609,52626,2026-08-14T15:40:00,4,2D,ESPAÑOL,Tradicional,paw-patrol-la-dino-pelicula
cinepolis-rio-blanco-orizaba,609,52627,2026-08-14T17:55:00,4,2D,ESPAÑOL,Tradicional,paw-patrol-la-dino-pelicula
cinepolis-rio-blanco-orizaba,609,52628,2026-08-14T20:05:00,4,2D,ESPAÑOL,Tradicional,paw-patrol-la-dino-pelicula
cinepolis-rio-blanco-orizaba,609,52629,2026-08-15T12:00:00,4,2D,ESPAÑOL,Tradicional,paw-patrol-la-dino-pelicula
cinepolis-rio-blanco-orizaba,609,52630,2026-08-15T14:05:00,4,2D,ESPAÑOL,Tradicional,paw-patrol-la-dino-pelicula
cinepolis-rio-blanco-orizaba,609,52631,2026-08-15T16:05:00,4,2D,ESPAÑOL,Tradicional,paw-patrol-la-dino-pelicula
cinepolis-rio-blanco-orizaba,609,52632,2026-08-15T18:10:00,4,2D,ESPAÑOL,Tradicional,paw-patrol-la-dino-pelicula
cinepolis-rio-blanco-orizaba,609,52633,2026-08-15T20:15:00,4,2D,ESPAÑOL,Tradicional,paw-patrol-la-dino-pelicula
cinepolis-rio-blanco-orizaba,609,52634,2026-08-16T12:00:00,4,2D,ESPAÑOL,Tradicional,paw-patrol-la-dino-pelicula
cinepolis-rio-blanco-orizaba,609,52635,2026-08-16T14:05:00,4,2D,ESPAÑOL,Tradicional,paw-patrol-la-dino-pelicula
cinepolis-rio-blanco-orizaba,609,52636,2026-08-16T16:05:00,4,2D,ESPAÑOL,Tradicional,paw-patrol-la-dino-pelicula
cinepolis-rio-blanco-orizaba,609,52637,2026-08-16T18:10:00,4,2D,ESPAÑOL,Tradicional,paw-patrol-la-dino-pelicula
cinepolis-rio-blanco-orizaba,609,52638,2026-08-16T20:15:00,4,2D,ESPAÑOL,Tradicional,paw-patrol-la-dino-pelicula
cinepolis-rio-blanco-orizaba,609,52609,2026-08-17T13:35:00,4,2D,ESPAÑOL,Tradicional,paw-patrol-la-dino-pelicula
cinepolis-rio-blanco-orizaba,609,52610,2026-08-17T15:40:00,4,2D,ESPAÑOL,Tradicional,paw-patrol-la-dino-pelicula
cinepolis-rio-blanco-orizaba,609,52611,2026-08-17T17:55:00,4,2D,ESPAÑOL,Tradicional,paw-patrol-la-dino-pelicula
cinepolis-rio-blanco-orizaba,609,52612,2026-08-17T20:05:00,4,2D,ESPAÑOL,Tradicional,paw-patrol-la-dino-pelicula
cinepolis-rio-blanco-orizaba,609,52613,2026-08-18T13:35:00,4,2D,ESPAÑOL,Tradicional,paw-patrol-la-dino-pelicula
cinepolis-rio-blanco-orizaba,609,52614,2026-08-18T15:40:00,4,2D,ESPAÑOL,Tradicional,paw-patrol-la-dino-pelicula
cinepolis-rio-blanco-orizaba,609,52615,2026-08-18T17:55:00,4,2D,ESPAÑOL,Tradicional,paw-patrol-la-dino-pelicula
cinepolis-rio-blanco-orizaba,609,52616,2026-08-18T20:05:00,4,2D,ESPAÑOL,Tradicional,paw-patrol-la-dino-pelicula
cinepolis-rio-blanco-orizaba,609,52617,2026-08-19T13:35:00,4,2D,ESPAÑOL,Tradicional,paw-patrol-la-dino-pelicula
cinepolis-rio-blanco-orizaba,609,52618,2026-08-19T15:40:00,4,2D,ESPAÑOL,Tradicional,paw-patrol-la-dino-pelicula
cinepolis-rio-blanco-orizaba,609,52619,2026-08-19T17:55:00,4,2D,ESPAÑOL,Tradicional,paw-patrol-la-dino-pelicula
cinepolis-rio-blanco-orizaba,609,52620,2026-08-19T20:05:00,4,2D,ESPAÑOL,Tradicional,paw-patrol-la-dino-pelicula
cinepolis-rio-blanco-orizaba,609,52897,2026-08-07T14:20:00,5,2D,ESPAÑOL,Tradicional,spider-man-un-nuevo-dia
cinepolis-rio-blanco-orizaba,609,52886,2026-08-07T15:15:00,2,2D,ESPAÑOL,Tradicional,spider-man-un-nuevo-dia
cinepolis-rio-blanco-orizaba,609,52882,2026-08-07T15:45:00,1,3D,ESPAÑOL,Tradicional,spider-man-un-nuevo-dia
cinepolis-rio-blanco-orizaba,609,52898,2026-08-07T17:30:00,5,2D,ESPAÑOL,Tradicional,spider-man-un-nuevo-dia
cinepolis-rio-blanco-orizaba,609,52887,2026-08-07T18:20:00,2,2D,ESPAÑOL,Tradicional,spider-man-un-nuevo-dia
cinepolis-rio-blanco-orizaba,609,52883,2026-08-07T18:55:00,1,3D,ESPAÑOL,Tradicional,spider-man-un-nuevo-dia
cinepolis-rio-blanco-orizaba,609,52899,2026-08-07T20:40:00,5,2D,ESPAÑOL,Tradicional,spider-man-un-nuevo-dia
cinepolis-rio-blanco-orizaba,609,52888,2026-08-07T21:25:00,2,2D,ESPAÑOL,Tradicional,spider-man-un-nuevo-dia
cinepolis-rio-blanco-orizaba,609,52884,2026-08-07T22:05:00,1,2D,ESPAÑOL,Tradicional,spider-man-un-nuevo-dia
cinepolis-rio-blanco-orizaba,609,52866,2026-08-08T10:45:00,1,2D,ESPAÑOL,Tradicional,spider-man-un-nuevo-dia
cinepolis-rio-blanco-orizaba,609,52774,2026-08-08T12:20:00,5,2D,ESPAÑOL,Tradicional,spider-man-un-nuevo-dia
cinepolis-rio-blanco-orizaba,609,52865,2026-08-08T14:00:00,1,3D,ESPAÑOL,Tradicional,spider-man-un-nuevo-dia
cinepolis-rio-blanco-orizaba,609,52821,2026-08-08T14:50:00,4,2D,ESPAÑOL,Tradicional,spider-man-un-nuevo-dia
cinepolis-rio-blanco-orizaba,609,52775,2026-08-08T15:25:00,5,2D,ESPAÑOL,Tradicional,spider-man-un-nuevo-dia
cinepolis-rio-blanco-orizaba,609,52867,2026-08-08T17:10:00,1,3D,ESPAÑOL,Tradicional,spider-man-un-nuevo-dia
cinepolis-rio-blanco-orizaba,609,52822,2026-08-08T17:50:00,4,2D,ESPAÑOL,Tradicional,spider-man-un-nuevo-dia
cinepolis-rio-blanco-orizaba,609,52776,2026-08-08T18:30:00,5,2D,ESPAÑOL,Tradicional,spider-man-un-nuevo-dia
cinepolis-rio-blanco-orizaba,609,52957,2026-08-08T20:20:00,1,3D,ESPAÑOL,Tradicional,spider-man-un-nuevo-dia
cinepolis-rio-blanco-orizaba,609,52823,2026-08-08T21:00:00,4,2D,ESPAÑOL,Tradicional,spider-man-un-nuevo-dia
cinepolis-rio-blanco-orizaba,609,52777,2026-08-08T21:35:00,5,2D,ESPAÑOL,Tradicional,spider-man-un-nuevo-dia
cinepolis-rio-blanco-orizaba,609,52959,2026-08-09T10:45:00,1,2D,ESPAÑOL,Tradicional,spider-man-un-nuevo-dia
cinepolis-rio-blanco-orizaba,609,52975,2026-08-09T12:20:00,5,2D,ESPAÑOL,Tradicional,spider-man-un-nuevo-dia
cinepolis-rio-blanco-orizaba,609,52958,2026-08-09T14:00:00,1,3D,ESPAÑOL,Tradicional,spider-man-un-nuevo-dia
cinepolis-rio-blanco-orizaba,609,52972,2026-08-09T14:50:00,4,2D,ESPAÑOL,Tradicional,spider-man-un-nuevo-dia
cinepolis-rio-blanco-orizaba,609,52976,2026-08-09T15:25:00,5,2D,ESPAÑOL,Tradicional,spider-man-un-nuevo-dia
cinepolis-rio-blanco-orizaba,609,52960,2026-08-09T17:10:00,1,3D,ESPAÑOL,Tradicional,spider-man-un-nuevo-dia
cinepolis-rio-blanco-orizaba,609,52973,2026-08-09T17:50:00,4,2D,ESPAÑOL,Tradicional,spider-man-un-nuevo-dia
cinepolis-rio-blanco-orizaba,609,52977,2026-08-09T18:30:00,5,2D,ESPAÑOL,Tradicional,spider-man-un-nuevo-dia
cinepolis-rio-blanco-orizaba,609,52961,2026-08-09T20:20:00,1,3D,ESPAÑOL,Tradicional,spider-man-un-nuevo-dia
cinepolis-rio-blanco-orizaba,609,52974,2026-08-09T21:00:00,4,2D,ESPAÑOL,Tradicional,spider-man-un-nuevo-dia
cinepolis-rio-blanco-orizaba,609,52978,2026-08-09T21:35:00,5,2D,ESPAÑOL,Tradicional,spider-man-un-nuevo-dia
cinepolis-rio-blanco-orizaba,609,52916,2026-08-10T14:20:00,5,2D,ESPAÑOL,Tradicional,spider-man-un-nuevo-dia
cinepolis-rio-blanco-orizaba,609,52905,2026-08-10T15:15:00,2,2D,ESPAÑOL,Tradicional,spider-man-un-nuevo-dia
cinepolis-rio-blanco-orizaba,609,52901,2026-08-10T15:45:00,1,3D,ESPAÑOL,Tradicional,spider-man-un-nuevo-dia
cinepolis-rio-blanco-orizaba,609,52917,2026-08-10T17:30:00,5,2D,ESPAÑOL,Tradicional,spider-man-un-nuevo-dia
cinepolis-rio-blanco-orizaba,609,52906,2026-08-10T18:20:00,2,2D,ESPAÑOL,Tradicional,spider-man-un-nuevo-dia
cinepolis-rio-blanco-orizaba,609,52902,2026-08-10T18:55:00,1,3D,ESPAÑOL,Tradicional,spider-man-un-nuevo-dia
cinepolis-rio-blanco-orizaba,609,52918,2026-08-10T20:40:00,5,2D,ESPAÑOL,Tradicional,spider-man-un-nuevo-dia
cinepolis-rio-blanco-orizaba,609,52907,2026-08-10T21:25:00,2,2D,ESPAÑOL,Tradicional,spider-man-un-nuevo-dia
cinepolis-rio-blanco-orizaba,609,52903,2026-08-10T22:05:00,1,2D,ESPAÑOL,Tradicional,spider-man-un-nuevo-dia
cinepolis-rio-blanco-orizaba,609,52787,2026-08-12T14:10:00,5,2D,ESPAÑOL,Tradicional,spider-man-un-nuevo-dia
cinepolis-rio-blanco-orizaba,609,52878,2026-08-12T15:40:00,1,3D,ESPAÑOL,Tradicional,spider-man-un-nuevo-dia
cinepolis-rio-blanco-orizaba,609,52788,2026-08-12T17:30:00,5,2D,ESPAÑOL,Tradicional,spider-man-un-nuevo-dia
cinepolis-rio-blanco-orizaba,609,52879,2026-08-12T18:50:00,1,3D,ESPAÑOL,Tradicional,spider-man-un-nuevo-dia
cinepolis-rio-blanco-orizaba,609,52789,2026-08-12T20:40:00,5,2D,ESPAÑOL,Tradicional,spider-man-un-nuevo-dia
cinepolis-rio-blanco-orizaba,609,52856,2026-08-12T21:20:00,2,2D,ESPAÑOL,Tradicional,spider-man-un-nuevo-dia
cinepolis-rio-blanco-orizaba,609,52880,2026-08-12T22:05:00,1,2D,ESPAÑOL,Tradicional,spider-man-un-nuevo-dia
cinepolis-rio-blanco-orizaba,609,52800,2026-08-08T16:35:00,3,2D,ESPAÑOL,Tradicional,toy-story-5
cinepolis-rio-blanco-orizaba,609,52969,2026-08-09T16:35:00,3,2D,ESPAÑOL,Tradicional,toy-story-5
cinepolis-rio-blanco-orizaba,609,52915,2026-08-10T12:00:00,5,2D,ESPAÑOL,Tradicional,toy-story-5
cinepolis-rio-blanco-orizaba,609,52904,2026-08-10T12:50:00,2,2D,ESPAÑOL,Tradicional,toy-story-5
cinepolis-rio-blanco-orizaba,609,52786,2026-08-12T11:55:00,5,2D,ESPAÑOL,Tradicional,toy-story-5
cinepolis-plaza-crystal-tuxpan,298,79048,2026-08-07T13:40:00,2,2D,ESPAÑOL,Tradicional,la-muerte-de-robin-hood
cinepolis-plaza-crystal-tuxpan,298,79049,2026-08-07T16:40:00,2,2D,ESPAÑOL,Tradicional,la-muerte-de-robin-hood
cinepolis-plaza-crystal-tuxpan,298,79050,2026-08-07T19:15:00,2,2D,ESPAÑOL,Tradicional,la-muerte-de-robin-hood
cinepolis-plaza-crystal-tuxpan,298,79051,2026-08-07T22:00:00,2,2D,ESPAÑOL,Tradicional,la-muerte-de-robin-hood
cinepolis-plaza-crystal-tuxpan,298,78902,2026-08-08T11:50:00,2,2D,ESPAÑOL,Tradicional,la-muerte-de-robin-hood
cinepolis-plaza-crystal-tuxpan,298,78903,2026-08-08T14:25:00,2,2D,ESPAÑOL,Tradicional,la-muerte-de-robin-hood
cinepolis-plaza-crystal-tuxpan,298,78904,2026-08-08T17:00:00,2,2D,ESPAÑOL,Tradicional,la-muerte-de-robin-hood
cinepolis-plaza-crystal-tuxpan,298,78905,2026-08-08T20:00:00,2,2D,ESPAÑOL,Tradicional,la-muerte-de-robin-hood
cinepolis-plaza-crystal-tuxpan,298,79140,2026-08-09T11:50:00,2,2D,ESPAÑOL,Tradicional,la-muerte-de-robin-hood
cinepolis-plaza-crystal-tuxpan,298,79141,2026-08-09T14:25:00,2,2D,ESPAÑOL,Tradicional,la-muerte-de-robin-hood
cinepolis-plaza-crystal-tuxpan,298,79142,2026-08-09T17:00:00,2,2D,ESPAÑOL,Tradicional,la-muerte-de-robin-hood
cinepolis-plaza-crystal-tuxpan,298,79143,2026-08-09T20:00:00,2,2D,ESPAÑOL,Tradicional,la-muerte-de-robin-hood
cinepolis-plaza-crystal-tuxpan,298,79073,2026-08-10T13:40:00,2,2D,ESPAÑOL,Tradicional,la-muerte-de-robin-hood
cinepolis-plaza-crystal-tuxpan,298,79074,2026-08-10T16:40:00,2,2D,ESPAÑOL,Tradicional,la-muerte-de-robin-hood
cinepolis-plaza-crystal-tuxpan,298,79075,2026-08-10T19:15:00,2,2D,ESPAÑOL,Tradicional,la-muerte-de-robin-hood
cinepolis-plaza-crystal-tuxpan,298,79076,2026-08-10T22:00:00,2,2D,ESPAÑOL,Tradicional,la-muerte-de-robin-hood
cinepolis-plaza-crystal-tuxpan,298,79098,2026-08-11T13:40:00,2,2D,ESPAÑOL,Tradicional,la-muerte-de-robin-hood
cinepolis-plaza-crystal-tuxpan,298,79099,2026-08-11T16:40:00,2,2D,ESPAÑOL,Tradicional,la-muerte-de-robin-hood
cinepolis-plaza-crystal-tuxpan,298,79100,2026-08-11T19:15:00,2,2D,ESPAÑOL,Tradicional,la-muerte-de-robin-hood
cinepolis-plaza-crystal-tuxpan,298,79101,2026-08-11T22:00:00,2,2D,ESPAÑOL,Tradicional,la-muerte-de-robin-hood
cinepolis-plaza-crystal-tuxpan,298,78958,2026-08-12T13:40:00,2,2D,ESPAÑOL,Tradicional,la-muerte-de-robin-hood
cinepolis-plaza-crystal-tuxpan,298,78959,2026-08-12T16:55:00,2,2D,ESPAÑOL,Tradicional,la-muerte-de-robin-hood
cinepolis-plaza-crystal-tuxpan,298,78960,2026-08-12T19:30:00,2,2D,ESPAÑOL,Tradicional,la-muerte-de-robin-hood
cinepolis-plaza-crystal-tuxpan,298,78961,2026-08-12T22:05:00,2,2D,ESPAÑOL,Tradicional,la-muerte-de-robin-hood
cinepolis-plaza-crystal-tuxpan,298,79060,2026-08-07T16:00:00,5,2D,ESPAÑOL,Tradicional,la-odisea
cinepolis-plaza-crystal-tuxpan,298,79061,2026-08-07T19:35:00,5,2D,ESPAÑOL,Tradicional,la-odisea
cinepolis-plaza-crystal-tuxpan,298,78968,2026-08-08T12:30:00,3,2D,ESPAÑOL,Tradicional,la-odisea
cinepolis-plaza-crystal-tuxpan,298,78969,2026-08-08T16:00:00,3,2D,ESPAÑOL,Tradicional,la-odisea
cinepolis-plaza-crystal-tuxpan,298,78970,2026-08-08T19:40:00,3,2D,ESPAÑOL,Tradicional,la-odisea
cinepolis-plaza-crystal-tuxpan,298,79144,2026-08-09T12:30:00,3,2D,ESPAÑOL,Tradicional,la-odisea
cinepolis-plaza-crystal-tuxpan,298,79145,2026-08-09T16:00:00,3,2D,ESPAÑOL,Tradicional,la-odisea
cinepolis-plaza-crystal-tuxpan,298,79146,2026-08-09T19:40:00,3,2D,ESPAÑOL,Tradicional,la-odisea
cinepolis-plaza-crystal-tuxpan,298,79085,2026-08-10T16:00:00,5,2D,ESPAÑOL,Tradicional,la-odisea
cinepolis-plaza-crystal-tuxpan,298,79086,2026-08-10T19:35:00,5,2D,ESPAÑOL,Tradicional,la-odisea
cinepolis-plaza-crystal-tuxpan,298,79110,2026-08-11T16:00:00,5,2D,ESPAÑOL,Tradicional,la-odisea
cinepolis-plaza-crystal-tuxpan,298,79111,2026-08-11T19:35:00,5,2D,ESPAÑOL,Tradicional,la-odisea
cinepolis-plaza-crystal-tuxpan,298,78914,2026-08-12T15:20:00,5,2D,ESPAÑOL,Tradicional,la-odisea
cinepolis-plaza-crystal-tuxpan,298,78915,2026-08-12T19:15:00,5,2D,ESPAÑOL,Tradicional,la-odisea
cinepolis-plaza-crystal-tuxpan,298,78859,2026-08-08T11:15:00,7,2D,ESPAÑOL,Tradicional,minions-y-monstruos
cinepolis-plaza-crystal-tuxpan,298,78945,2026-08-08T13:00:00,6,2D,ESPAÑOL,Tradicional,minions-y-monstruos
cinepolis-plaza-crystal-tuxpan,298,79160,2026-08-09T11:15:00,7,2D,ESPAÑOL,Tradicional,minions-y-monstruos
cinepolis-plaza-crystal-tuxpan,298,79156,2026-08-09T13:00:00,6,2D,ESPAÑOL,Tradicional,minions-y-monstruos
cinepolis-plaza-crystal-tuxpan,298,79090,2026-08-10T12:10:00,7,2D,ESPAÑOL,Tradicional,minions-y-monstruos
cinepolis-plaza-crystal-tuxpan,298,79115,2026-08-11T12:10:00,7,2D,ESPAÑOL,Tradicional,minions-y-monstruos
cinepolis-plaza-crystal-tuxpan,298,78521,2026-08-12T12:20:00,7,2D,ESPAÑOL,Tradicional,paw-patrol-la-dino-pelicula
cinepolis-plaza-crystal-tuxpan,298,78522,2026-08-12T14:30:00,7,2D,ESPAÑOL,Tradicional,paw-patrol-la-dino-pelicula
cinepolis-plaza-crystal-tuxpan,298,78523,2026-08-12T16:35:00,7,2D,ESPAÑOL,Tradicional,paw-patrol-la-dino-pelicula
cinepolis-plaza-crystal-tuxpan,298,78524,2026-08-12T19:00:00,7,2D,ESPAÑOL,Tradicional,paw-patrol-la-dino-pelicula
cinepolis-plaza-crystal-tuxpan,298,78537,2026-08-13T13:30:00,2,2D,ESPAÑOL,Tradicional,paw-patrol-la-dino-pelicula
cinepolis-plaza-crystal-tuxpan,298,78538,2026-08-13T15:35:00,2,2D,ESPAÑOL,Tradicional,paw-patrol-la-dino-pelicula
cinepolis-plaza-crystal-tuxpan,298,78539,2026-08-13T17:45:00,2,2D,ESPAÑOL,Tradicional,paw-patrol-la-dino-pelicula
cinepolis-plaza-crystal-tuxpan,298,78540,2026-08-13T20:05:00,2,2D,ESPAÑOL,Tradicional,paw-patrol-la-dino-pelicula
cinepolis-plaza-crystal-tuxpan,298,78541,2026-08-14T13:30:00,2,2D,ESPAÑOL,Tradicional,paw-patrol-la-dino-pelicula
cinepolis-plaza-crystal-tuxpan,298,78542,2026-08-14T15:35:00,2,2D,ESPAÑOL,Tradicional,paw-patrol-la-dino-pelicula
cinepolis-plaza-crystal-tuxpan,298,78543,2026-08-14T17:45:00,2,2D,ESPAÑOL,Tradicional,paw-patrol-la-dino-pelicula
cinepolis-plaza-crystal-tuxpan,298,78544,2026-08-14T20:05:00,2,2D,ESPAÑOL,Tradicional,paw-patrol-la-dino-pelicula
cinepolis-plaza-crystal-tuxpan,298,78545,2026-08-15T12:00:00,2,2D,ESPAÑOL,Tradicional,paw-patrol-la-dino-pelicula
cinepolis-plaza-crystal-tuxpan,298,78546,2026-08-15T14:00:00,2,2D,ESPAÑOL,Tradicional,paw-patrol-la-dino-pelicula
cinepolis-plaza-crystal-tuxpan,298,78547,2026-08-15T16:05:00,2,2D,ESPAÑOL,Tradicional,paw-patrol-la-dino-pelicula
cinepolis-plaza-crystal-tuxpan,298,78548,2026-08-15T18:10:00,2,2D,ESPAÑOL,Tradicional,paw-patrol-la-dino-pelicula
cinepolis-plaza-crystal-tuxpan,298,78549,2026-08-15T20:25:00,2,2D,ESPAÑOL,Tradicional,paw-patrol-la-dino-pelicula
cinepolis-plaza-crystal-tuxpan,298,78550,2026-08-16T12:00:00,2,2D,ESPAÑOL,Tradicional,paw-patrol-la-dino-pelicula
cinepolis-plaza-crystal-tuxpan,298,78551,2026-08-16T14:00:00,2,2D,ESPAÑOL,Tradicional,paw-patrol-la-dino-pelicula
cinepolis-plaza-crystal-tuxpan,298,78552,2026-08-16T16:05:00,2,2D,ESPAÑOL,Tradicional,paw-patrol-la-dino-pelicula
cinepolis-plaza-crystal-tuxpan,298,78553,2026-08-16T18:10:00,2,2D,ESPAÑOL,Tradicional,paw-patrol-la-dino-pelicula
cinepolis-plaza-crystal-tuxpan,298,78554,2026-08-16T20:25:00,2,2D,ESPAÑOL,Tradicional,paw-patrol-la-dino-pelicula
cinepolis-plaza-crystal-tuxpan,298,78525,2026-08-17T13:30:00,2,2D,ESPAÑOL,Tradicional,paw-patrol-la-dino-pelicula
cinepolis-plaza-crystal-tuxpan,298,78526,2026-08-17T15:35:00,2,2D,ESPAÑOL,Tradicional,paw-patrol-la-dino-pelicula
cinepolis-plaza-crystal-tuxpan,298,78527,2026-08-17T17:45:00,2,2D,ESPAÑOL,Tradicional,paw-patrol-la-dino-pelicula
cinepolis-plaza-crystal-tuxpan,298,78528,2026-08-17T20:05:00,2,2D,ESPAÑOL,Tradicional,paw-patrol-la-dino-pelicula
cinepolis-plaza-crystal-tuxpan,298,78529,2026-08-18T13:30:00,2,2D,ESPAÑOL,Tradicional,paw-patrol-la-dino-pelicula
cinepolis-plaza-crystal-tuxpan,298,78530,2026-08-18T15:35:00,2,2D,ESPAÑOL,Tradicional,paw-patrol-la-dino-pelicula
cinepolis-plaza-crystal-tuxpan,298,78531,2026-08-18T17:45:00,2,2D,ESPAÑOL,Tradicional,paw-patrol-la-dino-pelicula
cinepolis-plaza-crystal-tuxpan,298,78532,2026-08-18T20:05:00,2,2D,ESPAÑOL,Tradicional,paw-patrol-la-dino-pelicula
cinepolis-plaza-crystal-tuxpan,298,78533,2026-08-19T13:30:00,2,2D,ESPAÑOL,Tradicional,paw-patrol-la-dino-pelicula
cinepolis-plaza-crystal-tuxpan,298,78534,2026-08-19T15:35:00,2,2D,ESPAÑOL,Tradicional,paw-patrol-la-dino-pelicula
cinepolis-plaza-crystal-tuxpan,298,78535,2026-08-19T17:45:00,2,2D,ESPAÑOL,Tradicional,paw-patrol-la-dino-pelicula
cinepolis-plaza-crystal-tuxpan,298,78536,2026-08-19T20:05:00,2,2D,ESPAÑOL,Tradicional,paw-patrol-la-dino-pelicula
cinepolis-plaza-crystal-tuxpan,298,79052,2026-08-07T14:00:00,3,2D,ESPAÑOL,Tradicional,spider-man-un-nuevo-dia
cinepolis-plaza-crystal-tuxpan,298,79045,2026-08-07T15:00:00,1,2D,ESPAÑOL,Tradicional,spider-man-un-nuevo-dia
cinepolis-plaza-crystal-tuxpan,298,79056,2026-08-07T15:35:00,4,3D,ESPAÑOL,Tradicional,spider-man-un-nuevo-dia
cinepolis-plaza-crystal-tuxpan,298,79063,2026-08-07T16:20:00,6,2D,ESPAÑOL,Tradicional,spider-man-un-nuevo-dia
cinepolis-plaza-crystal-tuxpan,298,79053,2026-08-07T17:00:00,3,2D,ESPAÑOL,Tradicional,spider-man-un-nuevo-dia
cinepolis-plaza-crystal-tuxpan,298,79046,2026-08-07T18:05:00,1,2D,ESPAÑOL,Tradicional,spider-man-un-nuevo-dia
cinepolis-plaza-crystal-tuxpan,298,79057,2026-08-07T18:40:00,4,3D,ESPAÑOL,Tradicional,spider-man-un-nuevo-dia
cinepolis-plaza-crystal-tuxpan,298,79064,2026-08-07T19:50:00,6,2D,ESPAÑOL,Tradicional,spider-man-un-nuevo-dia
cinepolis-plaza-crystal-tuxpan,298,79068,2026-08-07T20:40:00,7,2D,ESPAÑOL,Tradicional,spider-man-un-nuevo-dia
cinepolis-plaza-crystal-tuxpan,298,79047,2026-08-07T21:15:00,1,2D,ESPAÑOL,Tradicional,spider-man-un-nuevo-dia
cinepolis-plaza-crystal-tuxpan,298,79066,2026-08-07T14:25:00,7,2D,SUBTITULADA,Tradicional,spider-man-un-nuevo-dia
cinepolis-plaza-crystal-tuxpan,298,79067,2026-08-07T17:30:00,7,2D,SUBTITULADA,Tradicional,spider-man-un-nuevo-dia
cinepolis-plaza-crystal-tuxpan,298,79054,2026-08-07T20:20:00,3,2D,SUBTITULADA,Tradicional,spider-man-un-nuevo-dia
cinepolis-plaza-crystal-tuxpan,298,79058,2026-08-07T21:45:00,4,2D,SUBTITULADA,Tradicional,spider-man-un-nuevo-dia
cinepolis-plaza-crystal-tuxpan,298,79123,2026-08-08T11:00:00,4,3D,ESPAÑOL,Tradicional,spider-man-un-nuevo-dia
cinepolis-plaza-crystal-tuxpan,298,79128,2026-08-08T11:35:00,1,2D,ESPAÑOL,Tradicional,spider-man-un-nuevo-dia
cinepolis-plaza-crystal-tuxpan,298,79129,2026-08-08T12:10:00,5,2D,ESPAÑOL,Tradicional,spider-man-un-nuevo-dia
cinepolis-plaza-crystal-tuxpan,298,79124,2026-08-08T14:05:00,4,3D,ESPAÑOL,Tradicional,spider-man-un-nuevo-dia
cinepolis-plaza-crystal-tuxpan,298,79127,2026-08-08T14:45:00,1,2D,ESPAÑOL,Tradicional,spider-man-un-nuevo-dia
cinepolis-plaza-crystal-tuxpan,298,79130,2026-08-08T15:35:00,5,2D,ESPAÑOL,Tradicional,spider-man-un-nuevo-dia
cinepolis-plaza-crystal-tuxpan,298,78861,2026-08-08T16:15:00,7,2D,ESPAÑOL,Tradicional,spider-man-un-nuevo-dia
cinepolis-plaza-crystal-tuxpan,298,79125,2026-08-08T17:20:00,4,3D,ESPAÑOL,Tradicional,spider-man-un-nuevo-dia
cinepolis-plaza-crystal-tuxpan,298,79126,2026-08-08T17:50:00,1,2D,ESPAÑOL,Tradicional,spider-man-un-nuevo-dia
cinepolis-plaza-crystal-tuxpan,298,79132,2026-08-08T18:40:00,5,2D,ESPAÑOL,Tradicional,spider-man-un-nuevo-dia
cinepolis-plaza-crystal-tuxpan,298,78862,2026-08-08T19:20:00,7,2D,ESPAÑOL,Tradicional,spider-man-un-nuevo-dia
cinepolis-plaza-crystal-tuxpan,298,78883,2026-08-08T20:25:00,4,2D,ESPAÑOL,Tradicional,spider-man-un-nuevo-dia
cinepolis-plaza-crystal-tuxpan,298,78838,2026-08-08T21:00:00,1,2D,ESPAÑOL,Tradicional,spider-man-un-nuevo-dia
cinepolis-plaza-crystal-tuxpan,298,78948,2026-08-08T21:20:00,6,2D,ESPAÑOL,Tradicional,spider-man-un-nuevo-dia
cinepolis-plaza-crystal-tuxpan,298,79134,2026-08-08T15:05:00,6,2D,SUBTITULADA,Tradicional,spider-man-un-nuevo-dia
cinepolis-plaza-crystal-tuxpan,298,79135,2026-08-08T18:10:00,6,2D,SUBTITULADA,Tradicional,spider-man-un-nuevo-dia
cinepolis-plaza-crystal-tuxpan,298,79133,2026-08-08T22:00:00,5,2D,SUBTITULADA,Tradicional,spider-man-un-nuevo-dia
cinepolis-plaza-crystal-tuxpan,298,79147,2026-08-09T11:00:00,4,3D,ESPAÑOL,Tradicional,spider-man-un-nuevo-dia
cinepolis-plaza-crystal-tuxpan,298,79136,2026-08-09T11:35:00,1,2D,ESPAÑOL,Tradicional,spider-man-un-nuevo-dia
cinepolis-plaza-crystal-tuxpan,298,79151,2026-08-09T12:10:00,5,2D,ESPAÑOL,Tradicional,spider-man-un-nuevo-dia
cinepolis-plaza-crystal-tuxpan,298,79148,2026-08-09T14:05:00,4,3D,ESPAÑOL,Tradicional,spider-man-un-nuevo-dia
cinepolis-plaza-crystal-tuxpan,298,79137,2026-08-09T14:45:00,1,2D,ESPAÑOL,Tradicional,spider-man-un-nuevo-dia
cinepolis-plaza-crystal-tuxpan,298,79152,2026-08-09T15:35:00,5,2D,ESPAÑOL,Tradicional,spider-man-un-nuevo-dia
cinepolis-plaza-crystal-tuxpan,298,79162,2026-08-09T16:15:00,7,2D,ESPAÑOL,Tradicional,spider-man-un-nuevo-dia
cinepolis-plaza-crystal-tuxpan,298,79149,2026-08-09T17:20:00,4,3D,ESPAÑOL,Tradicional,spider-man-un-nuevo-dia
cinepolis-plaza-crystal-tuxpan,298,79138,2026-08-09T17:50:00,1,2D,ESPAÑOL,Tradicional,spider-man-un-nuevo-dia
cinepolis-plaza-crystal-tuxpan,298,79153,2026-08-09T18:40:00,5,2D,ESPAÑOL,Tradicional,spider-man-un-nuevo-dia
cinepolis-plaza-crystal-tuxpan,298,79163,2026-08-09T19:20:00,7,2D,ESPAÑOL,Tradicional,spider-man-un-nuevo-dia
cinepolis-plaza-crystal-tuxpan,298,79150,2026-08-09T20:25:00,4,2D,ESPAÑOL,Tradicional,spider-man-un-nuevo-dia
cinepolis-plaza-crystal-tuxpan,298,79139,2026-08-09T21:00:00,1,2D,ESPAÑOL,Tradicional,spider-man-un-nuevo-dia
cinepolis-plaza-crystal-tuxpan,298,79159,2026-08-09T21:20:00,6,2D,ESPAÑOL,Tradicional,spider-man-un-nuevo-dia
cinepolis-plaza-crystal-tuxpan,298,79157,2026-08-09T15:05:00,6,2D,SUBTITULADA,Tradicional,spider-man-un-nuevo-dia
cinepolis-plaza-crystal-tuxpan,298,79158,2026-08-09T18:10:00,6,2D,SUBTITULADA,Tradicional,spider-man-un-nuevo-dia
cinepolis-plaza-crystal-tuxpan,298,79154,2026-08-09T22:00:00,5,2D,SUBTITULADA,Tradicional,spider-man-un-nuevo-dia
cinepolis-plaza-crystal-tuxpan,298,79069,2026-08-10T11:50:00,1,2D,ESPAÑOL,Tradicional,spider-man-un-nuevo-dia
cinepolis-plaza-crystal-tuxpan,298,79080,2026-08-10T12:30:00,4,3D,ESPAÑOL,Tradicional,spider-man-un-nuevo-dia
cinepolis-plaza-crystal-tuxpan,298,79087,2026-08-10T13:20:00,6,2D,ESPAÑOL,Tradicional,spider-man-un-nuevo-dia
cinepolis-plaza-crystal-tuxpan,298,79077,2026-08-10T14:00:00,3,2D,ESPAÑOL,Tradicional,spider-man-un-nuevo-dia
cinepolis-plaza-crystal-tuxpan,298,79070,2026-08-10T15:00:00,1,2D,ESPAÑOL,Tradicional,spider-man-un-nuevo-dia
cinepolis-plaza-crystal-tuxpan,298,79081,2026-08-10T15:35:00,4,3D,ESPAÑOL,Tradicional,spider-man-un-nuevo-dia
cinepolis-plaza-crystal-tuxpan,298,79088,2026-08-10T16:20:00,6,2D,ESPAÑOL,Tradicional,spider-man-un-nuevo-dia
cinepolis-plaza-crystal-tuxpan,298,79078,2026-08-10T17:00:00,3,2D,ESPAÑOL,Tradicional,spider-man-un-nuevo-dia
cinepolis-plaza-crystal-tuxpan,298,79071,2026-08-10T18:05:00,1,2D,ESPAÑOL,Tradicional,spider-man-un-nuevo-dia
cinepolis-plaza-crystal-tuxpan,298,79082,2026-08-10T18:40:00,4,3D,ESPAÑOL,Tradicional,spider-man-un-nuevo-dia
cinepolis-plaza-crystal-tuxpan,298,79089,2026-08-10T19:50:00,6,2D,ESPAÑOL,Tradicional,spider-man-un-nuevo-dia
cinepolis-plaza-crystal-tuxpan,298,79093,2026-08-10T20:40:00,7,2D,ESPAÑOL,Tradicional,spider-man-un-nuevo-dia
cinepolis-plaza-crystal-tuxpan,298,79072,2026-08-10T21:15:00,1,2D,ESPAÑOL,Tradicional,spider-man-un-nuevo-dia
cinepolis-plaza-crystal-tuxpan,298,79091,2026-08-10T14:25:00,7,2D,SUBTITULADA,Tradicional,spider-man-un-nuevo-dia
cinepolis-plaza-crystal-tuxpan,298,79092,2026-08-10T17:30:00,7,2D,SUBTITULADA,Tradicional,spider-man-un-nuevo-dia
cinepolis-plaza-crystal-tuxpan,298,79079,2026-08-10T20:20:00,3,2D,SUBTITULADA,Tradicional,spider-man-un-nuevo-dia
cinepolis-plaza-crystal-tuxpan,298,79083,2026-08-10T21:45:00,4,2D,SUBTITULADA,Tradicional,spider-man-un-nuevo-dia
cinepolis-plaza-crystal-tuxpan,298,79094,2026-08-11T11:50:00,1,2D,ESPAÑOL,Tradicional,spider-man-un-nuevo-dia
cinepolis-plaza-crystal-tuxpan,298,79105,2026-08-11T12:30:00,4,3D,ESPAÑOL,Tradicional,spider-man-un-nuevo-dia
cinepolis-plaza-crystal-tuxpan,298,79112,2026-08-11T13:20:00,6,2D,ESPAÑOL,Tradicional,spider-man-un-nuevo-dia
cinepolis-plaza-crystal-tuxpan,298,79102,2026-08-11T14:00:00,3,2D,ESPAÑOL,Tradicional,spider-man-un-nuevo-dia
cinepolis-plaza-crystal-tuxpan,298,79095,2026-08-11T15:00:00,1,2D,ESPAÑOL,Tradicional,spider-man-un-nuevo-dia
cinepolis-plaza-crystal-tuxpan,298,79106,2026-08-11T15:35:00,4,3D,ESPAÑOL,Tradicional,spider-man-un-nuevo-dia
cinepolis-plaza-crystal-tuxpan,298,79113,2026-08-11T16:20:00,6,2D,ESPAÑOL,Tradicional,spider-man-un-nuevo-dia
cinepolis-plaza-crystal-tuxpan,298,79103,2026-08-11T17:00:00,3,2D,ESPAÑOL,Tradicional,spider-man-un-nuevo-dia
cinepolis-plaza-crystal-tuxpan,298,79096,2026-08-11T18:05:00,1,2D,ESPAÑOL,Tradicional,spider-man-un-nuevo-dia
cinepolis-plaza-crystal-tuxpan,298,79107,2026-08-11T18:40:00,4,3D,ESPAÑOL,Tradicional,spider-man-un-nuevo-dia
cinepolis-plaza-crystal-tuxpan,298,79114,2026-08-11T19:50:00,6,2D,ESPAÑOL,Tradicional,spider-man-un-nuevo-dia
cinepolis-plaza-crystal-tuxpan,298,79118,2026-08-11T20:40:00,7,2D,ESPAÑOL,Tradicional,spider-man-un-nuevo-dia
cinepolis-plaza-crystal-tuxpan,298,79097,2026-08-11T21:15:00,1,2D,ESPAÑOL,Tradicional,spider-man-un-nuevo-dia
cinepolis-plaza-crystal-tuxpan,298,79116,2026-08-11T14:25:00,7,2D,SUBTITULADA,Tradicional,spider-man-un-nuevo-dia
cinepolis-plaza-crystal-tuxpan,298,79117,2026-08-11T17:30:00,7,2D,SUBTITULADA,Tradicional,spider-man-un-nuevo-dia
cinepolis-plaza-crystal-tuxpan,298,79104,2026-08-11T20:20:00,3,2D,SUBTITULADA,Tradicional,spider-man-un-nuevo-dia
cinepolis-plaza-crystal-tuxpan,298,79108,2026-08-11T21:45:00,4,2D,SUBTITULADA,Tradicional,spider-man-un-nuevo-dia
cinepolis-plaza-crystal-tuxpan,298,78847,2026-08-12T11:55:00,1,2D,ESPAÑOL,Tradicional,spider-man-un-nuevo-dia
cinepolis-plaza-crystal-tuxpan,298,79177,2026-08-12T12:35:00,4,3D,ESPAÑOL,Tradicional,spider-man-un-nuevo-dia
cinepolis-plaza-crystal-tuxpan,298,79164,2026-08-12T13:20:00,6,2D,ESPAÑOL,Tradicional,spider-man-un-nuevo-dia
cinepolis-plaza-crystal-tuxpan,298,78977,2026-08-12T14:00:00,3,2D,ESPAÑOL,Tradicional,spider-man-un-nuevo-dia
cinepolis-plaza-crystal-tuxpan,298,78848,2026-08-12T15:00:00,1,2D,ESPAÑOL,Tradicional,spider-man-un-nuevo-dia
cinepolis-plaza-crystal-tuxpan,298,79176,2026-08-12T15:40:00,4,3D,ESPAÑOL,Tradicional,spider-man-un-nuevo-dia
cinepolis-plaza-crystal-tuxpan,298,78978,2026-08-12T17:20:00,3,2D,ESPAÑOL,Tradicional,spider-man-un-nuevo-dia
cinepolis-plaza-crystal-tuxpan,298,78849,2026-08-12T18:05:00,1,2D,ESPAÑOL,Tradicional,spider-man-un-nuevo-dia
cinepolis-plaza-crystal-tuxpan,298,79178,2026-08-12T18:45:00,4,3D,ESPAÑOL,Tradicional,spider-man-un-nuevo-dia
cinepolis-plaza-crystal-tuxpan,298,78979,2026-08-12T20:20:00,3,2D,ESPAÑOL,Tradicional,spider-man-un-nuevo-dia
cinepolis-plaza-crystal-tuxpan,298,79175,2026-08-12T21:05:00,7,2D,ESPAÑOL,Tradicional,spider-man-un-nuevo-dia
cinepolis-plaza-crystal-tuxpan,298,79170,2026-08-12T21:20:00,1,2D,ESPAÑOL,Tradicional,spider-man-un-nuevo-dia
cinepolis-plaza-crystal-tuxpan,298,79167,2026-08-12T16:20:00,6,2D,SUBTITULADA,Tradicional,spider-man-un-nuevo-dia
cinepolis-plaza-crystal-tuxpan,298,79168,2026-08-12T20:00:00,6,2D,SUBTITULADA,Tradicional,spider-man-un-nuevo-dia
cinepolis-plaza-crystal-tuxpan,298,79174,2026-08-12T21:50:00,4,2D,SUBTITULADA,Tradicional,spider-man-un-nuevo-dia
cinepolis-plaza-crystal-tuxpan,298,78944,2026-08-08T10:45:00,6,2D,ESPAÑOL,Tradicional,toy-story-5
cinepolis-plaza-crystal-tuxpan,298,78860,2026-08-08T13:30:00,7,2D,ESPAÑOL,Tradicional,toy-story-5
cinepolis-plaza-crystal-tuxpan,298,79155,2026-08-09T10:45:00,6,2D,ESPAÑOL,Tradicional,toy-story-5
cinepolis-plaza-crystal-tuxpan,298,79161,2026-08-09T13:30:00,7,2D,ESPAÑOL,Tradicional,toy-story-5
cinepolis-plaza-crystal-tuxpan,298,79084,2026-08-10T13:00:00,5,2D,ESPAÑOL,Tradicional,toy-story-5
cinepolis-plaza-crystal-tuxpan,298,79109,2026-08-11T13:00:00,5,2D,ESPAÑOL,Tradicional,toy-story-5
cinepolis-plaza-crystal-tuxpan,298,78913,2026-08-12T12:55:00,5,2D,ESPAÑOL,Tradicional,toy-story-5
cinepolis-portal-veracruz,1103,73469,2026-08-07T15:35:00,4,2D,ESPAÑOL,Tradicional,la-muerte-de-robin-hood
cinepolis-portal-veracruz,1103,73471,2026-08-07T21:30:00,4,2D,ESPAÑOL,Tradicional,la-muerte-de-robin-hood
cinepolis-portal-veracruz,1103,73470,2026-08-07T18:40:00,4,2D,SUBTITULADA,Tradicional,la-muerte-de-robin-hood
cinepolis-portal-veracruz,1103,73358,2026-08-08T11:45:00,4,2D,ESPAÑOL,Tradicional,la-muerte-de-robin-hood
cinepolis-portal-veracruz,1103,73359,2026-08-08T14:50:00,4,2D,ESPAÑOL,Tradicional,la-muerte-de-robin-hood
cinepolis-portal-veracruz,1103,73361,2026-08-08T21:00:00,4,2D,ESPAÑOL,Tradicional,la-muerte-de-robin-hood
cinepolis-portal-veracruz,1103,73360,2026-08-08T17:50:00,4,2D,SUBTITULADA,Tradicional,la-muerte-de-robin-hood
cinepolis-portal-veracruz,1103,73605,2026-08-09T11:45:00,4,2D,ESPAÑOL,Tradicional,la-muerte-de-robin-hood
cinepolis-portal-veracruz,1103,73606,2026-08-09T14:50:00,4,2D,ESPAÑOL,Tradicional,la-muerte-de-robin-hood
cinepolis-portal-veracruz,1103,73608,2026-08-09T21:00:00,4,2D,ESPAÑOL,Tradicional,la-muerte-de-robin-hood
cinepolis-portal-veracruz,1103,73607,2026-08-09T17:50:00,4,2D,SUBTITULADA,Tradicional,la-muerte-de-robin-hood
cinepolis-portal-veracruz,1103,73497,2026-08-10T12:40:00,4,2D,ESPAÑOL,Tradicional,la-muerte-de-robin-hood
cinepolis-portal-veracruz,1103,73498,2026-08-10T15:35:00,4,2D,ESPAÑOL,Tradicional,la-muerte-de-robin-hood
cinepolis-portal-veracruz,1103,73500,2026-08-10T21:30:00,4,2D,ESPAÑOL,Tradicional,la-muerte-de-robin-hood
cinepolis-portal-veracruz,1103,73499,2026-08-10T18:40:00,4,2D,SUBTITULADA,Tradicional,la-muerte-de-robin-hood
cinepolis-portal-veracruz,1103,73526,2026-08-11T12:40:00,4,2D,ESPAÑOL,Tradicional,la-muerte-de-robin-hood
cinepolis-portal-veracruz,1103,73527,2026-08-11T15:35:00,4,2D,ESPAÑOL,Tradicional,la-muerte-de-robin-hood
cinepolis-portal-veracruz,1103,73529,2026-08-11T21:30:00,4,2D,ESPAÑOL,Tradicional,la-muerte-de-robin-hood
cinepolis-portal-veracruz,1103,73528,2026-08-11T18:40:00,4,2D,SUBTITULADA,Tradicional,la-muerte-de-robin-hood
cinepolis-portal-veracruz,1103,73473,2026-08-07T15:45:00,5,2D,ESPAÑOL,Tradicional,la-odisea
cinepolis-portal-veracruz,1103,73483,2026-08-07T16:40:00,8,2D,ESPAÑOL,Tradicional,la-odisea
cinepolis-portal-veracruz,1103,73484,2026-08-07T20:05:00,8,2D,SUBTITULADA,Tradicional,la-odisea
cinepolis-portal-veracruz,1103,73424,2026-08-08T12:45:00,8,2D,ESPAÑOL,Tradicional,la-odisea
cinepolis-portal-veracruz,1103,73425,2026-08-08T16:15:00,8,2D,ESPAÑOL,Tradicional,la-odisea
cinepolis-portal-veracruz,1103,73289,2026-08-08T20:45:00,1,2D,ESPAÑOL,Tradicional,la-odisea
cinepolis-portal-veracruz,1103,73426,2026-08-08T20:00:00,8,2D,SUBTITULADA,Tradicional,la-odisea
cinepolis-portal-veracruz,1103,73621,2026-08-09T12:45:00,8,2D,ESPAÑOL,Tradicional,la-odisea
cinepolis-portal-veracruz,1103,73622,2026-08-09T16:15:00,8,2D,ESPAÑOL,Tradicional,la-odisea
cinepolis-portal-veracruz,1103,73596,2026-08-09T20:45:00,1,2D,ESPAÑOL,Tradicional,la-odisea
cinepolis-portal-veracruz,1103,73623,2026-08-09T20:00:00,8,2D,SUBTITULADA,Tradicional,la-odisea
cinepolis-portal-veracruz,1103,73511,2026-08-10T13:15:00,8,2D,ESPAÑOL,Tradicional,la-odisea
cinepolis-portal-veracruz,1103,73502,2026-08-10T15:45:00,5,2D,ESPAÑOL,Tradicional,la-odisea
cinepolis-portal-veracruz,1103,73512,2026-08-10T16:40:00,8,2D,ESPAÑOL,Tradicional,la-odisea
cinepolis-portal-veracruz,1103,73513,2026-08-10T20:05:00,8,2D,SUBTITULADA,Tradicional,la-odisea
cinepolis-portal-veracruz,1103,73540,2026-08-11T13:15:00,8,2D,ESPAÑOL,Tradicional,la-odisea
cinepolis-portal-veracruz,1103,73531,2026-08-11T15:45:00,5,2D,ESPAÑOL,Tradicional,la-odisea
cinepolis-portal-veracruz,1103,73541,2026-08-11T16:40:00,8,2D,ESPAÑOL,Tradicional,la-odisea
cinepolis-portal-veracruz,1103,73542,2026-08-11T20:05:00,8,2D,SUBTITULADA,Tradicional,la-odisea
cinepolis-portal-veracruz,1103,73569,2026-08-12T13:15:00,8,2D,ESPAÑOL,Tradicional,la-odisea
cinepolis-portal-veracruz,1103,73560,2026-08-12T15:45:00,5,2D,ESPAÑOL,Tradicional,la-odisea
cinepolis-portal-veracruz,1103,73570,2026-08-12T16:40:00,8,2D,ESPAÑOL,Tradicional,la-odisea
cinepolis-portal-veracruz,1103,73571,2026-08-12T20:05:00,8,2D,SUBTITULADA,Tradicional,la-odisea
cinepolis-portal-veracruz,1103,73334,2026-08-08T11:15:00,7,2D,ESPAÑOL,Tradicional,minions-y-monstruos
cinepolis-portal-veracruz,1103,73444,2026-08-08T17:10:00,6,2D,ESPAÑOL,Tradicional,minions-y-monstruos
cinepolis-portal-veracruz,1103,73617,2026-08-09T11:15:00,7,2D,ESPAÑOL,Tradicional,minions-y-monstruos
cinepolis-portal-veracruz,1103,73615,2026-08-09T17:10:00,6,2D,ESPAÑOL,Tradicional,minions-y-monstruos
cinepolis-portal-veracruz,1103,73507,2026-08-10T12:20:00,7,2D,ESPAÑOL,Tradicional,minions-y-monstruos
cinepolis-portal-veracruz,1103,73536,2026-08-11T12:20:00,7,2D,ESPAÑOL,Tradicional,minions-y-monstruos
cinepolis-portal-veracruz,1103,73565,2026-08-12T12:20:00,7,2D,ESPAÑOL,Tradicional,minions-y-monstruos
cinepolis-portal-veracruz,1103,73048,2026-08-13T13:45:00,5,2D,ESPAÑOL,Tradicional,paw-patrol-la-dino-pelicula
cinepolis-portal-veracruz,1103,73049,2026-08-13T15:45:00,5,2D,ESPAÑOL,Tradicional,paw-patrol-la-dino-pelicula
cinepolis-portal-veracruz,1103,73050,2026-08-13T17:55:00,5,2D,ESPAÑOL,Tradicional,paw-patrol-la-dino-pelicula
cinepolis-portal-veracruz,1103,73051,2026-08-13T20:05:00,5,2D,ESPAÑOL,Tradicional,paw-patrol-la-dino-pelicula
cinepolis-portal-veracruz,1103,73577,2026-08-14T13:45:00,5,2D,ESPAÑOL,Tradicional,paw-patrol-la-dino-pelicula
cinepolis-portal-veracruz,1103,73578,2026-08-14T15:45:00,5,2D,ESPAÑOL,Tradicional,paw-patrol-la-dino-pelicula
cinepolis-portal-veracruz,1103,73579,2026-08-14T17:55:00,5,2D,ESPAÑOL,Tradicional,paw-patrol-la-dino-pelicula
cinepolis-portal-veracruz,1103,73580,2026-08-14T20:05:00,5,2D,ESPAÑOL,Tradicional,paw-patrol-la-dino-pelicula
cinepolis-portal-veracruz,1103,73056,2026-08-15T13:30:00,5,2D,ESPAÑOL,Tradicional,paw-patrol-la-dino-pelicula
cinepolis-portal-veracruz,1103,73057,2026-08-15T15:45:00,5,2D,ESPAÑOL,Tradicional,paw-patrol-la-dino-pelicula
cinepolis-portal-veracruz,1103,73058,2026-08-15T18:00:00,5,2D,ESPAÑOL,Tradicional,paw-patrol-la-dino-pelicula
cinepolis-portal-veracruz,1103,73059,2026-08-15T20:15:00,5,2D,ESPAÑOL,Tradicional,paw-patrol-la-dino-pelicula
cinepolis-portal-veracruz,1103,73060,2026-08-16T13:30:00,5,2D,ESPAÑOL,Tradicional,paw-patrol-la-dino-pelicula
cinepolis-portal-veracruz,1103,73061,2026-08-16T15:45:00,5,2D,ESPAÑOL,Tradicional,paw-patrol-la-dino-pelicula
cinepolis-portal-veracruz,1103,73062,2026-08-16T18:00:00,5,2D,ESPAÑOL,Tradicional,paw-patrol-la-dino-pelicula
cinepolis-portal-veracruz,1103,73063,2026-08-16T20:15:00,5,2D,ESPAÑOL,Tradicional,paw-patrol-la-dino-pelicula
cinepolis-portal-veracruz,1103,73581,2026-08-17T13:45:00,5,2D,ESPAÑOL,Tradicional,paw-patrol-la-dino-pelicula
cinepolis-portal-veracruz,1103,73582,2026-08-17T15:45:00,5,2D,ESPAÑOL,Tradicional,paw-patrol-la-dino-pelicula
cinepolis-portal-veracruz,1103,73583,2026-08-17T17:55:00,5,2D,ESPAÑOL,Tradicional,paw-patrol-la-dino-pelicula
cinepolis-portal-veracruz,1103,73584,2026-08-17T20:05:00,5,2D,ESPAÑOL,Tradicional,paw-patrol-la-dino-pelicula
cinepolis-portal-veracruz,1103,73585,2026-08-18T13:45:00,5,2D,ESPAÑOL,Tradicional,paw-patrol-la-dino-pelicula
cinepolis-portal-veracruz,1103,73586,2026-08-18T15:45:00,5,2D,ESPAÑOL,Tradicional,paw-patrol-la-dino-pelicula
cinepolis-portal-veracruz,1103,73587,2026-08-18T17:55:00,5,2D,ESPAÑOL,Tradicional,paw-patrol-la-dino-pelicula
cinepolis-portal-veracruz,1103,73588,2026-08-18T20:05:00,5,2D,ESPAÑOL,Tradicional,paw-patrol-la-dino-pelicula
cinepolis-portal-veracruz,1103,73475,2026-08-07T13:50:00,6,2D,ESPAÑOL,Tradicional,spider-man-un-nuevo-dia
cinepolis-portal-veracruz,1103,73465,2026-08-07T14:25:00,3,2D,ESPAÑOL,Tradicional,spider-man-un-nuevo-dia
cinepolis-portal-veracruz,1103,73479,2026-08-07T14:50:00,7,2D,ESPAÑOL,Tradicional,spider-man-un-nuevo-dia
cinepolis-portal-veracruz,1103,73457,2026-08-07T15:20:00,1,3D,ESPAÑOL,Tradicional,spider-man-un-nuevo-dia
cinepolis-portal-veracruz,1103,73461,2026-08-07T16:00:00,2,2D,ESPAÑOL,Tradicional,spider-man-un-nuevo-dia
cinepolis-portal-veracruz,1103,73476,2026-08-07T17:05:00,6,2D,ESPAÑOL,Tradicional,spider-man-un-nuevo-dia
cinepolis-portal-veracruz,1103,73466,2026-08-07T17:45:00,3,2D,ESPAÑOL,Tradicional,spider-man-un-nuevo-dia
cinepolis-portal-veracruz,1103,73474,2026-08-07T19:40:00,5,2D,ESPAÑOL,Tradicional,spider-man-un-nuevo-dia
cinepolis-portal-veracruz,1103,73481,2026-08-07T20:20:00,7,2D,ESPAÑOL,Tradicional,spider-man-un-nuevo-dia
cinepolis-portal-veracruz,1103,73477,2026-08-07T20:50:00,6,2D,ESPAÑOL,Tradicional,spider-man-un-nuevo-dia
cinepolis-portal-veracruz,1103,73467,2026-08-07T21:15:00,3,2D,ESPAÑOL,Tradicional,spider-man-un-nuevo-dia
cinepolis-portal-veracruz,1103,73459,2026-08-07T21:40:00,1,2D,ESPAÑOL,Tradicional,spider-man-un-nuevo-dia
cinepolis-portal-veracruz,1103,73463,2026-08-07T22:05:00,2,2D,ESPAÑOL,Tradicional,spider-man-un-nuevo-dia
cinepolis-portal-veracruz,1103,73458,2026-08-07T18:25:00,1,3D,SUBTITULADA,Tradicional,spider-man-un-nuevo-dia
cinepolis-portal-veracruz,1103,73462,2026-08-07T19:00:00,2,2D,SUBTITULADA,Tradicional,spider-man-un-nuevo-dia
cinepolis-portal-veracruz,1103,73286,2026-08-08T11:00:00,1,3D,ESPAÑOL,Tradicional,spider-man-un-nuevo-dia
cinepolis-portal-veracruz,1103,73310,2026-08-08T12:00:00,3,2D,ESPAÑOL,Tradicional,spider-man-un-nuevo-dia
cinepolis-portal-veracruz,1103,73380,2026-08-08T12:30:00,5,2D,ESPAÑOL,Tradicional,spider-man-un-nuevo-dia
cinepolis-portal-veracruz,1103,73402,2026-08-08T13:00:00,2,2D,ESPAÑOL,Tradicional,spider-man-un-nuevo-dia
cinepolis-portal-veracruz,1103,73335,2026-08-08T13:30:00,7,2D,ESPAÑOL,Tradicional,spider-man-un-nuevo-dia
cinepolis-portal-veracruz,1103,73287,2026-08-08T14:05:00,1,3D,ESPAÑOL,Tradicional,spider-man-un-nuevo-dia
cinepolis-portal-veracruz,1103,73311,2026-08-08T15:05:00,3,2D,ESPAÑOL,Tradicional,spider-man-un-nuevo-dia
cinepolis-portal-veracruz,1103,73381,2026-08-08T15:30:00,5,2D,ESPAÑOL,Tradicional,spider-man-un-nuevo-dia
cinepolis-portal-veracruz,1103,73403,2026-08-08T16:00:00,2,2D,ESPAÑOL,Tradicional,spider-man-un-nuevo-dia
cinepolis-portal-veracruz,1103,73336,2026-08-08T16:45:00,7,2D,ESPAÑOL,Tradicional,spider-man-un-nuevo-dia
cinepolis-portal-veracruz,1103,73288,2026-08-08T17:30:00,1,3D,ESPAÑOL,Tradicional,spider-man-un-nuevo-dia
cinepolis-portal-veracruz,1103,73312,2026-08-08T18:10:00,3,2D,ESPAÑOL,Tradicional,spider-man-un-nuevo-dia
cinepolis-portal-veracruz,1103,73445,2026-08-08T19:40:00,6,2D,ESPAÑOL,Tradicional,spider-man-un-nuevo-dia
cinepolis-portal-veracruz,1103,73313,2026-08-08T21:20:00,3,2D,ESPAÑOL,Tradicional,spider-man-un-nuevo-dia
cinepolis-portal-veracruz,1103,73383,2026-08-08T21:40:00,5,2D,ESPAÑOL,Tradicional,spider-man-un-nuevo-dia
cinepolis-portal-veracruz,1103,73405,2026-08-08T22:05:00,2,2D,ESPAÑOL,Tradicional,spider-man-un-nuevo-dia
cinepolis-portal-veracruz,1103,73382,2026-08-08T18:35:00,5,2D,SUBTITULADA,Tradicional,spider-man-un-nuevo-dia
cinepolis-portal-veracruz,1103,73404,2026-08-08T19:00:00,2,2D,SUBTITULADA,Tradicional,spider-man-un-nuevo-dia
cinepolis-portal-veracruz,1103,73593,2026-08-09T11:00:00,1,3D,ESPAÑOL,Tradicional,spider-man-un-nuevo-dia
cinepolis-portal-veracruz,1103,73601,2026-08-09T12:00:00,3,2D,ESPAÑOL,Tradicional,spider-man-un-nuevo-dia
cinepolis-portal-veracruz,1103,73609,2026-08-09T12:30:00,5,2D,ESPAÑOL,Tradicional,spider-man-un-nuevo-dia
cinepolis-portal-veracruz,1103,73597,2026-08-09T13:00:00,2,2D,ESPAÑOL,Tradicional,spider-man-un-nuevo-dia
cinepolis-portal-veracruz,1103,73618,2026-08-09T13:30:00,7,2D,ESPAÑOL,Tradicional,spider-man-un-nuevo-dia
cinepolis-portal-veracruz,1103,73594,2026-08-09T14:05:00,1,3D,ESPAÑOL,Tradicional,spider-man-un-nuevo-dia
cinepolis-portal-veracruz,1103,73602,2026-08-09T15:05:00,3,2D,ESPAÑOL,Tradicional,spider-man-un-nuevo-dia
cinepolis-portal-veracruz,1103,73610,2026-08-09T15:30:00,5,2D,ESPAÑOL,Tradicional,spider-man-un-nuevo-dia
cinepolis-portal-veracruz,1103,73598,2026-08-09T16:00:00,2,2D,ESPAÑOL,Tradicional,spider-man-un-nuevo-dia
cinepolis-portal-veracruz,1103,73619,2026-08-09T16:45:00,7,2D,ESPAÑOL,Tradicional,spider-man-un-nuevo-dia
cinepolis-portal-veracruz,1103,73595,2026-08-09T17:30:00,1,3D,ESPAÑOL,Tradicional,spider-man-un-nuevo-dia
cinepolis-portal-veracruz,1103,73603,2026-08-09T18:10:00,3,2D,ESPAÑOL,Tradicional,spider-man-un-nuevo-dia
cinepolis-portal-veracruz,1103,73616,2026-08-09T19:40:00,6,2D,ESPAÑOL,Tradicional,spider-man-un-nuevo-dia
cinepolis-portal-veracruz,1103,73604,2026-08-09T21:20:00,3,2D,ESPAÑOL,Tradicional,spider-man-un-nuevo-dia
cinepolis-portal-veracruz,1103,73612,2026-08-09T21:40:00,5,2D,ESPAÑOL,Tradicional,spider-man-un-nuevo-dia
cinepolis-portal-veracruz,1103,73600,2026-08-09T22:05:00,2,2D,ESPAÑOL,Tradicional,spider-man-un-nuevo-dia
cinepolis-portal-veracruz,1103,73611,2026-08-09T18:35:00,5,2D,SUBTITULADA,Tradicional,spider-man-un-nuevo-dia
cinepolis-portal-veracruz,1103,73599,2026-08-09T19:00:00,2,2D,SUBTITULADA,Tradicional,spider-man-un-nuevo-dia
cinepolis-portal-veracruz,1103,73485,2026-08-10T12:00:00,1,3D,ESPAÑOL,Tradicional,spider-man-un-nuevo-dia
cinepolis-portal-veracruz,1103,73501,2026-08-10T12:30:00,5,2D,ESPAÑOL,Tradicional,spider-man-un-nuevo-dia
cinepolis-portal-veracruz,1103,73489,2026-08-10T13:00:00,2,2D,ESPAÑOL,Tradicional,spider-man-un-nuevo-dia
cinepolis-portal-veracruz,1103,73504,2026-08-10T13:50:00,6,2D,ESPAÑOL,Tradicional,spider-man-un-nuevo-dia
cinepolis-portal-veracruz,1103,73494,2026-08-10T14:25:00,3,2D,ESPAÑOL,Tradicional,spider-man-un-nuevo-dia
cinepolis-portal-veracruz,1103,73508,2026-08-10T14:50:00,7,2D,ESPAÑOL,Tradicional,spider-man-un-nuevo-dia
cinepolis-portal-veracruz,1103,73486,2026-08-10T15:20:00,1,3D,ESPAÑOL,Tradicional,spider-man-un-nuevo-dia
cinepolis-portal-veracruz,1103,73490,2026-08-10T16:00:00,2,2D,ESPAÑOL,Tradicional,spider-man-un-nuevo-dia
cinepolis-portal-veracruz,1103,73505,2026-08-10T17:05:00,6,2D,ESPAÑOL,Tradicional,spider-man-un-nuevo-dia
cinepolis-portal-veracruz,1103,73495,2026-08-10T17:45:00,3,2D,ESPAÑOL,Tradicional,spider-man-un-nuevo-dia
cinepolis-portal-veracruz,1103,73503,2026-08-10T19:40:00,5,2D,ESPAÑOL,Tradicional,spider-man-un-nuevo-dia
cinepolis-portal-veracruz,1103,73510,2026-08-10T20:20:00,7,2D,ESPAÑOL,Tradicional,spider-man-un-nuevo-dia
cinepolis-portal-veracruz,1103,73506,2026-08-10T20:50:00,6,2D,ESPAÑOL,Tradicional,spider-man-un-nuevo-dia
cinepolis-portal-veracruz,1103,73496,2026-08-10T21:15:00,3,2D,ESPAÑOL,Tradicional,spider-man-un-nuevo-dia
cinepolis-portal-veracruz,1103,73488,2026-08-10T21:40:00,1,2D,ESPAÑOL,Tradicional,spider-man-un-nuevo-dia
cinepolis-portal-veracruz,1103,73492,2026-08-10T22:05:00,2,2D,ESPAÑOL,Tradicional,spider-man-un-nuevo-dia
cinepolis-portal-veracruz,1103,73487,2026-08-10T18:25:00,1,3D,SUBTITULADA,Tradicional,spider-man-un-nuevo-dia
cinepolis-portal-veracruz,1103,73491,2026-08-10T19:00:00,2,2D,SUBTITULADA,Tradicional,spider-man-un-nuevo-dia
cinepolis-portal-veracruz,1103,73514,2026-08-11T12:00:00,1,3D,ESPAÑOL,Tradicional,spider-man-un-nuevo-dia
cinepolis-portal-veracruz,1103,73530,2026-08-11T12:30:00,5,2D,ESPAÑOL,Tradicional,spider-man-un-nuevo-dia
cinepolis-portal-veracruz,1103,73518,2026-08-11T13:00:00,2,2D,ESPAÑOL,Tradicional,spider-man-un-nuevo-dia
cinepolis-portal-veracruz,1103,73533,2026-08-11T13:50:00,6,2D,ESPAÑOL,Tradicional,spider-man-un-nuevo-dia
cinepolis-portal-veracruz,1103,73523,2026-08-11T14:25:00,3,2D,ESPAÑOL,Tradicional,spider-man-un-nuevo-dia
cinepolis-portal-veracruz,1103,73537,2026-08-11T14:50:00,7,2D,ESPAÑOL,Tradicional,spider-man-un-nuevo-dia
cinepolis-portal-veracruz,1103,73515,2026-08-11T15:20:00,1,3D,ESPAÑOL,Tradicional,spider-man-un-nuevo-dia
cinepolis-portal-veracruz,1103,73519,2026-08-11T16:00:00,2,2D,ESPAÑOL,Tradicional,spider-man-un-nuevo-dia
cinepolis-portal-veracruz,1103,73534,2026-08-11T17:05:00,6,2D,ESPAÑOL,Tradicional,spider-man-un-nuevo-dia
cinepolis-portal-veracruz,1103,73524,2026-08-11T17:45:00,3,2D,ESPAÑOL,Tradicional,spider-man-un-nuevo-dia
cinepolis-portal-veracruz,1103,73532,2026-08-11T19:40:00,5,2D,ESPAÑOL,Tradicional,spider-man-un-nuevo-dia
cinepolis-portal-veracruz,1103,73539,2026-08-11T20:20:00,7,2D,ESPAÑOL,Tradicional,spider-man-un-nuevo-dia
cinepolis-portal-veracruz,1103,73535,2026-08-11T20:50:00,6,2D,ESPAÑOL,Tradicional,spider-man-un-nuevo-dia
cinepolis-portal-veracruz,1103,73525,2026-08-11T21:15:00,3,2D,ESPAÑOL,Tradicional,spider-man-un-nuevo-dia
cinepolis-portal-veracruz,1103,73517,2026-08-11T21:40:00,1,2D,ESPAÑOL,Tradicional,spider-man-un-nuevo-dia
cinepolis-portal-veracruz,1103,73521,2026-08-11T22:05:00,2,2D,ESPAÑOL,Tradicional,spider-man-un-nuevo-dia
cinepolis-portal-veracruz,1103,73516,2026-08-11T18:25:00,1,3D,SUBTITULADA,Tradicional,spider-man-un-nuevo-dia
cinepolis-portal-veracruz,1103,73520,2026-08-11T19:00:00,2,2D,SUBTITULADA,Tradicional,spider-man-un-nuevo-dia
cinepolis-portal-veracruz,1103,73543,2026-08-12T12:00:00,1,3D,ESPAÑOL,Tradicional,spider-man-un-nuevo-dia
cinepolis-portal-veracruz,1103,73559,2026-08-12T12:30:00,5,2D,ESPAÑOL,Tradicional,spider-man-un-nuevo-dia
cinepolis-portal-veracruz,1103,73547,2026-08-12T13:00:00,2,2D,ESPAÑOL,Tradicional,spider-man-un-nuevo-dia
cinepolis-portal-veracruz,1103,73562,2026-08-12T13:50:00,6,2D,ESPAÑOL,Tradicional,spider-man-un-nuevo-dia
cinepolis-portal-veracruz,1103,73552,2026-08-12T14:25:00,3,2D,ESPAÑOL,Tradicional,spider-man-un-nuevo-dia
cinepolis-portal-veracruz,1103,73566,2026-08-12T14:50:00,7,2D,ESPAÑOL,Tradicional,spider-man-un-nuevo-dia
cinepolis-portal-veracruz,1103,73544,2026-08-12T15:20:00,1,3D,ESPAÑOL,Tradicional,spider-man-un-nuevo-dia
cinepolis-portal-veracruz,1103,73548,2026-08-12T16:00:00,2,2D,ESPAÑOL,Tradicional,spider-man-un-nuevo-dia
cinepolis-portal-veracruz,1103,73563,2026-08-12T17:05:00,6,2D,ESPAÑOL,Tradicional,spider-man-un-nuevo-dia
cinepolis-portal-veracruz,1103,73553,2026-08-12T17:45:00,3,2D,ESPAÑOL,Tradicional,spider-man-un-nuevo-dia
cinepolis-portal-veracruz,1103,73561,2026-08-12T19:40:00,5,2D,ESPAÑOL,Tradicional,spider-man-un-nuevo-dia
cinepolis-portal-veracruz,1103,73568,2026-08-12T20:20:00,7,2D,ESPAÑOL,Tradicional,spider-man-un-nuevo-dia
cinepolis-portal-veracruz,1103,73564,2026-08-12T20:50:00,6,2D,ESPAÑOL,Tradicional,spider-man-un-nuevo-dia
cinepolis-portal-veracruz,1103,73554,2026-08-12T21:15:00,3,2D,ESPAÑOL,Tradicional,spider-man-un-nuevo-dia
cinepolis-portal-veracruz,1103,73546,2026-08-12T21:40:00,1,2D,ESPAÑOL,Tradicional,spider-man-un-nuevo-dia
cinepolis-portal-veracruz,1103,73550,2026-08-12T22:05:00,2,2D,ESPAÑOL,Tradicional,spider-man-un-nuevo-dia
cinepolis-portal-veracruz,1103,73545,2026-08-12T18:25:00,1,3D,SUBTITULADA,Tradicional,spider-man-un-nuevo-dia
cinepolis-portal-veracruz,1103,73549,2026-08-12T19:00:00,2,2D,SUBTITULADA,Tradicional,spider-man-un-nuevo-dia
cinepolis-portal-veracruz,1103,73480,2026-08-07T18:00:00,7,2D,ESPAÑOL,Tradicional,toy-story-5
cinepolis-portal-veracruz,1103,73442,2026-08-08T12:15:00,6,2D,ESPAÑOL,Tradicional,toy-story-5
cinepolis-portal-veracruz,1103,73443,2026-08-08T14:35:00,6,2D,ESPAÑOL,Tradicional,toy-story-5
cinepolis-portal-veracruz,1103,73337,2026-08-08T20:20:00,7,2D,ESPAÑOL,Tradicional,toy-story-5
cinepolis-portal-veracruz,1103,73613,2026-08-09T12:15:00,6,2D,ESPAÑOL,Tradicional,toy-story-5
cinepolis-portal-veracruz,1103,73614,2026-08-09T14:35:00,6,2D,ESPAÑOL,Tradicional,toy-story-5
cinepolis-portal-veracruz,1103,73620,2026-08-09T20:20:00,7,2D,ESPAÑOL,Tradicional,toy-story-5
cinepolis-portal-veracruz,1103,73493,2026-08-10T12:10:00,3,2D,ESPAÑOL,Tradicional,toy-story-5
cinepolis-portal-veracruz,1103,73509,2026-08-10T18:00:00,7,2D,ESPAÑOL,Tradicional,toy-story-5
cinepolis-portal-veracruz,1103,73522,2026-08-11T12:10:00,3,2D,ESPAÑOL,Tradicional,toy-story-5
cinepolis-portal-veracruz,1103,73538,2026-08-11T18:00:00,7,2D,ESPAÑOL,Tradicional,toy-story-5
cinepolis-portal-veracruz,1103,73551,2026-08-12T12:10:00,3,2D,ESPAÑOL,Tradicional,toy-story-5
cinepolis-portal-veracruz,1103,73567,2026-08-12T18:00:00,7,2D,ESPAÑOL,Tradicional,toy-story-5
cinepolis-plaza-del-puerto-veracruz,260,97581,2026-08-14T17:00:00,10,2D,ORIGINAL,Tradicional,2026-cortis-tour-put-your-phone-down-en-vivo
cinepolis-plaza-del-puerto-veracruz,260,97448,2026-08-11T19:25:00,9,2D,ESPAÑOL,Tradicional,el-final-de-la-calle-oak
cinepolis-plaza-del-puerto-veracruz,260,97449,2026-08-11T21:50:00,9,2D,ESPAÑOL,Tradicional,el-final-de-la-calle-oak
cinepolis-plaza-del-puerto-veracruz,260,96879,2026-08-27T17:30:00,3,2D,ESPAÑOL,Tradicional,harry-potter-y-la-piedra-filosofal-25
cinepolis-plaza-del-puerto-veracruz,260,96880,2026-08-27T21:00:00,3,2D,ESPAÑOL,Tradicional,harry-potter-y-la-piedra-filosofal-25
cinepolis-plaza-del-puerto-veracruz,260,96871,2026-08-28T17:30:00,3,2D,ESPAÑOL,Tradicional,harry-potter-y-la-piedra-filosofal-25
cinepolis-plaza-del-puerto-veracruz,260,96872,2026-08-28T21:00:00,3,2D,ESPAÑOL,Tradicional,harry-potter-y-la-piedra-filosofal-25
cinepolis-plaza-del-puerto-veracruz,260,96873,2026-08-29T16:00:00,3,2D,ESPAÑOL,Tradicional,harry-potter-y-la-piedra-filosofal-25
cinepolis-plaza-del-puerto-veracruz,260,96874,2026-08-29T19:30:00,3,2D,ESPAÑOL,Tradicional,harry-potter-y-la-piedra-filosofal-25
cinepolis-plaza-del-puerto-veracruz,260,96875,2026-08-30T16:00:00,3,2D,ESPAÑOL,Tradicional,harry-potter-y-la-piedra-filosofal-25
cinepolis-plaza-del-puerto-veracruz,260,96876,2026-08-30T19:30:00,3,2D,ESPAÑOL,Tradicional,harry-potter-y-la-piedra-filosofal-25
cinepolis-plaza-del-puerto-veracruz,260,96877,2026-08-31T17:30:00,3,2D,ESPAÑOL,Tradicional,harry-potter-y-la-piedra-filosofal-25
cinepolis-plaza-del-puerto-veracruz,260,96878,2026-08-31T21:00:00,3,2D,ESPAÑOL,Tradicional,harry-potter-y-la-piedra-filosofal-25
cinepolis-plaza-del-puerto-veracruz,260,97057,2026-09-01T17:30:00,3,2D,ESPAÑOL,Tradicional,harry-potter-y-la-piedra-filosofal-25
cinepolis-plaza-del-puerto-veracruz,260,97058,2026-09-01T21:00:00,3,2D,ESPAÑOL,Tradicional,harry-potter-y-la-piedra-filosofal-25
cinepolis-plaza-del-puerto-veracruz,260,97059,2026-09-02T17:30:00,3,2D,ESPAÑOL,Tradicional,harry-potter-y-la-piedra-filosofal-25
cinepolis-plaza-del-puerto-veracruz,260,97060,2026-09-02T21:00:00,3,2D,ESPAÑOL,Tradicional,harry-potter-y-la-piedra-filosofal-25
cinepolis-plaza-del-puerto-veracruz,260,97377,2026-08-07T16:00:00,11,2D,ESPAÑOL,Tradicional,insaciable
cinepolis-plaza-del-puerto-veracruz,260,97379,2026-08-07T21:20:00,11,2D,ESPAÑOL,Tradicional,insaciable
cinepolis-plaza-del-puerto-veracruz,260,97536,2026-08-08T11:00:00,11,2D,ESPAÑOL,Tradicional,insaciable
cinepolis-plaza-del-puerto-veracruz,260,97530,2026-08-08T16:00:00,11,2D,ESPAÑOL,Tradicional,insaciable
cinepolis-plaza-del-puerto-veracruz,260,97532,2026-08-08T21:20:00,11,2D,ESPAÑOL,Tradicional,insaciable
cinepolis-plaza-del-puerto-veracruz,260,97575,2026-08-09T11:00:00,11,2D,ESPAÑOL,Tradicional,insaciable
cinepolis-plaza-del-puerto-veracruz,260,97577,2026-08-09T16:00:00,11,2D,ESPAÑOL,Tradicional,insaciable
cinepolis-plaza-del-puerto-veracruz,260,97579,2026-08-09T21:20:00,11,2D,ESPAÑOL,Tradicional,insaciable
cinepolis-plaza-del-puerto-veracruz,260,97416,2026-08-10T16:00:00,11,2D,ESPAÑOL,Tradicional,insaciable
cinepolis-plaza-del-puerto-veracruz,260,97418,2026-08-10T21:20:00,11,2D,ESPAÑOL,Tradicional,insaciable
cinepolis-plaza-del-puerto-veracruz,260,97455,2026-08-11T16:00:00,11,2D,ESPAÑOL,Tradicional,insaciable
cinepolis-plaza-del-puerto-veracruz,260,97457,2026-08-11T21:20:00,11,2D,ESPAÑOL,Tradicional,insaciable
cinepolis-plaza-del-puerto-veracruz,260,97491,2026-08-12T16:00:00,11,2D,ESPAÑOL,Tradicional,insaciable
cinepolis-plaza-del-puerto-veracruz,260,97493,2026-08-12T21:20:00,11,2D,ESPAÑOL,Tradicional,insaciable
cinepolis-plaza-del-puerto-veracruz,260,97362,2026-08-07T15:35:00,7,2D,ESPAÑOL,Tradicional,la-muerte-de-robin-hood
cinepolis-plaza-del-puerto-veracruz,260,97363,2026-08-07T18:25:00,7,2D,ESPAÑOL,Tradicional,la-muerte-de-robin-hood
cinepolis-plaza-del-puerto-veracruz,260,97364,2026-08-07T21:10:00,7,2D,ESPAÑOL,Tradicional,la-muerte-de-robin-hood
cinepolis-plaza-del-puerto-veracruz,260,97514,2026-08-08T12:50:00,7,2D,ESPAÑOL,Tradicional,la-muerte-de-robin-hood
cinepolis-plaza-del-puerto-veracruz,260,97515,2026-08-08T15:35:00,7,2D,ESPAÑOL,Tradicional,la-muerte-de-robin-hood
cinepolis-plaza-del-puerto-veracruz,260,97516,2026-08-08T18:25:00,7,2D,ESPAÑOL,Tradicional,la-muerte-de-robin-hood
cinepolis-plaza-del-puerto-veracruz,260,97517,2026-08-08T21:10:00,7,2D,ESPAÑOL,Tradicional,la-muerte-de-robin-hood
cinepolis-plaza-del-puerto-veracruz,260,97559,2026-08-09T12:50:00,7,2D,ESPAÑOL,Tradicional,la-muerte-de-robin-hood
cinepolis-plaza-del-puerto-veracruz,260,97560,2026-08-09T15:35:00,7,2D,ESPAÑOL,Tradicional,la-muerte-de-robin-hood
cinepolis-plaza-del-puerto-veracruz,260,97561,2026-08-09T18:25:00,7,2D,ESPAÑOL,Tradicional,la-muerte-de-robin-hood
cinepolis-plaza-del-puerto-veracruz,260,97562,2026-08-09T21:10:00,7,2D,ESPAÑOL,Tradicional,la-muerte-de-robin-hood
cinepolis-plaza-del-puerto-veracruz,260,97400,2026-08-10T12:50:00,7,2D,ESPAÑOL,Tradicional,la-muerte-de-robin-hood
cinepolis-plaza-del-puerto-veracruz,260,97401,2026-08-10T15:35:00,7,2D,ESPAÑOL,Tradicional,la-muerte-de-robin-hood
cinepolis-plaza-del-puerto-veracruz,260,97402,2026-08-10T18:25:00,7,2D,ESPAÑOL,Tradicional,la-muerte-de-robin-hood
cinepolis-plaza-del-puerto-veracruz,260,97403,2026-08-10T21:10:00,7,2D,ESPAÑOL,Tradicional,la-muerte-de-robin-hood
cinepolis-plaza-del-puerto-veracruz,260,97439,2026-08-11T12:50:00,7,2D,ESPAÑOL,Tradicional,la-muerte-de-robin-hood
cinepolis-plaza-del-puerto-veracruz,260,97440,2026-08-11T15:35:00,7,2D,ESPAÑOL,Tradicional,la-muerte-de-robin-hood
cinepolis-plaza-del-puerto-veracruz,260,97441,2026-08-11T18:25:00,7,2D,ESPAÑOL,Tradicional,la-muerte-de-robin-hood
cinepolis-plaza-del-puerto-veracruz,260,97442,2026-08-11T21:10:00,7,2D,ESPAÑOL,Tradicional,la-muerte-de-robin-hood
cinepolis-plaza-del-puerto-veracruz,260,97478,2026-08-12T12:50:00,7,2D,ESPAÑOL,Tradicional,la-muerte-de-robin-hood
cinepolis-plaza-del-puerto-veracruz,260,97479,2026-08-12T15:35:00,7,2D,ESPAÑOL,Tradicional,la-muerte-de-robin-hood
cinepolis-plaza-del-puerto-veracruz,260,97480,2026-08-12T18:25:00,7,2D,ESPAÑOL,Tradicional,la-muerte-de-robin-hood
cinepolis-plaza-del-puerto-veracruz,260,97481,2026-08-12T21:10:00,7,2D,ESPAÑOL,Tradicional,la-muerte-de-robin-hood
cinepolis-plaza-del-puerto-veracruz,260,97373,2026-08-07T14:20:00,10,2D,ESPAÑOL,Tradicional,la-odisea
cinepolis-plaza-del-puerto-veracruz,260,97353,2026-08-07T15:40:00,4,2D,ESPAÑOL,Tradicional,la-odisea
cinepolis-plaza-del-puerto-veracruz,260,97354,2026-08-07T19:20:00,4,2D,ESPAÑOL,Tradicional,la-odisea
cinepolis-plaza-del-puerto-veracruz,260,97375,2026-08-07T20:50:00,10,2D,ESPAÑOL,Tradicional,la-odisea
cinepolis-plaza-del-puerto-veracruz,260,97505,2026-08-08T12:05:00,4,2D,ESPAÑOL,Tradicional,la-odisea
cinepolis-plaza-del-puerto-veracruz,260,97526,2026-08-08T14:20:00,10,2D,ESPAÑOL,Tradicional,la-odisea
cinepolis-plaza-del-puerto-veracruz,260,97506,2026-08-08T15:40:00,4,2D,ESPAÑOL,Tradicional,la-odisea
cinepolis-plaza-del-puerto-veracruz,260,97507,2026-08-08T19:20:00,4,2D,ESPAÑOL,Tradicional,la-odisea
cinepolis-plaza-del-puerto-veracruz,260,97528,2026-08-08T20:50:00,10,2D,ESPAÑOL,Tradicional,la-odisea
cinepolis-plaza-del-puerto-veracruz,260,97549,2026-08-09T12:05:00,4,2D,ESPAÑOL,Tradicional,la-odisea
cinepolis-plaza-del-puerto-veracruz,260,97572,2026-08-09T14:20:00,10,2D,ESPAÑOL,Tradicional,la-odisea
cinepolis-plaza-del-puerto-veracruz,260,97550,2026-08-09T15:40:00,4,2D,ESPAÑOL,Tradicional,la-odisea
cinepolis-plaza-del-puerto-veracruz,260,97551,2026-08-09T19:20:00,4,2D,ESPAÑOL,Tradicional,la-odisea
cinepolis-plaza-del-puerto-veracruz,260,97574,2026-08-09T20:50:00,10,2D,ESPAÑOL,Tradicional,la-odisea
cinepolis-plaza-del-puerto-veracruz,260,97391,2026-08-10T12:05:00,4,2D,ESPAÑOL,Tradicional,la-odisea
cinepolis-plaza-del-puerto-veracruz,260,97412,2026-08-10T14:20:00,10,2D,ESPAÑOL,Tradicional,la-odisea
cinepolis-plaza-del-puerto-veracruz,260,97392,2026-08-10T15:40:00,4,2D,ESPAÑOL,Tradicional,la-odisea
cinepolis-plaza-del-puerto-veracruz,260,97393,2026-08-10T19:20:00,4,2D,ESPAÑOL,Tradicional,la-odisea
cinepolis-plaza-del-puerto-veracruz,260,97414,2026-08-10T20:50:00,10,2D,ESPAÑOL,Tradicional,la-odisea
cinepolis-plaza-del-puerto-veracruz,260,97430,2026-08-11T12:05:00,4,2D,ESPAÑOL,Tradicional,la-odisea
cinepolis-plaza-del-puerto-veracruz,260,97451,2026-08-11T14:20:00,10,2D,ESPAÑOL,Tradicional,la-odisea
cinepolis-plaza-del-puerto-veracruz,260,97431,2026-08-11T15:40:00,4,2D,ESPAÑOL,Tradicional,la-odisea
cinepolis-plaza-del-puerto-veracruz,260,97432,2026-08-11T19:20:00,4,2D,ESPAÑOL,Tradicional,la-odisea
cinepolis-plaza-del-puerto-veracruz,260,97453,2026-08-11T20:50:00,10,2D,ESPAÑOL,Tradicional,la-odisea
cinepolis-plaza-del-puerto-veracruz,260,97469,2026-08-12T12:05:00,4,2D,ESPAÑOL,Tradicional,la-odisea
cinepolis-plaza-del-puerto-veracruz,260,97487,2026-08-12T14:20:00,10,2D,ESPAÑOL,Tradicional,la-odisea
cinepolis-plaza-del-puerto-veracruz,260,97470,2026-08-12T15:40:00,4,2D,ESPAÑOL,Tradicional,la-odisea
cinepolis-plaza-del-puerto-veracruz,260,97471,2026-08-12T19:20:00,4,2D,ESPAÑOL,Tradicional,la-odisea
cinepolis-plaza-del-puerto-veracruz,260,97489,2026-08-12T20:50:00,10,2D,ESPAÑOL,Tradicional,la-odisea
cinepolis-plaza-del-puerto-veracruz,260,97370,2026-08-07T19:15:00,9,2D,ESPAÑOL,Tradicional,minions-y-monstruos
cinepolis-plaza-del-puerto-veracruz,260,97534,2026-08-08T11:00:00,5,2D,ESPAÑOL,Tradicional,minions-y-monstruos
cinepolis-plaza-del-puerto-veracruz,260,97501,2026-08-08T12:15:00,3,2D,ESPAÑOL,Tradicional,minions-y-monstruos
cinepolis-plaza-del-puerto-veracruz,260,97523,2026-08-08T19:15:00,9,2D,ESPAÑOL,Tradicional,minions-y-monstruos
cinepolis-plaza-del-puerto-veracruz,260,97552,2026-08-09T11:00:00,5,2D,ESPAÑOL,Tradicional,minions-y-monstruos
cinepolis-plaza-del-puerto-veracruz,260,97545,2026-08-09T12:15:00,3,2D,ESPAÑOL,Tradicional,minions-y-monstruos
cinepolis-plaza-del-puerto-veracruz,260,97569,2026-08-09T19:15:00,9,2D,ESPAÑOL,Tradicional,minions-y-monstruos
cinepolis-plaza-del-puerto-veracruz,260,97387,2026-08-10T12:15:00,3,2D,ESPAÑOL,Tradicional,minions-y-monstruos
cinepolis-plaza-del-puerto-veracruz,260,97409,2026-08-10T19:15:00,9,2D,ESPAÑOL,Tradicional,minions-y-monstruos
cinepolis-plaza-del-puerto-veracruz,260,97426,2026-08-11T12:15:00,3,2D,ESPAÑOL,Tradicional,minions-y-monstruos
cinepolis-plaza-del-puerto-veracruz,260,97465,2026-08-12T12:15:00,3,2D,ESPAÑOL,Tradicional,minions-y-monstruos
cinepolis-plaza-del-puerto-veracruz,260,96837,2026-08-12T12:35:00,9,2D,ESPAÑOL,Tradicional,paw-patrol-la-dino-pelicula
cinepolis-plaza-del-puerto-veracruz,260,96838,2026-08-12T14:45:00,9,2D,ESPAÑOL,Tradicional,paw-patrol-la-dino-pelicula
cinepolis-plaza-del-puerto-veracruz,260,96839,2026-08-12T16:50:00,9,2D,ESPAÑOL,Tradicional,paw-patrol-la-dino-pelicula
cinepolis-plaza-del-puerto-veracruz,260,96840,2026-08-12T19:00:00,9,2D,ESPAÑOL,Tradicional,paw-patrol-la-dino-pelicula
cinepolis-plaza-del-puerto-veracruz,260,96853,2026-08-13T14:10:00,3,2D,ESPAÑOL,Tradicional,paw-patrol-la-dino-pelicula
cinepolis-plaza-del-puerto-veracruz,260,96854,2026-08-13T16:15:00,3,2D,ESPAÑOL,Tradicional,paw-patrol-la-dino-pelicula
cinepolis-plaza-del-puerto-veracruz,260,96855,2026-08-13T18:20:00,3,2D,ESPAÑOL,Tradicional,paw-patrol-la-dino-pelicula
cinepolis-plaza-del-puerto-veracruz,260,96856,2026-08-13T20:30:00,3,2D,ESPAÑOL,Tradicional,paw-patrol-la-dino-pelicula
cinepolis-plaza-del-puerto-veracruz,260,96857,2026-08-14T14:10:00,3,2D,ESPAÑOL,Tradicional,paw-patrol-la-dino-pelicula
cinepolis-plaza-del-puerto-veracruz,260,96858,2026-08-14T16:15:00,3,2D,ESPAÑOL,Tradicional,paw-patrol-la-dino-pelicula
cinepolis-plaza-del-puerto-veracruz,260,96859,2026-08-14T18:20:00,3,2D,ESPAÑOL,Tradicional,paw-patrol-la-dino-pelicula
cinepolis-plaza-del-puerto-veracruz,260,96860,2026-08-14T20:30:00,3,2D,ESPAÑOL,Tradicional,paw-patrol-la-dino-pelicula
cinepolis-plaza-del-puerto-veracruz,260,96861,2026-08-15T12:00:00,3,2D,ESPAÑOL,Tradicional,paw-patrol-la-dino-pelicula
cinepolis-plaza-del-puerto-veracruz,260,96862,2026-08-15T14:05:00,3,2D,ESPAÑOL,Tradicional,paw-patrol-la-dino-pelicula
cinepolis-plaza-del-puerto-veracruz,260,96863,2026-08-15T16:05:00,3,2D,ESPAÑOL,Tradicional,paw-patrol-la-dino-pelicula
cinepolis-plaza-del-puerto-veracruz,260,96864,2026-08-15T18:10:00,3,2D,ESPAÑOL,Tradicional,paw-patrol-la-dino-pelicula
cinepolis-plaza-del-puerto-veracruz,260,96865,2026-08-15T20:15:00,3,2D,ESPAÑOL,Tradicional,paw-patrol-la-dino-pelicula
cinepolis-plaza-del-puerto-veracruz,260,96866,2026-08-16T12:00:00,3,2D,ESPAÑOL,Tradicional,paw-patrol-la-dino-pelicula
cinepolis-plaza-del-puerto-veracruz,260,96867,2026-08-16T14:05:00,3,2D,ESPAÑOL,Tradicional,paw-patrol-la-dino-pelicula
cinepolis-plaza-del-puerto-veracruz,260,96868,2026-08-16T16:05:00,3,2D,ESPAÑOL,Tradicional,paw-patrol-la-dino-pelicula
cinepolis-plaza-del-puerto-veracruz,260,96869,2026-08-16T18:10:00,3,2D,ESPAÑOL,Tradicional,paw-patrol-la-dino-pelicula
cinepolis-plaza-del-puerto-veracruz,260,96870,2026-08-16T20:15:00,3,2D,ESPAÑOL,Tradicional,paw-patrol-la-dino-pelicula
cinepolis-plaza-del-puerto-veracruz,260,96841,2026-08-17T14:10:00,3,2D,ESPAÑOL,Tradicional,paw-patrol-la-dino-pelicula
cinepolis-plaza-del-puerto-veracruz,260,96842,2026-08-17T16:15:00,3,2D,ESPAÑOL,Tradicional,paw-patrol-la-dino-pelicula
cinepolis-plaza-del-puerto-veracruz,260,96843,2026-08-17T18:20:00,3,2D,ESPAÑOL,Tradicional,paw-patrol-la-dino-pelicula
cinepolis-plaza-del-puerto-veracruz,260,96844,2026-08-17T20:30:00,3,2D,ESPAÑOL,Tradicional,paw-patrol-la-dino-pelicula
cinepolis-plaza-del-puerto-veracruz,260,96845,2026-08-18T14:10:00,3,2D,ESPAÑOL,Tradicional,paw-patrol-la-dino-pelicula
cinepolis-plaza-del-puerto-veracruz,260,96846,2026-08-18T16:15:00,3,2D,ESPAÑOL,Tradicional,paw-patrol-la-dino-pelicula
cinepolis-plaza-del-puerto-veracruz,260,96847,2026-08-18T18:20:00,3,2D,ESPAÑOL,Tradicional,paw-patrol-la-dino-pelicula
cinepolis-plaza-del-puerto-veracruz,260,96848,2026-08-18T20:30:00,3,2D,ESPAÑOL,Tradicional,paw-patrol-la-dino-pelicula
cinepolis-plaza-del-puerto-veracruz,260,96849,2026-08-19T14:10:00,3,2D,ESPAÑOL,Tradicional,paw-patrol-la-dino-pelicula
cinepolis-plaza-del-puerto-veracruz,260,96850,2026-08-19T16:15:00,3,2D,ESPAÑOL,Tradicional,paw-patrol-la-dino-pelicula
cinepolis-plaza-del-puerto-veracruz,260,96851,2026-08-19T18:20:00,3,2D,ESPAÑOL,Tradicional,paw-patrol-la-dino-pelicula
cinepolis-plaza-del-puerto-veracruz,260,96852,2026-08-19T20:30:00,3,2D,ESPAÑOL,Tradicional,paw-patrol-la-dino-pelicula
cinepolis-plaza-del-puerto-veracruz,260,97365,2026-08-07T13:40:00,8,2D,ESPAÑOL,Tradicional,spider-man-un-nuevo-dia
cinepolis-plaza-del-puerto-veracruz,260,97341,2026-08-07T14:00:00,1,2D,ESPAÑOL,Tradicional,spider-man-un-nuevo-dia
cinepolis-plaza-del-puerto-veracruz,260,97349,2026-08-07T14:25:00,3,3D,ESPAÑOL,Tradicional,spider-man-un-nuevo-dia
cinepolis-plaza-del-puerto-veracruz,260,97345,2026-08-07T15:15:00,2,2D,ESPAÑOL,Tradicional,spider-man-un-nuevo-dia
cinepolis-plaza-del-puerto-veracruz,260,97359,2026-08-07T15:45:00,6,2D,ESPAÑOL,Tradicional,spider-man-un-nuevo-dia
cinepolis-plaza-del-puerto-veracruz,260,97369,2026-08-07T16:10:00,9,2D,ESPAÑOL,Tradicional,spider-man-un-nuevo-dia
cinepolis-plaza-del-puerto-veracruz,260,97356,2026-08-07T16:40:00,5,2D,ESPAÑOL,Tradicional,spider-man-un-nuevo-dia
cinepolis-plaza-del-puerto-veracruz,260,97342,2026-08-07T17:15:00,1,2D,ESPAÑOL,Tradicional,spider-man-un-nuevo-dia
cinepolis-plaza-del-puerto-veracruz,260,97350,2026-08-07T17:40:00,3,3D,ESPAÑOL,Tradicional,spider-man-un-nuevo-dia
cinepolis-plaza-del-puerto-veracruz,260,97346,2026-08-07T18:30:00,2,2D,ESPAÑOL,Tradicional,spider-man-un-nuevo-dia
cinepolis-plaza-del-puerto-veracruz,260,97360,2026-08-07T19:00:00,6,2D,ESPAÑOL,Tradicional,spider-man-un-nuevo-dia
cinepolis-plaza-del-puerto-veracruz,260,97367,2026-08-07T19:30:00,8,2D,ESPAÑOL,Tradicional,spider-man-un-nuevo-dia
cinepolis-plaza-del-puerto-veracruz,260,97357,2026-08-07T20:00:00,5,2D,ESPAÑOL,Tradicional,spider-man-un-nuevo-dia
cinepolis-plaza-del-puerto-veracruz,260,97343,2026-08-07T20:30:00,1,2D,ESPAÑOL,Tradicional,spider-man-un-nuevo-dia
cinepolis-plaza-del-puerto-veracruz,260,97351,2026-08-07T21:00:00,3,2D,ESPAÑOL,Tradicional,spider-man-un-nuevo-dia
cinepolis-plaza-del-puerto-veracruz,260,97371,2026-08-07T21:25:00,9,2D,ESPAÑOL,Tradicional,spider-man-un-nuevo-dia
cinepolis-plaza-del-puerto-veracruz,260,97347,2026-08-07T21:45:00,2,2D,ESPAÑOL,Tradicional,spider-man-un-nuevo-dia
cinepolis-plaza-del-puerto-veracruz,260,97533,2026-08-08T10:45:00,1,2D,ESPAÑOL,Tradicional,spider-man-un-nuevo-dia
cinepolis-plaza-del-puerto-veracruz,260,97497,2026-08-08T12:00:00,2,2D,ESPAÑOL,Tradicional,spider-man-un-nuevo-dia
cinepolis-plaza-del-puerto-veracruz,260,97511,2026-08-08T12:25:00,6,2D,ESPAÑOL,Tradicional,spider-man-un-nuevo-dia
cinepolis-plaza-del-puerto-veracruz,260,97521,2026-08-08T13:05:00,9,2D,ESPAÑOL,Tradicional,spider-man-un-nuevo-dia
cinepolis-plaza-del-puerto-veracruz,260,97508,2026-08-08T13:25:00,5,2D,ESPAÑOL,Tradicional,spider-man-un-nuevo-dia
cinepolis-plaza-del-puerto-veracruz,260,97518,2026-08-08T13:40:00,8,2D,ESPAÑOL,Tradicional,spider-man-un-nuevo-dia
cinepolis-plaza-del-puerto-veracruz,260,97494,2026-08-08T14:00:00,1,2D,ESPAÑOL,Tradicional,spider-man-un-nuevo-dia
cinepolis-plaza-del-puerto-veracruz,260,97502,2026-08-08T14:25:00,3,3D,ESPAÑOL,Tradicional,spider-man-un-nuevo-dia
cinepolis-plaza-del-puerto-veracruz,260,97498,2026-08-08T15:15:00,2,2D,ESPAÑOL,Tradicional,spider-man-un-nuevo-dia
cinepolis-plaza-del-puerto-veracruz,260,97512,2026-08-08T15:45:00,6,2D,ESPAÑOL,Tradicional,spider-man-un-nuevo-dia
cinepolis-plaza-del-puerto-veracruz,260,97522,2026-08-08T16:10:00,9,2D,ESPAÑOL,Tradicional,spider-man-un-nuevo-dia
cinepolis-plaza-del-puerto-veracruz,260,97509,2026-08-08T16:40:00,5,2D,ESPAÑOL,Tradicional,spider-man-un-nuevo-dia
cinepolis-plaza-del-puerto-veracruz,260,97495,2026-08-08T17:15:00,1,2D,ESPAÑOL,Tradicional,spider-man-un-nuevo-dia
cinepolis-plaza-del-puerto-veracruz,260,97503,2026-08-08T17:40:00,3,3D,ESPAÑOL,Tradicional,spider-man-un-nuevo-dia
cinepolis-plaza-del-puerto-veracruz,260,97499,2026-08-08T18:30:00,2,2D,ESPAÑOL,Tradicional,spider-man-un-nuevo-dia
cinepolis-plaza-del-puerto-veracruz,260,97513,2026-08-08T19:00:00,6,2D,ESPAÑOL,Tradicional,spider-man-un-nuevo-dia
cinepolis-plaza-del-puerto-veracruz,260,97520,2026-08-08T19:30:00,8,2D,ESPAÑOL,Tradicional,spider-man-un-nuevo-dia
cinepolis-plaza-del-puerto-veracruz,260,97510,2026-08-08T20:00:00,5,2D,ESPAÑOL,Tradicional,spider-man-un-nuevo-dia
cinepolis-plaza-del-puerto-veracruz,260,97496,2026-08-08T20:30:00,1,2D,ESPAÑOL,Tradicional,spider-man-un-nuevo-dia
cinepolis-plaza-del-puerto-veracruz,260,97504,2026-08-08T21:00:00,3,2D,ESPAÑOL,Tradicional,spider-man-un-nuevo-dia
cinepolis-plaza-del-puerto-veracruz,260,97524,2026-08-08T21:25:00,9,2D,ESPAÑOL,Tradicional,spider-man-un-nuevo-dia
cinepolis-plaza-del-puerto-veracruz,260,97500,2026-08-08T21:45:00,2,2D,ESPAÑOL,Tradicional,spider-man-un-nuevo-dia
cinepolis-plaza-del-puerto-veracruz,260,97537,2026-08-09T10:45:00,1,2D,ESPAÑOL,Tradicional,spider-man-un-nuevo-dia
cinepolis-plaza-del-puerto-veracruz,260,97541,2026-08-09T12:00:00,2,2D,ESPAÑOL,Tradicional,spider-man-un-nuevo-dia
cinepolis-plaza-del-puerto-veracruz,260,97556,2026-08-09T12:25:00,6,2D,ESPAÑOL,Tradicional,spider-man-un-nuevo-dia
cinepolis-plaza-del-puerto-veracruz,260,97567,2026-08-09T13:05:00,9,2D,ESPAÑOL,Tradicional,spider-man-un-nuevo-dia
cinepolis-plaza-del-puerto-veracruz,260,97553,2026-08-09T13:25:00,5,2D,ESPAÑOL,Tradicional,spider-man-un-nuevo-dia
cinepolis-plaza-del-puerto-veracruz,260,97564,2026-08-09T13:40:00,8,2D,ESPAÑOL,Tradicional,spider-man-un-nuevo-dia
cinepolis-plaza-del-puerto-veracruz,260,97538,2026-08-09T14:00:00,1,2D,ESPAÑOL,Tradicional,spider-man-un-nuevo-dia
cinepolis-plaza-del-puerto-veracruz,260,97546,2026-08-09T14:25:00,3,3D,ESPAÑOL,Tradicional,spider-man-un-nuevo-dia
cinepolis-plaza-del-puerto-veracruz,260,97542,2026-08-09T15:15:00,2,2D,ESPAÑOL,Tradicional,spider-man-un-nuevo-dia
cinepolis-plaza-del-puerto-veracruz,260,97557,2026-08-09T15:45:00,6,2D,ESPAÑOL,Tradicional,spider-man-un-nuevo-dia
cinepolis-plaza-del-puerto-veracruz,260,97568,2026-08-09T16:10:00,9,2D,ESPAÑOL,Tradicional,spider-man-un-nuevo-dia
cinepolis-plaza-del-puerto-veracruz,260,97554,2026-08-09T16:40:00,5,2D,ESPAÑOL,Tradicional,spider-man-un-nuevo-dia
cinepolis-plaza-del-puerto-veracruz,260,97539,2026-08-09T17:15:00,1,2D,ESPAÑOL,Tradicional,spider-man-un-nuevo-dia
cinepolis-plaza-del-puerto-veracruz,260,97547,2026-08-09T17:40:00,3,3D,ESPAÑOL,Tradicional,spider-man-un-nuevo-dia
cinepolis-plaza-del-puerto-veracruz,260,97543,2026-08-09T18:30:00,2,2D,ESPAÑOL,Tradicional,spider-man-un-nuevo-dia
cinepolis-plaza-del-puerto-veracruz,260,97558,2026-08-09T19:00:00,6,2D,ESPAÑOL,Tradicional,spider-man-un-nuevo-dia
cinepolis-plaza-del-puerto-veracruz,260,97566,2026-08-09T19:30:00,8,2D,ESPAÑOL,Tradicional,spider-man-un-nuevo-dia
cinepolis-plaza-del-puerto-veracruz,260,97555,2026-08-09T20:00:00,5,2D,ESPAÑOL,Tradicional,spider-man-un-nuevo-dia
cinepolis-plaza-del-puerto-veracruz,260,97540,2026-08-09T20:30:00,1,2D,ESPAÑOL,Tradicional,spider-man-un-nuevo-dia
cinepolis-plaza-del-puerto-veracruz,260,97548,2026-08-09T21:00:00,3,2D,ESPAÑOL,Tradicional,spider-man-un-nuevo-dia
cinepolis-plaza-del-puerto-veracruz,260,97570,2026-08-09T21:25:00,9,2D,ESPAÑOL,Tradicional,spider-man-un-nuevo-dia
cinepolis-plaza-del-puerto-veracruz,260,97544,2026-08-09T21:45:00,2,2D,ESPAÑOL,Tradicional,spider-man-un-nuevo-dia
cinepolis-plaza-del-puerto-veracruz,260,97383,2026-08-10T12:00:00,2,2D,ESPAÑOL,Tradicional,spider-man-un-nuevo-dia
cinepolis-plaza-del-puerto-veracruz,260,97397,2026-08-10T12:25:00,6,2D,ESPAÑOL,Tradicional,spider-man-un-nuevo-dia
cinepolis-plaza-del-puerto-veracruz,260,97407,2026-08-10T13:05:00,9,2D,ESPAÑOL,Tradicional,spider-man-un-nuevo-dia
cinepolis-plaza-del-puerto-veracruz,260,97394,2026-08-10T13:25:00,5,2D,ESPAÑOL,Tradicional,spider-man-un-nuevo-dia
cinepolis-plaza-del-puerto-veracruz,260,97404,2026-08-10T13:40:00,8,2D,ESPAÑOL,Tradicional,spider-man-un-nuevo-dia
cinepolis-plaza-del-puerto-veracruz,260,97380,2026-08-10T14:00:00,1,2D,ESPAÑOL,Tradicional,spider-man-un-nuevo-dia
cinepolis-plaza-del-puerto-veracruz,260,97388,2026-08-10T14:25:00,3,3D,ESPAÑOL,Tradicional,spider-man-un-nuevo-dia
cinepolis-plaza-del-puerto-veracruz,260,97384,2026-08-10T15:15:00,2,2D,ESPAÑOL,Tradicional,spider-man-un-nuevo-dia
cinepolis-plaza-del-puerto-veracruz,260,97398,2026-08-10T15:45:00,6,2D,ESPAÑOL,Tradicional,spider-man-un-nuevo-dia
cinepolis-plaza-del-puerto-veracruz,260,97408,2026-08-10T16:10:00,9,2D,ESPAÑOL,Tradicional,spider-man-un-nuevo-dia
cinepolis-plaza-del-puerto-veracruz,260,97395,2026-08-10T16:40:00,5,2D,ESPAÑOL,Tradicional,spider-man-un-nuevo-dia
cinepolis-plaza-del-puerto-veracruz,260,97381,2026-08-10T17:15:00,1,2D,ESPAÑOL,Tradicional,spider-man-un-nuevo-dia
cinepolis-plaza-del-puerto-veracruz,260,97389,2026-08-10T17:40:00,3,3D,ESPAÑOL,Tradicional,spider-man-un-nuevo-dia
cinepolis-plaza-del-puerto-veracruz,260,97385,2026-08-10T18:30:00,2,2D,ESPAÑOL,Tradicional,spider-man-un-nuevo-dia
cinepolis-plaza-del-puerto-veracruz,260,97399,2026-08-10T19:00:00,6,2D,ESPAÑOL,Tradicional,spider-man-un-nuevo-dia
cinepolis-plaza-del-puerto-veracruz,260,97406,2026-08-10T19:30:00,8,2D,ESPAÑOL,Tradicional,spider-man-un-nuevo-dia
cinepolis-plaza-del-puerto-veracruz,260,97396,2026-08-10T20:00:00,5,2D,ESPAÑOL,Tradicional,spider-man-un-nuevo-dia
cinepolis-plaza-del-puerto-veracruz,260,97382,2026-08-10T20:30:00,1,2D,ESPAÑOL,Tradicional,spider-man-un-nuevo-dia
cinepolis-plaza-del-puerto-veracruz,260,97390,2026-08-10T21:00:00,3,2D,ESPAÑOL,Tradicional,spider-man-un-nuevo-dia
cinepolis-plaza-del-puerto-veracruz,260,97410,2026-08-10T21:25:00,9,2D,ESPAÑOL,Tradicional,spider-man-un-nuevo-dia
cinepolis-plaza-del-puerto-veracruz,260,97386,2026-08-10T21:45:00,2,2D,ESPAÑOL,Tradicional,spider-man-un-nuevo-dia
cinepolis-plaza-del-puerto-veracruz,260,97422,2026-08-11T12:00:00,2,2D,ESPAÑOL,Tradicional,spider-man-un-nuevo-dia
cinepolis-plaza-del-puerto-veracruz,260,97436,2026-08-11T12:25:00,6,2D,ESPAÑOL,Tradicional,spider-man-un-nuevo-dia
cinepolis-plaza-del-puerto-veracruz,260,97446,2026-08-11T13:05:00,9,2D,ESPAÑOL,Tradicional,spider-man-un-nuevo-dia
cinepolis-plaza-del-puerto-veracruz,260,97433,2026-08-11T13:25:00,5,2D,ESPAÑOL,Tradicional,spider-man-un-nuevo-dia
cinepolis-plaza-del-puerto-veracruz,260,97443,2026-08-11T13:40:00,8,2D,ESPAÑOL,Tradicional,spider-man-un-nuevo-dia
cinepolis-plaza-del-puerto-veracruz,260,97419,2026-08-11T14:00:00,1,2D,ESPAÑOL,Tradicional,spider-man-un-nuevo-dia
cinepolis-plaza-del-puerto-veracruz,260,97427,2026-08-11T14:25:00,3,3D,ESPAÑOL,Tradicional,spider-man-un-nuevo-dia
cinepolis-plaza-del-puerto-veracruz,260,97423,2026-08-11T15:15:00,2,2D,ESPAÑOL,Tradicional,spider-man-un-nuevo-dia
cinepolis-plaza-del-puerto-veracruz,260,97437,2026-08-11T15:45:00,6,2D,ESPAÑOL,Tradicional,spider-man-un-nuevo-dia
cinepolis-plaza-del-puerto-veracruz,260,97447,2026-08-11T16:10:00,9,2D,ESPAÑOL,Tradicional,spider-man-un-nuevo-dia
cinepolis-plaza-del-puerto-veracruz,260,97434,2026-08-11T16:40:00,5,2D,ESPAÑOL,Tradicional,spider-man-un-nuevo-dia
cinepolis-plaza-del-puerto-veracruz,260,97420,2026-08-11T17:15:00,1,2D,ESPAÑOL,Tradicional,spider-man-un-nuevo-dia
cinepolis-plaza-del-puerto-veracruz,260,97428,2026-08-11T17:40:00,3,3D,ESPAÑOL,Tradicional,spider-man-un-nuevo-dia
cinepolis-plaza-del-puerto-veracruz,260,97424,2026-08-11T18:30:00,2,2D,ESPAÑOL,Tradicional,spider-man-un-nuevo-dia
cinepolis-plaza-del-puerto-veracruz,260,97438,2026-08-11T19:00:00,6,2D,ESPAÑOL,Tradicional,spider-man-un-nuevo-dia
cinepolis-plaza-del-puerto-veracruz,260,97445,2026-08-11T19:30:00,8,2D,ESPAÑOL,Tradicional,spider-man-un-nuevo-dia
cinepolis-plaza-del-puerto-veracruz,260,97435,2026-08-11T20:00:00,5,2D,ESPAÑOL,Tradicional,spider-man-un-nuevo-dia
cinepolis-plaza-del-puerto-veracruz,260,97421,2026-08-11T20:30:00,1,2D,ESPAÑOL,Tradicional,spider-man-un-nuevo-dia
cinepolis-plaza-del-puerto-veracruz,260,97429,2026-08-11T21:00:00,3,2D,ESPAÑOL,Tradicional,spider-man-un-nuevo-dia
cinepolis-plaza-del-puerto-veracruz,260,97425,2026-08-11T21:45:00,2,2D,ESPAÑOL,Tradicional,spider-man-un-nuevo-dia
cinepolis-plaza-del-puerto-veracruz,260,97461,2026-08-12T12:00:00,2,2D,ESPAÑOL,Tradicional,spider-man-un-nuevo-dia
cinepolis-plaza-del-puerto-veracruz,260,97475,2026-08-12T12:25:00,6,2D,ESPAÑOL,Tradicional,spider-man-un-nuevo-dia
cinepolis-plaza-del-puerto-veracruz,260,97472,2026-08-12T13:25:00,5,2D,ESPAÑOL,Tradicional,spider-man-un-nuevo-dia
cinepolis-plaza-del-puerto-veracruz,260,97482,2026-08-12T13:40:00,8,2D,ESPAÑOL,Tradicional,spider-man-un-nuevo-dia
cinepolis-plaza-del-puerto-veracruz,260,97458,2026-08-12T14:00:00,1,2D,ESPAÑOL,Tradicional,spider-man-un-nuevo-dia
cinepolis-plaza-del-puerto-veracruz,260,97466,2026-08-12T14:25:00,3,3D,ESPAÑOL,Tradicional,spider-man-un-nuevo-dia
cinepolis-plaza-del-puerto-veracruz,260,97462,2026-08-12T15:15:00,2,2D,ESPAÑOL,Tradicional,spider-man-un-nuevo-dia
cinepolis-plaza-del-puerto-veracruz,260,97476,2026-08-12T15:45:00,6,2D,ESPAÑOL,Tradicional,spider-man-un-nuevo-dia
cinepolis-plaza-del-puerto-veracruz,260,97473,2026-08-12T16:40:00,5,2D,ESPAÑOL,Tradicional,spider-man-un-nuevo-dia
cinepolis-plaza-del-puerto-veracruz,260,97459,2026-08-12T17:15:00,1,2D,ESPAÑOL,Tradicional,spider-man-un-nuevo-dia
cinepolis-plaza-del-puerto-veracruz,260,97467,2026-08-12T17:40:00,3,3D,ESPAÑOL,Tradicional,spider-man-un-nuevo-dia
cinepolis-plaza-del-puerto-veracruz,260,97463,2026-08-12T18:30:00,2,2D,ESPAÑOL,Tradicional,spider-man-un-nuevo-dia
cinepolis-plaza-del-puerto-veracruz,260,97477,2026-08-12T19:00:00,6,2D,ESPAÑOL,Tradicional,spider-man-un-nuevo-dia
cinepolis-plaza-del-puerto-veracruz,260,97484,2026-08-12T19:30:00,8,2D,ESPAÑOL,Tradicional,spider-man-un-nuevo-dia
cinepolis-plaza-del-puerto-veracruz,260,97474,2026-08-12T20:00:00,5,2D,ESPAÑOL,Tradicional,spider-man-un-nuevo-dia
cinepolis-plaza-del-puerto-veracruz,260,97460,2026-08-12T20:30:00,1,2D,ESPAÑOL,Tradicional,spider-man-un-nuevo-dia
cinepolis-plaza-del-puerto-veracruz,260,97468,2026-08-12T21:00:00,3,2D,ESPAÑOL,Tradicional,spider-man-un-nuevo-dia
cinepolis-plaza-del-puerto-veracruz,260,97485,2026-08-12T21:25:00,9,2D,ESPAÑOL,Tradicional,spider-man-un-nuevo-dia
cinepolis-plaza-del-puerto-veracruz,260,97464,2026-08-12T21:45:00,2,2D,ESPAÑOL,Tradicional,spider-man-un-nuevo-dia
cinepolis-plaza-del-puerto-veracruz,260,97366,2026-08-07T17:00:00,8,2D,ESPAÑOL,Tradicional,toy-story-5
cinepolis-plaza-del-puerto-veracruz,260,97378,2026-08-07T18:45:00,11,2D,ESPAÑOL,Tradicional,toy-story-5
cinepolis-plaza-del-puerto-veracruz,260,97535,2026-08-08T11:05:00,8,2D,ESPAÑOL,Tradicional,toy-story-5
cinepolis-plaza-del-puerto-veracruz,260,97525,2026-08-08T11:50:00,10,2D,ESPAÑOL,Tradicional,toy-story-5
cinepolis-plaza-del-puerto-veracruz,260,97529,2026-08-08T13:35:00,11,2D,ESPAÑOL,Tradicional,toy-story-5
cinepolis-plaza-del-puerto-veracruz,260,97519,2026-08-08T17:00:00,8,2D,ESPAÑOL,Tradicional,toy-story-5
cinepolis-plaza-del-puerto-veracruz,260,97531,2026-08-08T18:45:00,11,2D,ESPAÑOL,Tradicional,toy-story-5
cinepolis-plaza-del-puerto-veracruz,260,97563,2026-08-09T11:05:00,8,2D,ESPAÑOL,Tradicional,toy-story-5
cinepolis-plaza-del-puerto-veracruz,260,97571,2026-08-09T11:50:00,10,2D,ESPAÑOL,Tradicional,toy-story-5
cinepolis-plaza-del-puerto-veracruz,260,97576,2026-08-09T13:35:00,11,2D,ESPAÑOL,Tradicional,toy-story-5
cinepolis-plaza-del-puerto-veracruz,260,97565,2026-08-09T17:00:00,8,2D,ESPAÑOL,Tradicional,toy-story-5
cinepolis-plaza-del-puerto-veracruz,260,97578,2026-08-09T18:45:00,11,2D,ESPAÑOL,Tradicional,toy-story-5
cinepolis-plaza-del-puerto-veracruz,260,97411,2026-08-10T11:50:00,10,2D,ESPAÑOL,Tradicional,toy-story-5
cinepolis-plaza-del-puerto-veracruz,260,97415,2026-08-10T13:35:00,11,2D,ESPAÑOL,Tradicional,toy-story-5
cinepolis-plaza-del-puerto-veracruz,260,97405,2026-08-10T17:00:00,8,2D,ESPAÑOL,Tradicional,toy-story-5
cinepolis-plaza-del-puerto-veracruz,260,97417,2026-08-10T18:45:00,11,2D,ESPAÑOL,Tradicional,toy-story-5
cinepolis-plaza-del-puerto-veracruz,260,97450,2026-08-11T11:50:00,10,2D,ESPAÑOL,Tradicional,toy-story-5
cinepolis-plaza-del-puerto-veracruz,260,97454,2026-08-11T13:35:00,11,2D,ESPAÑOL,Tradicional,toy-story-5
cinepolis-plaza-del-puerto-veracruz,260,97444,2026-08-11T17:00:00,8,2D,ESPAÑOL,Tradicional,toy-story-5
cinepolis-plaza-del-puerto-veracruz,260,97456,2026-08-11T18:45:00,11,2D,ESPAÑOL,Tradicional,toy-story-5
cinepolis-plaza-del-puerto-veracruz,260,97486,2026-08-12T11:50:00,10,2D,ESPAÑOL,Tradicional,toy-story-5
cinepolis-plaza-del-puerto-veracruz,260,97490,2026-08-12T13:35:00,11,2D,ESPAÑOL,Tradicional,toy-story-5
cinepolis-plaza-del-puerto-veracruz,260,97483,2026-08-12T17:00:00,8,2D,ESPAÑOL,Tradicional,toy-story-5
cinepolis-plaza-del-puerto-veracruz,260,97492,2026-08-12T18:45:00,11,2D,ESPAÑOL,Tradicional,toy-story-5
cinepolis-plaza-del-puerto-veracruz,260,97374,2026-08-07T17:55:00,10,2D,ESPAÑOL,Tradicional,tu-corazon-sera-destrozado
cinepolis-plaza-del-puerto-veracruz,260,97527,2026-08-08T17:55:00,10,2D,ESPAÑOL,Tradicional,tu-corazon-sera-destrozado
cinepolis-plaza-del-puerto-veracruz,260,97573,2026-08-09T17:55:00,10,2D,ESPAÑOL,Tradicional,tu-corazon-sera-destrozado
cinepolis-plaza-del-puerto-veracruz,260,97413,2026-08-10T17:55:00,10,2D,ESPAÑOL,Tradicional,tu-corazon-sera-destrozado
cinepolis-plaza-del-puerto-veracruz,260,97452,2026-08-11T17:55:00,10,2D,ESPAÑOL,Tradicional,tu-corazon-sera-destrozado
cinepolis-plaza-del-puerto-veracruz,260,97488,2026-08-12T17:55:00,10,2D,ESPAÑOL,Tradicional,tu-corazon-sera-destrozado
cinepolis-el-dorado-veracruz,484,95319,2026-08-07T14:10:00,4,2D,SUBTITULADA,Tradicional,el-dia-d-bajo-presion
cinepolis-el-dorado-veracruz,484,95320,2026-08-07T16:25:00,4,2D,SUBTITULADA,Tradicional,el-dia-d-bajo-presion
cinepolis-el-dorado-veracruz,484,95321,2026-08-07T18:50:00,4,2D,SUBTITULADA,Tradicional,el-dia-d-bajo-presion
cinepolis-el-dorado-veracruz,484,95322,2026-08-07T21:20:00,4,2D,SUBTITULADA,Tradicional,el-dia-d-bajo-presion
cinepolis-el-dorado-veracruz,484,95131,2026-08-08T11:25:00,4,2D,SUBTITULADA,Tradicional,el-dia-d-bajo-presion
cinepolis-el-dorado-veracruz,484,95132,2026-08-08T14:05:00,4,2D,SUBTITULADA,Tradicional,el-dia-d-bajo-presion
cinepolis-el-dorado-veracruz,484,95133,2026-08-08T16:25:00,4,2D,SUBTITULADA,Tradicional,el-dia-d-bajo-presion
cinepolis-el-dorado-veracruz,484,95134,2026-08-08T19:20:00,4,2D,SUBTITULADA,Tradicional,el-dia-d-bajo-presion
cinepolis-el-dorado-veracruz,484,95135,2026-08-08T22:00:00,4,2D,SUBTITULADA,Tradicional,el-dia-d-bajo-presion
cinepolis-el-dorado-veracruz,484,95467,2026-08-09T11:25:00,4,2D,SUBTITULADA,Tradicional,el-dia-d-bajo-presion
cinepolis-el-dorado-veracruz,484,95468,2026-08-09T14:05:00,4,2D,SUBTITULADA,Tradicional,el-dia-d-bajo-presion
cinepolis-el-dorado-veracruz,484,95469,2026-08-09T16:25:00,4,2D,SUBTITULADA,Tradicional,el-dia-d-bajo-presion
cinepolis-el-dorado-veracruz,484,95470,2026-08-09T19:20:00,4,2D,SUBTITULADA,Tradicional,el-dia-d-bajo-presion
cinepolis-el-dorado-veracruz,484,95471,2026-08-09T22:00:00,4,2D,SUBTITULADA,Tradicional,el-dia-d-bajo-presion
cinepolis-el-dorado-veracruz,484,95356,2026-08-10T14:10:00,4,2D,SUBTITULADA,Tradicional,el-dia-d-bajo-presion
cinepolis-el-dorado-veracruz,484,95357,2026-08-10T16:25:00,4,2D,SUBTITULADA,Tradicional,el-dia-d-bajo-presion
cinepolis-el-dorado-veracruz,484,95358,2026-08-10T18:50:00,4,2D,SUBTITULADA,Tradicional,el-dia-d-bajo-presion
cinepolis-el-dorado-veracruz,484,95359,2026-08-10T21:20:00,4,2D,SUBTITULADA,Tradicional,el-dia-d-bajo-presion
cinepolis-el-dorado-veracruz,484,95393,2026-08-11T14:10:00,4,2D,SUBTITULADA,Tradicional,el-dia-d-bajo-presion
cinepolis-el-dorado-veracruz,484,95394,2026-08-11T16:25:00,4,2D,SUBTITULADA,Tradicional,el-dia-d-bajo-presion
cinepolis-el-dorado-veracruz,484,95395,2026-08-11T18:50:00,4,2D,SUBTITULADA,Tradicional,el-dia-d-bajo-presion
cinepolis-el-dorado-veracruz,484,95396,2026-08-11T21:20:00,4,2D,SUBTITULADA,Tradicional,el-dia-d-bajo-presion
cinepolis-el-dorado-veracruz,484,95429,2026-08-12T14:10:00,4,2D,SUBTITULADA,Tradicional,el-dia-d-bajo-presion
cinepolis-el-dorado-veracruz,484,95430,2026-08-12T16:25:00,4,2D,SUBTITULADA,Tradicional,el-dia-d-bajo-presion
cinepolis-el-dorado-veracruz,484,95431,2026-08-12T18:50:00,4,2D,SUBTITULADA,Tradicional,el-dia-d-bajo-presion
cinepolis-el-dorado-veracruz,484,95432,2026-08-12T21:20:00,4,2D,SUBTITULADA,Tradicional,el-dia-d-bajo-presion
cinepolis-el-dorado-veracruz,484,95493,2026-08-11T18:10:00,5,2D,SUBTITULADA,Tradicional,el-final-de-la-calle-oak
cinepolis-el-dorado-veracruz,484,95494,2026-08-11T20:30:00,5,2D,SUBTITULADA,Tradicional,el-final-de-la-calle-oak
cinepolis-el-dorado-veracruz,484,95070,2026-08-20T16:00:00,8,2D,SUBTITULADA,Tradicional,elephant-man
cinepolis-el-dorado-veracruz,484,95055,2026-08-21T19:10:00,8,2D,SUBTITULADA,Tradicional,elephant-man
cinepolis-el-dorado-veracruz,484,95076,2026-08-22T16:25:00,8,2D,SUBTITULADA,Tradicional,elephant-man
cinepolis-el-dorado-veracruz,484,95057,2026-08-23T19:20:00,8,2D,SUBTITULADA,Tradicional,elephant-man
cinepolis-el-dorado-veracruz,484,95072,2026-08-24T16:00:00,8,2D,SUBTITULADA,Tradicional,elephant-man
cinepolis-el-dorado-veracruz,484,95059,2026-08-25T19:10:00,8,2D,SUBTITULADA,Tradicional,elephant-man
cinepolis-el-dorado-veracruz,484,95074,2026-08-26T16:00:00,8,2D,SUBTITULADA,Tradicional,elephant-man
cinepolis-el-dorado-veracruz,484,94284,2026-08-07T16:30:00,8,2D,SUBTITULADA,Tradicional,eraserhead
cinepolis-el-dorado-veracruz,484,94282,2026-08-08T18:30:00,8,2D,SUBTITULADA,Tradicional,eraserhead
cinepolis-el-dorado-veracruz,484,94288,2026-08-09T16:25:00,8,2D,SUBTITULADA,Tradicional,eraserhead
cinepolis-el-dorado-veracruz,484,94278,2026-08-10T17:30:00,8,2D,SUBTITULADA,Tradicional,eraserhead
cinepolis-el-dorado-veracruz,484,94286,2026-08-11T16:30:00,8,2D,SUBTITULADA,Tradicional,eraserhead
cinepolis-el-dorado-veracruz,484,94280,2026-08-12T17:30:00,8,2D,SUBTITULADA,Tradicional,eraserhead
cinepolis-el-dorado-veracruz,484,94750,2026-08-27T16:40:00,10,2D,ESPAÑOL,Tradicional,harry-potter-y-la-piedra-filosofal-25
cinepolis-el-dorado-veracruz,484,94751,2026-08-27T20:05:00,10,2D,ESPAÑOL,Tradicional,harry-potter-y-la-piedra-filosofal-25
cinepolis-el-dorado-veracruz,484,94742,2026-08-28T16:40:00,10,2D,ESPAÑOL,Tradicional,harry-potter-y-la-piedra-filosofal-25
cinepolis-el-dorado-veracruz,484,94743,2026-08-28T20:05:00,10,2D,ESPAÑOL,Tradicional,harry-potter-y-la-piedra-filosofal-25
cinepolis-el-dorado-veracruz,484,94744,2026-08-29T16:55:00,10,2D,ESPAÑOL,Tradicional,harry-potter-y-la-piedra-filosofal-25
cinepolis-el-dorado-veracruz,484,94745,2026-08-29T20:15:00,10,2D,ESPAÑOL,Tradicional,harry-potter-y-la-piedra-filosofal-25
cinepolis-el-dorado-veracruz,484,94746,2026-08-30T16:55:00,10,2D,ESPAÑOL,Tradicional,harry-potter-y-la-piedra-filosofal-25
cinepolis-el-dorado-veracruz,484,94747,2026-08-30T20:15:00,10,2D,ESPAÑOL,Tradicional,harry-potter-y-la-piedra-filosofal-25
cinepolis-el-dorado-veracruz,484,94748,2026-08-31T16:40:00,10,2D,ESPAÑOL,Tradicional,harry-potter-y-la-piedra-filosofal-25
cinepolis-el-dorado-veracruz,484,94749,2026-08-31T20:05:00,10,2D,ESPAÑOL,Tradicional,harry-potter-y-la-piedra-filosofal-25
cinepolis-el-dorado-veracruz,484,95050,2026-09-01T16:40:00,10,2D,ESPAÑOL,Tradicional,harry-potter-y-la-piedra-filosofal-25
cinepolis-el-dorado-veracruz,484,95051,2026-09-01T20:05:00,10,2D,ESPAÑOL,Tradicional,harry-potter-y-la-piedra-filosofal-25
cinepolis-el-dorado-veracruz,484,95052,2026-09-02T16:40:00,10,2D,ESPAÑOL,Tradicional,harry-potter-y-la-piedra-filosofal-25
cinepolis-el-dorado-veracruz,484,95053,2026-09-02T20:05:00,10,2D,ESPAÑOL,Tradicional,harry-potter-y-la-piedra-filosofal-25
cinepolis-el-dorado-veracruz,484,94726,2026-08-13T18:55:00,7,2D,SUBTITULADA,Tradicional,inland-empire
cinepolis-el-dorado-veracruz,484,94737,2026-08-14T15:45:00,8,2D,SUBTITULADA,Tradicional,inland-empire
cinepolis-el-dorado-veracruz,484,94735,2026-08-15T19:00:00,7,2D,SUBTITULADA,Tradicional,inland-empire
cinepolis-el-dorado-veracruz,484,94741,2026-08-16T13:45:00,8,2D,SUBTITULADA,Tradicional,inland-empire
cinepolis-el-dorado-veracruz,484,94731,2026-08-17T18:55:00,7,2D,SUBTITULADA,Tradicional,inland-empire
cinepolis-el-dorado-veracruz,484,94739,2026-08-18T15:45:00,8,2D,SUBTITULADA,Tradicional,inland-empire
cinepolis-el-dorado-veracruz,484,94733,2026-08-19T18:55:00,7,2D,SUBTITULADA,Tradicional,inland-empire
cinepolis-el-dorado-veracruz,484,95331,2026-08-07T16:40:00,7,2D,ESPAÑOL,Tradicional,insaciable
cinepolis-el-dorado-veracruz,484,95333,2026-08-07T22:05:00,7,2D,SUBTITULADA,Tradicional,insaciable
cinepolis-el-dorado-veracruz,484,95273,2026-08-08T16:45:00,7,2D,ESPAÑOL,Tradicional,insaciable
cinepolis-el-dorado-veracruz,484,95274,2026-08-08T19:40:00,7,2D,SUBTITULADA,Tradicional,insaciable
cinepolis-el-dorado-veracruz,484,95482,2026-08-09T16:45:00,7,2D,ESPAÑOL,Tradicional,insaciable
cinepolis-el-dorado-veracruz,484,95483,2026-08-09T19:40:00,7,2D,SUBTITULADA,Tradicional,insaciable
cinepolis-el-dorado-veracruz,484,95497,2026-08-10T14:15:00,7,2D,ESPAÑOL,Tradicional,insaciable
cinepolis-el-dorado-veracruz,484,95368,2026-08-10T16:40:00,7,2D,ESPAÑOL,Tradicional,insaciable
cinepolis-el-dorado-veracruz,484,95370,2026-08-10T22:05:00,7,2D,SUBTITULADA,Tradicional,insaciable
cinepolis-el-dorado-veracruz,484,95498,2026-08-11T14:15:00,7,2D,ESPAÑOL,Tradicional,insaciable
cinepolis-el-dorado-veracruz,484,95405,2026-08-11T16:40:00,7,2D,ESPAÑOL,Tradicional,insaciable
cinepolis-el-dorado-veracruz,484,95407,2026-08-11T22:05:00,7,2D,SUBTITULADA,Tradicional,insaciable
cinepolis-el-dorado-veracruz,484,95499,2026-08-12T14:15:00,7,2D,ESPAÑOL,Tradicional,insaciable
cinepolis-el-dorado-veracruz,484,95441,2026-08-12T16:40:00,7,2D,ESPAÑOL,Tradicional,insaciable
cinepolis-el-dorado-veracruz,484,95443,2026-08-12T22:05:00,7,2D,SUBTITULADA,Tradicional,insaciable
cinepolis-el-dorado-veracruz,484,95324,2026-08-07T15:00:00,5,2D,ESPAÑOL,Tradicional,la-muerte-de-robin-hood
cinepolis-el-dorado-veracruz,484,95325,2026-08-07T17:35:00,5,2D,SUBTITULADA,Tradicional,la-muerte-de-robin-hood
cinepolis-el-dorado-veracruz,484,95326,2026-08-07T20:10:00,5,2D,SUBTITULADA,Tradicional,la-muerte-de-robin-hood
cinepolis-el-dorado-veracruz,484,95159,2026-08-08T11:35:00,5,2D,ESPAÑOL,Tradicional,la-muerte-de-robin-hood
cinepolis-el-dorado-veracruz,484,95160,2026-08-08T14:30:00,5,2D,ESPAÑOL,Tradicional,la-muerte-de-robin-hood
cinepolis-el-dorado-veracruz,484,95161,2026-08-08T17:10:00,5,2D,SUBTITULADA,Tradicional,la-muerte-de-robin-hood
cinepolis-el-dorado-veracruz,484,95162,2026-08-08T19:50:00,5,2D,SUBTITULADA,Tradicional,la-muerte-de-robin-hood
cinepolis-el-dorado-veracruz,484,95472,2026-08-09T11:35:00,5,2D,ESPAÑOL,Tradicional,la-muerte-de-robin-hood
cinepolis-el-dorado-veracruz,484,95473,2026-08-09T14:30:00,5,2D,ESPAÑOL,Tradicional,la-muerte-de-robin-hood
cinepolis-el-dorado-veracruz,484,95474,2026-08-09T17:10:00,5,2D,SUBTITULADA,Tradicional,la-muerte-de-robin-hood
cinepolis-el-dorado-veracruz,484,95475,2026-08-09T19:50:00,5,2D,SUBTITULADA,Tradicional,la-muerte-de-robin-hood
cinepolis-el-dorado-veracruz,484,95361,2026-08-10T15:00:00,5,2D,ESPAÑOL,Tradicional,la-muerte-de-robin-hood
cinepolis-el-dorado-veracruz,484,95362,2026-08-10T17:35:00,5,2D,SUBTITULADA,Tradicional,la-muerte-de-robin-hood
cinepolis-el-dorado-veracruz,484,95363,2026-08-10T20:10:00,5,2D,SUBTITULADA,Tradicional,la-muerte-de-robin-hood
cinepolis-el-dorado-veracruz,484,95398,2026-08-11T15:00:00,5,2D,ESPAÑOL,Tradicional,la-muerte-de-robin-hood
cinepolis-el-dorado-veracruz,484,95434,2026-08-12T15:00:00,5,2D,ESPAÑOL,Tradicional,la-muerte-de-robin-hood
cinepolis-el-dorado-veracruz,484,95435,2026-08-12T17:35:00,5,2D,SUBTITULADA,Tradicional,la-muerte-de-robin-hood
cinepolis-el-dorado-veracruz,484,95436,2026-08-12T20:10:00,5,2D,SUBTITULADA,Tradicional,la-muerte-de-robin-hood
cinepolis-el-dorado-veracruz,484,95327,2026-08-07T13:40:00,6,2D,ESPAÑOL,Tradicional,la-odisea
cinepolis-el-dorado-veracruz,484,95328,2026-08-07T17:10:00,6,2D,SUBTITULADA,Tradicional,la-odisea
cinepolis-el-dorado-veracruz,484,95329,2026-08-07T21:00:00,6,2D,SUBTITULADA,Tradicional,la-odisea
cinepolis-el-dorado-veracruz,484,95293,2026-08-08T10:50:00,3,2D,ESPAÑOL,Tradicional,la-odisea
cinepolis-el-dorado-veracruz,484,95294,2026-08-08T14:15:00,3,2D,SUBTITULADA,Tradicional,la-odisea
cinepolis-el-dorado-veracruz,484,95296,2026-08-08T20:20:00,3,2D,SUBTITULADA,Tradicional,la-odisea
cinepolis-el-dorado-veracruz,484,95463,2026-08-09T10:50:00,3,2D,ESPAÑOL,Tradicional,la-odisea
cinepolis-el-dorado-veracruz,484,95464,2026-08-09T14:15:00,3,2D,SUBTITULADA,Tradicional,la-odisea
cinepolis-el-dorado-veracruz,484,95466,2026-08-09T20:20:00,3,2D,SUBTITULADA,Tradicional,la-odisea
cinepolis-el-dorado-veracruz,484,95364,2026-08-10T13:40:00,6,2D,ESPAÑOL,Tradicional,la-odisea
cinepolis-el-dorado-veracruz,484,95365,2026-08-10T17:10:00,6,2D,SUBTITULADA,Tradicional,la-odisea
cinepolis-el-dorado-veracruz,484,95366,2026-08-10T21:00:00,6,2D,SUBTITULADA,Tradicional,la-odisea
cinepolis-el-dorado-veracruz,484,95401,2026-08-11T13:40:00,6,2D,ESPAÑOL,Tradicional,la-odisea
cinepolis-el-dorado-veracruz,484,95402,2026-08-11T17:10:00,6,2D,SUBTITULADA,Tradicional,la-odisea
cinepolis-el-dorado-veracruz,484,95403,2026-08-11T21:00:00,6,2D,SUBTITULADA,Tradicional,la-odisea
cinepolis-el-dorado-veracruz,484,95437,2026-08-12T13:40:00,6,2D,ESPAÑOL,Tradicional,la-odisea
cinepolis-el-dorado-veracruz,484,95438,2026-08-12T17:10:00,6,2D,SUBTITULADA,Tradicional,la-odisea
cinepolis-el-dorado-veracruz,484,95439,2026-08-12T21:00:00,6,2D,SUBTITULADA,Tradicional,la-odisea
cinepolis-el-dorado-veracruz,484,95271,2026-08-08T11:15:00,7,2D,ESPAÑOL,Tradicional,minions-y-monstruos
cinepolis-el-dorado-veracruz,484,95208,2026-08-08T15:05:00,9,2D,ESPAÑOL,Tradicional,minions-y-monstruos
cinepolis-el-dorado-veracruz,484,95480,2026-08-09T11:15:00,7,2D,ESPAÑOL,Tradicional,minions-y-monstruos
cinepolis-el-dorado-veracruz,484,95486,2026-08-09T15:05:00,9,2D,ESPAÑOL,Tradicional,minions-y-monstruos
cinepolis-el-dorado-veracruz,484,95372,2026-08-10T19:30:00,8,2D,ESPAÑOL,Tradicional,minions-y-monstruos
cinepolis-el-dorado-veracruz,484,95496,2026-08-11T14:20:00,8,2D,ESPAÑOL,Tradicional,minions-y-monstruos
cinepolis-el-dorado-veracruz,484,95445,2026-08-12T19:30:00,8,2D,ESPAÑOL,Tradicional,minions-y-monstruos
cinepolis-el-dorado-veracruz,484,95339,2026-08-07T18:10:00,9,2D,ESPAÑOL,Tradicional,moana-live-action
cinepolis-el-dorado-veracruz,484,95092,2026-08-08T12:55:00,8,2D,ESPAÑOL,Tradicional,moana-live-action
cinepolis-el-dorado-veracruz,484,95295,2026-08-08T17:40:00,3,2D,ESPAÑOL,Tradicional,moana-live-action
cinepolis-el-dorado-veracruz,484,95484,2026-08-09T12:55:00,8,2D,ESPAÑOL,Tradicional,moana-live-action
cinepolis-el-dorado-veracruz,484,95465,2026-08-09T17:40:00,3,2D,ESPAÑOL,Tradicional,moana-live-action
cinepolis-el-dorado-veracruz,484,95376,2026-08-10T18:10:00,9,2D,ESPAÑOL,Tradicional,moana-live-action
cinepolis-el-dorado-veracruz,484,95412,2026-08-11T18:20:00,9,2D,ESPAÑOL,Tradicional,moana-live-action
cinepolis-el-dorado-veracruz,484,95449,2026-08-12T18:10:00,9,2D,ESPAÑOL,Tradicional,moana-live-action
cinepolis-el-dorado-veracruz,484,94725,2026-08-13T16:00:00,7,2D,SUBTITULADA,Tradicional,mulholland-empire
cinepolis-el-dorado-veracruz,484,94736,2026-08-14T19:10:00,8,2D,SUBTITULADA,Tradicional,mulholland-empire
cinepolis-el-dorado-veracruz,484,94734,2026-08-15T16:05:00,7,2D,SUBTITULADA,Tradicional,mulholland-empire
cinepolis-el-dorado-veracruz,484,94740,2026-08-16T17:15:00,8,2D,SUBTITULADA,Tradicional,mulholland-empire
cinepolis-el-dorado-veracruz,484,94730,2026-08-17T16:00:00,7,2D,SUBTITULADA,Tradicional,mulholland-empire
cinepolis-el-dorado-veracruz,484,94738,2026-08-18T19:10:00,8,2D,SUBTITULADA,Tradicional,mulholland-empire
cinepolis-el-dorado-veracruz,484,94732,2026-08-19T16:00:00,7,2D,SUBTITULADA,Tradicional,mulholland-empire
cinepolis-el-dorado-veracruz,484,94714,2026-08-12T14:05:00,10,2D,ESPAÑOL,Tradicional,paw-patrol-la-dino-pelicula
cinepolis-el-dorado-veracruz,484,94715,2026-08-12T16:15:00,10,2D,ESPAÑOL,Tradicional,paw-patrol-la-dino-pelicula
cinepolis-el-dorado-veracruz,484,94716,2026-08-12T18:20:00,10,2D,ESPAÑOL,Tradicional,paw-patrol-la-dino-pelicula
cinepolis-el-dorado-veracruz,484,94683,2026-08-13T13:50:00,10,2D,ESPAÑOL,Tradicional,paw-patrol-la-dino-pelicula
cinepolis-el-dorado-veracruz,484,94684,2026-08-13T15:55:00,10,2D,ESPAÑOL,Tradicional,paw-patrol-la-dino-pelicula
cinepolis-el-dorado-veracruz,484,94685,2026-08-13T18:05:00,10,2D,ESPAÑOL,Tradicional,paw-patrol-la-dino-pelicula
cinepolis-el-dorado-veracruz,484,94686,2026-08-13T20:10:00,10,2D,ESPAÑOL,Tradicional,paw-patrol-la-dino-pelicula
cinepolis-el-dorado-veracruz,484,94687,2026-08-14T13:50:00,10,2D,ESPAÑOL,Tradicional,paw-patrol-la-dino-pelicula
cinepolis-el-dorado-veracruz,484,94688,2026-08-14T15:55:00,10,2D,ESPAÑOL,Tradicional,paw-patrol-la-dino-pelicula
cinepolis-el-dorado-veracruz,484,94689,2026-08-14T18:05:00,10,2D,ESPAÑOL,Tradicional,paw-patrol-la-dino-pelicula
cinepolis-el-dorado-veracruz,484,94690,2026-08-14T20:10:00,10,2D,ESPAÑOL,Tradicional,paw-patrol-la-dino-pelicula
cinepolis-el-dorado-veracruz,484,94691,2026-08-15T12:00:00,10,2D,ESPAÑOL,Tradicional,paw-patrol-la-dino-pelicula
cinepolis-el-dorado-veracruz,484,94692,2026-08-15T14:00:00,10,2D,ESPAÑOL,Tradicional,paw-patrol-la-dino-pelicula
cinepolis-el-dorado-veracruz,484,94693,2026-08-15T16:05:00,10,2D,ESPAÑOL,Tradicional,paw-patrol-la-dino-pelicula
cinepolis-el-dorado-veracruz,484,94694,2026-08-15T18:20:00,10,2D,ESPAÑOL,Tradicional,paw-patrol-la-dino-pelicula
cinepolis-el-dorado-veracruz,484,94695,2026-08-15T20:25:00,10,2D,ESPAÑOL,Tradicional,paw-patrol-la-dino-pelicula
cinepolis-el-dorado-veracruz,484,94696,2026-08-16T12:00:00,10,2D,ESPAÑOL,Tradicional,paw-patrol-la-dino-pelicula
cinepolis-el-dorado-veracruz,484,94697,2026-08-16T14:00:00,10,2D,ESPAÑOL,Tradicional,paw-patrol-la-dino-pelicula
cinepolis-el-dorado-veracruz,484,94698,2026-08-16T16:05:00,10,2D,ESPAÑOL,Tradicional,paw-patrol-la-dino-pelicula
cinepolis-el-dorado-veracruz,484,94699,2026-08-16T18:20:00,10,2D,ESPAÑOL,Tradicional,paw-patrol-la-dino-pelicula
cinepolis-el-dorado-veracruz,484,94700,2026-08-16T20:25:00,10,2D,ESPAÑOL,Tradicional,paw-patrol-la-dino-pelicula
cinepolis-el-dorado-veracruz,484,94701,2026-08-17T13:50:00,10,2D,ESPAÑOL,Tradicional,paw-patrol-la-dino-pelicula
cinepolis-el-dorado-veracruz,484,94702,2026-08-17T15:55:00,10,2D,ESPAÑOL,Tradicional,paw-patrol-la-dino-pelicula
cinepolis-el-dorado-veracruz,484,94703,2026-08-17T18:05:00,10,2D,ESPAÑOL,Tradicional,paw-patrol-la-dino-pelicula
cinepolis-el-dorado-veracruz,484,94704,2026-08-17T20:10:00,10,2D,ESPAÑOL,Tradicional,paw-patrol-la-dino-pelicula
cinepolis-el-dorado-veracruz,484,94705,2026-08-18T13:50:00,10,2D,ESPAÑOL,Tradicional,paw-patrol-la-dino-pelicula
cinepolis-el-dorado-veracruz,484,94706,2026-08-18T15:55:00,10,2D,ESPAÑOL,Tradicional,paw-patrol-la-dino-pelicula
cinepolis-el-dorado-veracruz,484,94707,2026-08-18T18:05:00,10,2D,ESPAÑOL,Tradicional,paw-patrol-la-dino-pelicula
cinepolis-el-dorado-veracruz,484,94708,2026-08-18T20:10:00,10,2D,ESPAÑOL,Tradicional,paw-patrol-la-dino-pelicula
cinepolis-el-dorado-veracruz,484,94709,2026-08-19T13:50:00,10,2D,ESPAÑOL,Tradicional,paw-patrol-la-dino-pelicula
cinepolis-el-dorado-veracruz,484,94710,2026-08-19T15:55:00,10,2D,ESPAÑOL,Tradicional,paw-patrol-la-dino-pelicula
cinepolis-el-dorado-veracruz,484,94711,2026-08-19T18:05:00,10,2D,ESPAÑOL,Tradicional,paw-patrol-la-dino-pelicula
cinepolis-el-dorado-veracruz,484,94712,2026-08-19T20:10:00,10,2D,ESPAÑOL,Tradicional,paw-patrol-la-dino-pelicula
cinepolis-el-dorado-veracruz,484,95315,2026-08-07T14:00:00,3,2D,ESPAÑOL,Tradicional,spider-man-un-nuevo-dia
cinepolis-el-dorado-veracruz,484,95342,2026-08-07T14:30:00,10,2D,ESPAÑOL,Tradicional,spider-man-un-nuevo-dia
cinepolis-el-dorado-veracruz,484,95338,2026-08-07T14:55:00,9,2D,ESPAÑOL,Tradicional,spider-man-un-nuevo-dia
cinepolis-el-dorado-veracruz,484,95309,2026-08-07T15:35:00,1,2D,ESPAÑOL,XE,spider-man-un-nuevo-dia
cinepolis-el-dorado-veracruz,484,95313,2026-08-07T16:40:00,2,2D,ESPAÑOL,Tradicional,spider-man-un-nuevo-dia
cinepolis-el-dorado-veracruz,484,95316,2026-08-07T17:20:00,3,2D,ESPAÑOL,Tradicional,spider-man-un-nuevo-dia
cinepolis-el-dorado-veracruz,484,95310,2026-08-07T18:40:00,1,3D,ESPAÑOL,XE,spider-man-un-nuevo-dia
cinepolis-el-dorado-veracruz,484,95332,2026-08-07T19:05:00,7,2D,ESPAÑOL,Tradicional,spider-man-un-nuevo-dia
cinepolis-el-dorado-veracruz,484,95314,2026-08-07T19:40:00,2,2D,ESPAÑOL,Tradicional,spider-man-un-nuevo-dia
cinepolis-el-dorado-veracruz,484,95317,2026-08-07T20:20:00,3,2D,ESPAÑOL,Tradicional,spider-man-un-nuevo-dia
cinepolis-el-dorado-veracruz,484,95344,2026-08-07T20:50:00,10,2D,ESPAÑOL,Tradicional,spider-man-un-nuevo-dia
cinepolis-el-dorado-veracruz,484,95340,2026-08-07T21:10:00,9,2D,ESPAÑOL,Tradicional,spider-man-un-nuevo-dia
cinepolis-el-dorado-veracruz,484,95311,2026-08-07T21:50:00,1,2D,ESPAÑOL,XE,spider-man-un-nuevo-dia
cinepolis-el-dorado-veracruz,484,95343,2026-08-07T17:45:00,10,2D,SUBTITULADA,Tradicional,spider-man-un-nuevo-dia
cinepolis-el-dorado-veracruz,484,95336,2026-08-07T21:30:00,8,2D,SUBTITULADA,Tradicional,spider-man-un-nuevo-dia
cinepolis-el-dorado-veracruz,484,95249,2026-08-08T11:00:00,6,2D,ESPAÑOL,Tradicional,spider-man-un-nuevo-dia
cinepolis-el-dorado-veracruz,484,95207,2026-08-08T11:20:00,9,2D,ESPAÑOL,Tradicional,spider-man-un-nuevo-dia
cinepolis-el-dorado-veracruz,484,95229,2026-08-08T11:40:00,2,2D,ESPAÑOL,Tradicional,spider-man-un-nuevo-dia
cinepolis-el-dorado-veracruz,484,95108,2026-08-08T12:10:00,10,2D,ESPAÑOL,Tradicional,spider-man-un-nuevo-dia
cinepolis-el-dorado-veracruz,484,95183,2026-08-08T12:40:00,1,3D,ESPAÑOL,XE,spider-man-un-nuevo-dia
cinepolis-el-dorado-veracruz,484,95272,2026-08-08T13:30:00,7,2D,ESPAÑOL,Tradicional,spider-man-un-nuevo-dia
cinepolis-el-dorado-veracruz,484,95250,2026-08-08T14:00:00,6,2D,ESPAÑOL,Tradicional,spider-man-un-nuevo-dia
cinepolis-el-dorado-veracruz,484,95230,2026-08-08T14:50:00,2,2D,ESPAÑOL,Tradicional,spider-man-un-nuevo-dia
cinepolis-el-dorado-veracruz,484,95184,2026-08-08T15:45:00,1,2D,ESPAÑOL,XE,spider-man-un-nuevo-dia
cinepolis-el-dorado-veracruz,484,95251,2026-08-08T17:00:00,6,2D,ESPAÑOL,Tradicional,spider-man-un-nuevo-dia
cinepolis-el-dorado-veracruz,484,95209,2026-08-08T17:25:00,9,2D,ESPAÑOL,Tradicional,spider-man-un-nuevo-dia
cinepolis-el-dorado-veracruz,484,95454,2026-08-08T17:55:00,2,2D,ESPAÑOL,Tradicional,spider-man-un-nuevo-dia
cinepolis-el-dorado-veracruz,484,95452,2026-08-08T18:50:00,1,3D,ESPAÑOL,XE,spider-man-un-nuevo-dia
cinepolis-el-dorado-veracruz,484,95210,2026-08-08T20:30:00,9,2D,ESPAÑOL,Tradicional,spider-man-un-nuevo-dia
cinepolis-el-dorado-veracruz,484,95232,2026-08-08T21:00:00,2,2D,ESPAÑOL,Tradicional,spider-man-un-nuevo-dia
cinepolis-el-dorado-veracruz,484,95453,2026-08-08T21:55:00,1,2D,ESPAÑOL,XE,spider-man-un-nuevo-dia
cinepolis-el-dorado-veracruz,484,95110,2026-08-08T18:20:00,10,2D,SUBTITULADA,Tradicional,spider-man-un-nuevo-dia
cinepolis-el-dorado-veracruz,484,95252,2026-08-08T20:10:00,6,2D,SUBTITULADA,Tradicional,spider-man-un-nuevo-dia
cinepolis-el-dorado-veracruz,484,95111,2026-08-08T21:30:00,10,2D,SUBTITULADA,Tradicional,spider-man-un-nuevo-dia
cinepolis-el-dorado-veracruz,484,95476,2026-08-09T11:00:00,6,2D,ESPAÑOL,Tradicional,spider-man-un-nuevo-dia
cinepolis-el-dorado-veracruz,484,95485,2026-08-09T11:20:00,9,2D,ESPAÑOL,Tradicional,spider-man-un-nuevo-dia
cinepolis-el-dorado-veracruz,484,95459,2026-08-09T11:40:00,2,2D,ESPAÑOL,Tradicional,spider-man-un-nuevo-dia
cinepolis-el-dorado-veracruz,484,95489,2026-08-09T12:10:00,10,2D,ESPAÑOL,Tradicional,spider-man-un-nuevo-dia
cinepolis-el-dorado-veracruz,484,95455,2026-08-09T12:40:00,1,3D,ESPAÑOL,XE,spider-man-un-nuevo-dia
cinepolis-el-dorado-veracruz,484,95481,2026-08-09T13:30:00,7,2D,ESPAÑOL,Tradicional,spider-man-un-nuevo-dia
cinepolis-el-dorado-veracruz,484,95477,2026-08-09T14:00:00,6,2D,ESPAÑOL,Tradicional,spider-man-un-nuevo-dia
cinepolis-el-dorado-veracruz,484,95460,2026-08-09T14:50:00,2,2D,ESPAÑOL,Tradicional,spider-man-un-nuevo-dia
cinepolis-el-dorado-veracruz,484,95490,2026-08-09T15:15:00,10,2D,ESPAÑOL,Tradicional,spider-man-un-nuevo-dia
cinepolis-el-dorado-veracruz,484,95456,2026-08-09T15:45:00,1,2D,ESPAÑOL,XE,spider-man-un-nuevo-dia
cinepolis-el-dorado-veracruz,484,95478,2026-08-09T17:00:00,6,2D,ESPAÑOL,Tradicional,spider-man-un-nuevo-dia
cinepolis-el-dorado-veracruz,484,95487,2026-08-09T17:25:00,9,2D,ESPAÑOL,Tradicional,spider-man-un-nuevo-dia
cinepolis-el-dorado-veracruz,484,95461,2026-08-09T17:55:00,2,2D,ESPAÑOL,Tradicional,spider-man-un-nuevo-dia
cinepolis-el-dorado-veracruz,484,95457,2026-08-09T18:50:00,1,3D,ESPAÑOL,XE,spider-man-un-nuevo-dia
cinepolis-el-dorado-veracruz,484,95488,2026-08-09T20:30:00,9,2D,ESPAÑOL,Tradicional,spider-man-un-nuevo-dia
cinepolis-el-dorado-veracruz,484,95462,2026-08-09T21:00:00,2,2D,ESPAÑOL,Tradicional,spider-man-un-nuevo-dia
cinepolis-el-dorado-veracruz,484,95458,2026-08-09T21:55:00,1,2D,ESPAÑOL,XE,spider-man-un-nuevo-dia
cinepolis-el-dorado-veracruz,484,95491,2026-08-09T18:20:00,10,2D,SUBTITULADA,Tradicional,spider-man-un-nuevo-dia
cinepolis-el-dorado-veracruz,484,95479,2026-08-09T20:10:00,6,2D,SUBTITULADA,Tradicional,spider-man-un-nuevo-dia
cinepolis-el-dorado-veracruz,484,95492,2026-08-09T21:30:00,10,2D,SUBTITULADA,Tradicional,spider-man-un-nuevo-dia
cinepolis-el-dorado-veracruz,484,95349,2026-08-10T13:30:00,2,2D,ESPAÑOL,Tradicional,spider-man-un-nuevo-dia
cinepolis-el-dorado-veracruz,484,95352,2026-08-10T14:00:00,3,2D,ESPAÑOL,Tradicional,spider-man-un-nuevo-dia
cinepolis-el-dorado-veracruz,484,95379,2026-08-10T14:30:00,10,2D,ESPAÑOL,Tradicional,spider-man-un-nuevo-dia
cinepolis-el-dorado-veracruz,484,95375,2026-08-10T14:55:00,9,2D,ESPAÑOL,Tradicional,spider-man-un-nuevo-dia
cinepolis-el-dorado-veracruz,484,95346,2026-08-10T15:35:00,1,2D,ESPAÑOL,XE,spider-man-un-nuevo-dia
cinepolis-el-dorado-veracruz,484,95350,2026-08-10T16:40:00,2,2D,ESPAÑOL,Tradicional,spider-man-un-nuevo-dia
cinepolis-el-dorado-veracruz,484,95353,2026-08-10T17:20:00,3,2D,ESPAÑOL,Tradicional,spider-man-un-nuevo-dia
cinepolis-el-dorado-veracruz,484,95347,2026-08-10T18:40:00,1,3D,ESPAÑOL,XE,spider-man-un-nuevo-dia
cinepolis-el-dorado-veracruz,484,95369,2026-08-10T19:05:00,7,2D,ESPAÑOL,Tradicional,spider-man-un-nuevo-dia
cinepolis-el-dorado-veracruz,484,95351,2026-08-10T19:40:00,2,2D,ESPAÑOL,Tradicional,spider-man-un-nuevo-dia
cinepolis-el-dorado-veracruz,484,95354,2026-08-10T20:20:00,3,2D,ESPAÑOL,Tradicional,spider-man-un-nuevo-dia
cinepolis-el-dorado-veracruz,484,95381,2026-08-10T20:50:00,10,2D,ESPAÑOL,Tradicional,spider-man-un-nuevo-dia
cinepolis-el-dorado-veracruz,484,95377,2026-08-10T21:10:00,9,2D,ESPAÑOL,Tradicional,spider-man-un-nuevo-dia
cinepolis-el-dorado-veracruz,484,95348,2026-08-10T21:50:00,1,2D,ESPAÑOL,XE,spider-man-un-nuevo-dia
cinepolis-el-dorado-veracruz,484,95380,2026-08-10T17:45:00,10,2D,SUBTITULADA,Tradicional,spider-man-un-nuevo-dia
cinepolis-el-dorado-veracruz,484,95373,2026-08-10T21:30:00,8,2D,SUBTITULADA,Tradicional,spider-man-un-nuevo-dia
cinepolis-el-dorado-veracruz,484,95386,2026-08-11T13:30:00,2,2D,ESPAÑOL,Tradicional,spider-man-un-nuevo-dia
cinepolis-el-dorado-veracruz,484,95389,2026-08-11T14:00:00,3,2D,ESPAÑOL,Tradicional,spider-man-un-nuevo-dia
cinepolis-el-dorado-veracruz,484,95415,2026-08-11T14:30:00,10,2D,ESPAÑOL,Tradicional,spider-man-un-nuevo-dia
cinepolis-el-dorado-veracruz,484,95411,2026-08-11T14:55:00,9,2D,ESPAÑOL,Tradicional,spider-man-un-nuevo-dia
cinepolis-el-dorado-veracruz,484,95383,2026-08-11T15:35:00,1,2D,ESPAÑOL,XE,spider-man-un-nuevo-dia
cinepolis-el-dorado-veracruz,484,95387,2026-08-11T16:40:00,2,2D,ESPAÑOL,Tradicional,spider-man-un-nuevo-dia
cinepolis-el-dorado-veracruz,484,95390,2026-08-11T17:20:00,3,2D,ESPAÑOL,Tradicional,spider-man-un-nuevo-dia
cinepolis-el-dorado-veracruz,484,95384,2026-08-11T18:40:00,1,3D,ESPAÑOL,XE,spider-man-un-nuevo-dia
cinepolis-el-dorado-veracruz,484,95406,2026-08-11T19:05:00,7,2D,ESPAÑOL,Tradicional,spider-man-un-nuevo-dia
cinepolis-el-dorado-veracruz,484,95388,2026-08-11T19:40:00,2,2D,ESPAÑOL,Tradicional,spider-man-un-nuevo-dia
cinepolis-el-dorado-veracruz,484,95391,2026-08-11T20:20:00,3,2D,ESPAÑOL,Tradicional,spider-man-un-nuevo-dia
cinepolis-el-dorado-veracruz,484,95417,2026-08-11T20:50:00,10,2D,ESPAÑOL,Tradicional,spider-man-un-nuevo-dia
cinepolis-el-dorado-veracruz,484,95413,2026-08-11T21:10:00,9,2D,ESPAÑOL,Tradicional,spider-man-un-nuevo-dia
cinepolis-el-dorado-veracruz,484,95385,2026-08-11T21:50:00,1,2D,ESPAÑOL,XE,spider-man-un-nuevo-dia
cinepolis-el-dorado-veracruz,484,95416,2026-08-11T17:45:00,10,2D,SUBTITULADA,Tradicional,spider-man-un-nuevo-dia
cinepolis-el-dorado-veracruz,484,95409,2026-08-11T21:30:00,8,2D,SUBTITULADA,Tradicional,spider-man-un-nuevo-dia
cinepolis-el-dorado-veracruz,484,95495,2026-08-12T13:30:00,2,2D,ESPAÑOL,Tradicional,spider-man-un-nuevo-dia
cinepolis-el-dorado-veracruz,484,95425,2026-08-12T14:00:00,3,2D,ESPAÑOL,Tradicional,spider-man-un-nuevo-dia
cinepolis-el-dorado-veracruz,484,95448,2026-08-12T14:55:00,9,2D,ESPAÑOL,Tradicional,spider-man-un-nuevo-dia
cinepolis-el-dorado-veracruz,484,95419,2026-08-12T15:35:00,1,2D,ESPAÑOL,XE,spider-man-un-nuevo-dia
cinepolis-el-dorado-veracruz,484,95423,2026-08-12T16:40:00,2,2D,ESPAÑOL,Tradicional,spider-man-un-nuevo-dia
cinepolis-el-dorado-veracruz,484,95426,2026-08-12T17:20:00,3,2D,ESPAÑOL,Tradicional,spider-man-un-nuevo-dia
cinepolis-el-dorado-veracruz,484,95420,2026-08-12T18:40:00,1,3D,ESPAÑOL,XE,spider-man-un-nuevo-dia
cinepolis-el-dorado-veracruz,484,95442,2026-08-12T19:05:00,7,2D,ESPAÑOL,Tradicional,spider-man-un-nuevo-dia
cinepolis-el-dorado-veracruz,484,95424,2026-08-12T19:40:00,2,2D,ESPAÑOL,Tradicional,spider-man-un-nuevo-dia
cinepolis-el-dorado-veracruz,484,95427,2026-08-12T20:20:00,3,2D,ESPAÑOL,Tradicional,spider-man-un-nuevo-dia
cinepolis-el-dorado-veracruz,484,95451,2026-08-12T20:50:00,10,2D,ESPAÑOL,Tradicional,spider-man-un-nuevo-dia
cinepolis-el-dorado-veracruz,484,95450,2026-08-12T21:10:00,9,2D,ESPAÑOL,Tradicional,spider-man-un-nuevo-dia
cinepolis-el-dorado-veracruz,484,95421,2026-08-12T21:50:00,1,2D,ESPAÑOL,XE,spider-man-un-nuevo-dia
cinepolis-el-dorado-veracruz,484,95446,2026-08-12T21:30:00,8,2D,SUBTITULADA,Tradicional,spider-man-un-nuevo-dia
cinepolis-el-dorado-veracruz,484,95071,2026-08-20T18:55:00,8,2D,SUBTITULADA,Tradicional,the-straight-story
cinepolis-el-dorado-veracruz,484,95054,2026-08-21T16:45:00,8,2D,SUBTITULADA,Tradicional,the-straight-story
cinepolis-el-dorado-veracruz,484,95077,2026-08-22T19:30:00,8,2D,SUBTITULADA,Tradicional,the-straight-story
cinepolis-el-dorado-veracruz,484,95056,2026-08-23T16:45:00,8,2D,SUBTITULADA,Tradicional,the-straight-story
cinepolis-el-dorado-veracruz,484,95073,2026-08-24T18:55:00,8,2D,SUBTITULADA,Tradicional,the-straight-story
cinepolis-el-dorado-veracruz,484,95058,2026-08-25T16:45:00,8,2D,SUBTITULADA,Tradicional,the-straight-story
cinepolis-el-dorado-veracruz,484,95075,2026-08-26T18:55:00,8,2D,SUBTITULADA,Tradicional,the-straight-story
cinepolis-el-dorado-veracruz,484,94283,2026-08-07T18:40:00,8,2D,SUBTITULADA,Tradicional,twin-peaks
cinepolis-el-dorado-veracruz,484,94281,2026-08-08T15:40:00,8,2D,SUBTITULADA,Tradicional,twin-peaks
cinepolis-el-dorado-veracruz,484,94287,2026-08-09T18:45:00,8,2D,SUBTITULADA,Tradicional,twin-peaks
cinepolis-el-dorado-veracruz,484,94277,2026-08-10T14:40:00,8,2D,SUBTITULADA,Tradicional,twin-peaks
cinepolis-el-dorado-veracruz,484,94285,2026-08-11T18:30:00,8,2D,SUBTITULADA,Tradicional,twin-peaks
cinepolis-el-dorado-veracruz,484,94279,2026-08-12T14:40:00,8,2D,SUBTITULADA,Tradicional,twin-peaks
